channel_name,channel_id,target_age
다이어트 과학자 최겸 Gyum Choi,UChXDq9Izwq-pTzeUWzwXL3A,large
한의사트레이너,UC_KjTyC5e0DFNxn6GIgBxcQ,medium
블락스blocks,UC5qF47U0ErUHBgK4Rgy5ymA,small
김지만TV,UCCFD5pLnLB2oEb4tPm1YemA,medium
김소영건강체조티비-Health gymnastics,UCSi2gkWNFwoMpb5Nu19EnpA,medium
통증교정 수연쌤,UCafAiwzaq1wXHIJOCm4zSoQ,small
우수한 영양학,UCxkwgIYCm3vLlYITOzdByZg,medium
빵느,UCRrZ5RYIalHLiHq5ftzxM6A,large
홍삼아 댄스&에어로빅,UCNcl4-NKaNrX0CBK3Gmd5Ag,small
약초1번지,UCvf59uLGe-VyEcoNsp15K0w,medium
DENTIS_official,UCv5oPNeMFM1TY4RPv8DFpiw,small
보이스멘토소리방송,UCkJThHTYxa9g_NMuduvB59g,small
묘한의사,UCfoYhXOvlYcQ77DFjoKVShw,small
백세건강,UCDnD2G8DJDWC8l3PxV8Z-9w,small
한창수의 마음정비소,UCrYTwrtIYWH_woB6mbgoTqQ,medium
꾸준명언,UC2V7hgTgygljIgJ562fqr2w,medium
홍슐린 Hongsulin,UCCwxxUvGt5eV1d0oNQuoGew,small
1분운동프로젝트,UC64jajnyiD8I9X-5Sg8j3Xg,small
건강한 하루일기,UCGDjp1fHJsal8ytfTbugyGw,small
한국암웨이 | Amway Korea,UCFIvAd47LFnUAAQWsvfgLrw,medium
김수연의 우아한 노화,UC-OldTguSguK0v-d21Tmryw,medium
바이탈뷰티 VITALBEAUTIE,UC5u0ZAjYsDroA7OxPWusW8w,small
부산대학교병원,UCEIt2uHc6gErZ5OhM_4PD1Q,small
한님쌤 필라테스,UCwmRBz79DCVq3v8FHBcAyZQ,small
습관 교육자 호남두,UCiUGAEAdFdVklbAuNr4pBjA,medium
서울아산병원,UC08tP3KIyCK9vYNZm5qQuiw,large
Go민정이,UCkIEhLQ_Qklj_5kI-2CVtLg,medium
다이어트독학,UCYNbAXBuzpf1-EzWxZpxVkw,small
원더풀 마인드,UC_tSje-LM1-3KBrpnRCx-uA,small
남의철 DEEP & HIGH SPORTS,UChH-OfsKn49iR5NiFmKqlSg,small
DN.Beauty Spanish,UC6djDPQBnPKgQfabG1AWvVw,medium
운동발전소,UCKcoIgqVJfhkM90ouK8TFaw,small
온케어닥터 이찬용: 암.자율신경.통증,UCrbB5oQTj3o8zkUUQMAOwHg,medium
제니원장 요가수련과 철학,UCoNhtvmUg9TXjaSm9PHiRAg,small
정희원의 저속노화,UCxRSQfYmcVEI5jP3sOwnlpw,large
자율신경한의사 박원장,UCLZbDbQXnPlTVIqp9Nf7TdQ,medium
내조왕,UCL6doUTgz_nSC05J5DBMmFQ,small
60세 이후 건강,UC4NBaUA6_-v7Ry4qFVkp5DQ,small
지식라디오,UCOGa-Jq_2wQmcefhlrztCJg,small
맨날청춘,UC0T7zY8PkU80wPYzN-50jFw,small
백세의지혜,UC0UzIcP-JjKBKZe22Nv_OCw,small
닥터홍선생 (OS Dr.Hong),UCv4rzc34JS1pl3CA9RvqXcg,large
"우리동네 유방이야기, 우유티비",UC8nMtNQnCoyo2T4-nz0iXZg,small
아름약사,UCsF_qb0oB4E3RRZsNtBMbpw,small
박미경TV,UCqkpNJhqVNLECwRQYSiNFCg,medium
약드라이브,UCCGR6u27kI44_VWM1FJa7mw,small
헬스조선명의,UCtuElSetSJ8xdK2cSebqyzQ,medium
파워 POWER,UC7656hu-O-1r8XiXU0e68ew,small
닥터 표TV Dr Pyo TV,UCgFupN0s5eAxvvgAFgvriRA,medium
당뇨 극복하기 : 혈당연구소,UCF3foF-MPoSafImUPvN1etA,small
명상하는작은언니,UCMHZrwm4m_eKiGLfPFtY04w,small
손승도 힐링 TV,UCLaq_IZgG_w6emiu9FjSgWA,small
남성 파워 건강TV,UCCZtYfsHp_zsM58mMmfWoyA,small
KB라이프생명,UCrKJwnv6-psXk6AMDg5zX7A,small
몸짱 약사 민재원,UCukEBqgp_pY3VmyWV_MPxXg,medium
곱슬전문 필헤어테크,UCSaqhjR-MsRqblP-tIaRWDg,small
박치열의 코멘터리,UCS1EqlF3NbRsn1rfWL_7_qA,small
Table tennis 빼롱요롱TV,UClEtrURnmlkh05XYsAroz1Q,medium
명지병원-MYONGJI HOSPITAL,UCIRVUrwZPuVL05S9uBOpx8g,small
노후세계TV,UCq91_PZCktLCzztCGCEF4pQ,medium
코비와 나,UCa1e1gqcJc69XD98HmGcmBQ,small
동네 트레이너 문씨 (메꿀다이어트짐 피트니스),UClGcmgF68662O9bAmKgi5fA,small
굿리치,UCOywTwTenIqiE3MqlOJQ9Fg,small
필라테스학교_PILATES SCHULE,UCegPcx8b176ex2LX3oZRKYw,small
알약TV-알통키우는약사,UCPAz1w9i2ajr4935hYNy8bA,small
연치코치,UCiSIIrRHrNv6muHyNBG7JIQ,small
구해줘암선생,UCZNP0D2Gr4g4weiWB5ZT_Wg,small
SMART Surgeries_분당서울대학교병원,UChSgAmSNGBsD-anFLLgaqtw,small
지혜백서,UCTWQLX_se9Go8SJFGQ0xNKQ,medium
메이트언니들matewedding,UCMtAX_8rOh7b81TBWaWFEsg,small
am0950 아홉시오십분,UCcTsc3kxnGnq0FwFlFcNA4w,small
김가은 한의사의 오늘치유,UC4Qv1IkLa2QgAaDeILgy47A,small
ほのぼのラジオ,UCoEvqxj4MXmG71XAbWyAkWQ,medium
경희신맥한의원,UCrJG7sgkVfICn-3_MeXiaRA,small
Dr. Robert의 건강 비결,UCKXeTKG2IZnB0CDx7REd9aQ,small
성선썰,UC7GZk0oofmBg3CtlFKKeQQg,small
대도농원,UCrib-_N4qDksH0s3gsJj9cw,small
박광범의 임플란트 수술방,UC4Nt63aVUVGDwcFMlMOxOyg,small
닥터 살루스,UCIJXye7VhSVT-7agMoZdMpQ,small
부산365mc - 지방이TV,UCN1A0pT9YtzTQBNPE6KxC8w,small
유소이 Soi makeup,UCo6ozRtUbiwYaPnf5WIBNNg,small
홈트닥터,UCaNATT80YRUcuCZ3Ln6awaw,small
학교체육진흥회,UCfnaxgFfqsLtv5piDLs12GQ,small
웰빙라이프TV,UCrOaUvaWKQPnaoUfJqI8Xqw,small
옥구,UCv3MuIE41RrT2m3PXi4kKFw,small
제일리핏케어,UCf_rpPJVcXa9xJ32s7Q4UEQ,small
Master Healer 성영주,UCx9owdsdbalU0ejMN0jDbkg,small
헬저씨,UCSA1fvrRfwWAgN-2iuGlQRQ,small
건국대학교병원,UCO73y3Xo_W4DB_pUImiYheA,small
참하지외과 CHARM VEIN CENTER,UCiHlyAgWpFxsedbIkTLtV1A,medium
KK건강TV,UCegFIx1LTAYGAHvvGq8UGng,large
마음챙김TV (최현성),UCe_u11uVzBTf76xw_quR1cA,small
정세연의 라이프연구소,UCj8zZ1a8Lqtj4wY2bHbcIaQ,large
Healing Studio,UCbSfuDSl9YPBjubukvchZfQ,small
현실의 코덱스,UC0Ajz54XeAYdF8MlKLkIJqQ,small
꾸러기 건강닥터,UC897htqSWjwPSgfCaVmh_XA,large
Doctalk,UCaCYiweMo3xsNtTRW38icKA,small
별씽튜브,UC3vuKYYunHhPa9gq9kBWwsQ,small
JM WORKOUT : KIM JUNG MIN 김정민,UCYajbktFJOUlNeu2cIfGxGw,small
50대채널,UCM5fU-eTFFHkLopBY5tbe1A,medium
오쿨리TV,UC9fmtKeuHczIsFisgYEnW-w,small
치아재TV,UCq26t4NQzTUlWJ8CrqHEglQ,small
이건민의 풍성한 이야기,UCMYFfUu0IHJTF7J4hE-1lGg,medium
롯데홈쇼핑 롯튜브 ,UCwhegDfCyzBBKZnJgs6ggqw,medium
에이핏 afit,UCRGZCFuFCwp2D_YKByrqRfw,large
하다,UClLrYUwV5coRpu-yLJ_E8uw,small
권은구_Kwon eun goo,UCv8PoI4yS3lLb5P-tGozVRw,small
경희의료원,UCSPd120sfHaijEkMmDNVdKQ,small
동영박사,UCXPiqdKeaCd1K82ZGg3ccVw,small
책도리TV,UCbaXu_mTn6ya_pabSkx7xxw,large
닥터 정직왕,UCK7EFcwENTp8vu42PVdRXGQ,small
"맞춤주치의, 닥터JM",UCnytxIobBmUuWf1kf8GiX4g,small
행복한의사 김정훈의 건강이야기,UCaPfNqobWHUC9fQTD1MShdg,medium
연세신통TV,UCDp34bAXaJbo7PT1igMMQKg,large
잠백이,UCT69ogfZc8Io6NiBFwCOZPw,small
빅마우스TV,UCbMHdUkgLjutpY5tQYP40dw,medium
메디맵,UC_IZTQQ7ScSP9oKbrDb3pMw,small
더끌림산부인과,UCYPiwyWGi-jbkpBAyQnYZSw,medium
지혜건강소,UCYw0_UhBmb_zpu6BxXN8D1A,medium
민이네다육,UCpvPF7Nm6dpEmi4WE4j72kQ,small
안과언니,UCP7OU6koPGdRgk7mCMv5dOQ,medium
건강박사,UC2-gb53qXD1LgyRq0K36l8A,medium
시니어생활수첩,UCupLKcszhhKwxF4rOcnlWYw,small
암알지TV방송,UCzr7QSvnOZ4yPG9GK-8_tUQ,small
퀴즈의 제왕,UCAfJcM064jZBOSdqnNI73xw,small
에너지힐링 Energy Healing,UC2qcq4kqvbbdHIoi5dEm-Eg,medium
이지약사tv,UCCMFTDGarjgZLc1DlIbbvRg,small
용닥터,UCaeONHcrE9ie2ZPdGVv-Yyg,medium
종부원리 Jongboo principle,UC7DmHPJiGzVxOYJt0qy7sUw,small
한국보훈복지의료공단,UCzU1v5rL8paTs1herRUgOTg,small
나근사설,UCFIWQ9OqK7FxawPFZEVnQog,medium
지혜와성실,UCqUqYA4BKYcLFonQaUjNULQ,small
건희로운날들,UCl6FnZ-V6QJ0Amuwjydmvxg,medium
초딩입맛자덕,UCg5uly-aCRfD6N7UgaOV3PQ,medium
SOOD_ Edward Park,UCEcL8vvX2V0z2nM8oXQVIeQ,small
힐링트리뮤직 Healing Tree Music & Sounds,UC1RG7m8FwFKgB3IpfN3ccew,large
제우스남성의원 원장 이석영,UCPULZ1uKpIlx0228uMNFOEA,small
일동제약 그룹,UCptOgDFSSKYm-bHl7ijd8Lw,small
신경과전문의 박재현,UCFhliquzU-5I83gMrb-HIVw,medium
"김경철의 웰케어: 잘먹고, 잘자기",UC-4yGit6ge_bXpyTqkCBxhA,small
다시 시작하는 재활(Restart Rehabilitation) ,UCVtnpN5cwtuYF-1EP72SsPw,small
오상신경외과의원,UCBe0N2MoWhVKHKEoYPl8XvQ,large
강하나 스트레칭_stretching,UCxHcczukcG21up2MBe8yP_Q,large
요리하는다이어터,UCUsoowBBnGAmhl0XBaFuQWA,large
근성장훈련소 MuscleCamp,UCO32LLnrAUlLuT-0KP4aP3A,small
Curistory,UCVSWDPRFLZZfvNG-KKk3LHQ,small
우주기,UCMpTteg2C4jYAhoSzFeEtZA,medium
하나이비인후과병원,UCCOty33v-EPEnShT3975ZyA,small
비앤빛TV,UCHIH-Fu_7HLjE3SHkirGlig,small
서울대학교병원 강남센터,UC7b852QbNlkegn8GdSkYWZw,medium
이재성 박사의 식탁보감,UCUIDRva6N0c3I10d9QOqefw,large
김주환의 내면소통,UCYNnQhFGE-EP0HrWRxMGUaw,large
채널당뇨왕,UCfTj5cD0quVuTpodSZUF73A,small
Yeji Psychology,UCVtmrt8prEpmjpy6Y7xSwGg,small
이음여성한의원 김우성 원장,UC-6BfHzSG1_ZfcQZn5PeoMg,medium
노트성형외과,UC2OIyb2serotqDyEzQYyCtA,small
Elsa-log,UC2Kxg0lVzKB2-N7tXAVQhrw,small
요가강사김선아YOGA_SUNA,UC1UYZjFfhN9CVdOfRBlGsVA,medium
두부다비 Dubu-Dabi,UC0yB3f_3UxzoCf-X36KhQ9Q,small
산개,UC1aqaZ-BRf5bjZzXs3enCvg,small
Practical Pain Management with Dr. Lee,UC1vLAG4_4x45e4BtXBZoIWg,small
"촛불배정규, 재은심리상담센터",UC6O_TSHwRzE8WdjsOC5jfJw,small
쉬운건강 (구 안지현TV) Health,UC3afH7DW6Pb4wEHdlNlOKQw,small
권원장 근육관리 [치유가],UCDjkAMGMzaYqmDuQUTD-vbQ,medium
찐한의사,UCQt6bki_yeKaMS4hLm6YWlA,medium
리틀약사,UC3iSLVH0MxHfwO69oHKpvog,large
JJ Linedance제이제이,UCeWNThqBvZOJi69eZkos2fQ,small
박민선 원장의 콩팥튜브,UCTRZZvftT1IuVyry1V9E1-A,small
이학민의 가슴 따뜻한 이야기,UCUnV1FVWY3u92tEYGqy17qA,large
클레어채 ClaireChai,UCsv1hWoDQNBkTnAJOQacXbw,medium
건강되찾기 프로젝트 | EMS 근력PT,UCX-xku_pieGjA-PAxP02BIA,large
치아살리기 최용훈원장,UC4kdPomQaD-9gz0NynY_ddw,small
척추관절 바른TV-연세바른병원,UCWk_4bcnHBfO4V2syOOgo5g,small
카이안과,UCZ76XVvVdIMLuoMmgilklzQ,small
상쾌한의사 김성찬 ,UC9bhIPpJZFJhMh7e7BP7l9w,small
시니어건강회관2,UC34-Orqw21kiUkwR-v3scaw,small
ADHD 대표채널,UCi3bGxt2tQoGaTH2Wmbh81w,small
피지컬에셋,UCKgnUtkVL8o9U2h3451sBVA,medium
멘탈탄탄 | 정신과의사의 멘탈 관리 채널 ,UCsZTB_r7ffbXIcnZmav2AFg,small
여의사의 산부인과 이야기.,UC-jDMqzWRJj16_HHyi4OX1Q,medium
물리치료사.PT재석,UCsyhk1jx2eeafzMSYhQc9Mg,large
아침동산,UCuZQ7lJnqe-LBCVjy9OYBKw,small
Tempo:rest,UCSBBghDcPUpWl7ietzdL6EA,small
Relax Gently,UCHLxiySp_bOSL0TsUcPV0Iw,medium
남녀의학연구소,UC9Bb-XcWooi5yVCng46xaZg,small
힐링루미나 Healing Lumina,UCY-OANuBvks2lBMgAfZgh6g,small
뇌가 편안해지는 시간,UC28xZyNPM9109MTC-QZ9etA,small
지혜백세,UCi3H9NCIKQ4IzcLBTGyD_1w,medium
든든라디오,UC6dzCW8IGCSpRRP9lpBn_Ag,small
하루 당뇨식사,UCZqZNpYCBkjS3b59YW27BkA,medium
1분팁,UCH4Recm0sHhd3bEc_r54YmA,small
Key Meditation,UCfulSi1BlEu5wETySe-EiHQ,small
내과전문의 닥터케이 Dr.K,UC9p63MYZE5nUKmr2RS0fNwA,large
Likesweetmango - Beautiful & Powerful Life,UC4Z0SLdvRc7s6oVO0ZpuQgw,medium
시니어 지혜,UCZbGKOabnuCDGgfNlKqxm0g,small
한국인의 건강,UCgXALihpISmnxe7FDptwvlw,small
백세의 비밀,UCNtfFNmmBnjypX-XnDHeSjw,small
연세재활운동센터,UCdThhoXBOMyTLbaKz-tFgSQ,small
박서희 정신과의사,UCfW5yhlUy-DeU5tPym8xDNQ,medium
박경숙 원장의 온통보감,UCKCLI9BYUThLn6MY23haVjA,small
백세건강채널,UCyb1ZjcHhqZm4_XDMAFB4Hw,medium
건강박사의 장수노트,UCNvZm2nE9jzGmJwHC7ZnjpQ,medium
근거중심이약사,UC_1FUQM1JpDniNWHP_7ua1A,small
키다리형,UChWJavW1PbvAkPTcB06EeIg,large
국민건강보험,UC7tsTpx4Ra-oJrjIb9ItBUA,medium
당뇨TV#,UCXfilB-iiwh3jlew8eVzKRg,medium
시니어빵빵,UCzgS8oh8QTjVwMbIPg4DKsQ,medium
SNPE TV,UCyXuz3cs51oRt5i56MUQ7ow,medium
지혜로운 당신 TV,UC2WzpFRsIJcN1drQdIbczQw,small
JUNGDAYEON,UCUyTqfwiT2sRpjxbfPyQF7g,large
YJ Care Clinic,UCRY4kdkYSPtsy6to4FEAaog,small
천약사의건강과 약이야기,UC4KS40p1OWvyA5kRNroC4Bg,small
네츄럴보디빌딩학과,UCHQj5T2MD6vD4K6Zc3We6pg,small
이상구박사의 뉴스타트강의,UCcf-zuaFCeROvAATf5UI0uA,small
인생이시트콤_고구마 VLOG,UCHYv07UtJkjSu3qDoo2he_Q,medium
모멘트핏 록코치,UChku6cgDNkiIQWlyi1TgA8g,large
우리들병원TV,UC2ATsiBGQuX_ON58mu3utWw,medium
اعمال يدويه وافكار حلوه كتير,UCAQFDZGmQQeZS4_2q5GZR9Q,large
약사남편,UCfrI61io4dNFArWf8DGOaDw,medium
 건강한tv,UCtqwpBL2jE66ZpcWylbv08w,small
실버라디오_노후건강_시니어정보_노후지혜,UC7YpVJjhPta4sJcvGUutM_g,large
보담티비,UC66diRcDsDtXqFffHD3zcVQ,small
정형외과  전문의  선지호,UC6vLOP7CPkAdfA9qD9ViqiA,small
동아쏘시오그룹,UCjvjF9hnjwXUgig5EZxADyQ,small
Dentiumworld,UCvKSX42Fxb9t48Td8neg4YA,small
서울의료센터,UCBuNljfs8MtTpcRlG8YvD2Q,small
헝그리스포츠,UCE9sh6noNA7vBPSWPA4VFZg,small
다이어터윤,UCjf97H7AtbVfrX8-35Z302Q,small
바른의사 백승우,UCDy8IPYmRu6WbDUyAs1ffyg,medium
임현우의 이어앤썰,UC-vK7SFuT0ZI4t4e9T7SOrw,small
좋은균 연구소,UCgDOVDGCIxLgrG34_rrjMjQ,small
비핏Bfit,UCUXlYdszhFOnKev2fdqZ7iA,small
나헌식TV,UCBfF9OOAAc-Vxv48qno9Tpg,small
볼매의사@닥터 히포크라타,UCyR65hQEudqUWENG5yNgTGw,small
시니어라디오TV,UCwa7pdbWG2PdpT6jqZc_fKw,small
야생화의신비 Wildflower Mystery,UCF9Ks4KdgTwnA6MuLboQESQ,small
고마온TV 건강자립,UCsRT6RCiTNrBvsJ_rJgJkYQ,small
카니비비안 carni_vivien,UCR8J54wOMKVKfuLIECaBFGQ,small
Dental Bean,UCXX2GqXsMEXnFRSxewFcGOA,medium
유경쌤의 미소학개론,UCl1wbnBjMxh0Zw38FnAS7ng,small
아는성님,UCU4Y6hJ3GaAu0BBE4z8maRA,small
[ATOMY KOREA Official]애터미 공식 제품 채널,UCHwi1XQ7a0hWJ7RoDn9MAjQ,small
백세지혜연구소,UCWQcdyZjvns8Lg2WerORUQQ,small
선잘의 FM 라디오,UCnBGIDINHIxmvjA-14cmMwg,medium
명탐정 쿠키,UC7KNZD0DkgDtAnZm0KCdhZQ,medium
"우리 아이 마음 해결사, 우아해",UCc2258li2l4AUN25pIxXFTQ,small
DR.유미의 성(性)세포들,UCJkmwh-4kFkhxT_fNEGkhnw,medium
매력적인 노년 이야기,UCRf1axswcRFRbFtpR1LqdkA,small
무강이,UCaMWoM36v8pKgVmyVn8W-1A,large
행복한기다림 미희TV,UCBfQfFkKkMCYjJ4aj0FqI8A,small
내귀에닥터,UCVYrNBxy9BiRseD5EtZGTng,small
엠디TV [20년 Only 가슴성형],UCEKTF51I3UiM19UetQqLxMQ,small
일타치의 임종우,UC65gC-98pIZzVtdHXI1zx7g,small
양악김선생,UCO3XpA23Aiw2sNXO0BPisLQ,small
통증안녕 기승전운동,UCpbJgWQKayHVUJMxDbV5o-g,medium
체질닥터ㅣ8체질ㆍ추나요법 ASMR,UCtSDStpQsON-35lDKPl6hpw,medium
힐링트리뮤직Healing Tree Music,UCP9coB9wlpJkqMHj8lXI5aw,medium
튼튼백서,UCo0zgbbB9S00lvRUCQDFxyQ,medium
HBS약초방송,UCdRcubzVjtptKPG6nJ773wA,large
KBS 생로병사의 비밀,UCiV4_cGVt-t-j6jMQ7RCrXw,large
플러스S맨,UCV9B-O-WMMBqA1LVKnonROA,small
난임닥터 비커밍,UCmVQQ7fvBU7gmLhC4a3oaNQ,small
시니어 닥터 톡스,UC4S5_P35PS22tT4CLVohSfw,small
뇌똑똑TV,UCQ7-HAZFih8Xi-iFiBL_0hg,small
안과 전문의 조성원,UC_xOayxX27Zbrqhh3h5-uuw,small
대교 뉴이프Plus / 뉴플 / Daekyo Newif Plus,UCrxsM1BYjOkGvBl_ic40uLQ,medium
어떤약사,UCpY0_3SqKzxttWPaptnkBfQ,medium
힘찬병원,UCyqvSbrRyaRq1TuRlwVXrzw,medium
나다운 Wellness,UCZdgP1qedWzdm0ybhIz14Fw,small
고쳐줘 NOW,UCGyYH219gPS8hXJmaaZ0DeA,large
차병원 CHA Medical Center,UCHDoVNV6NkgjuiCyLIMmdqQ,small
대찬병원,UC8RE8q5jZfXUTw39dot8Sug,small
미소담한의학의 담적병,UCTLeIrdxl5-_pfV67kpvF3A,small
건강을 읽어드려요,UCXOgEhSgaJEVv9U5QMEjF8Q,small
톡투건강TV,UCVC21HvJs4W6FclmYr7pFGw,medium
Basant,UCg_s4nYsikIr2X-f3T8JF7g,small
디지털 정원장,UCzoL9iedyHYxsE8mcliAH4g,small
수와진💗안상진TV,UCDrG6kIO-NiN80sQM8F9roQ,small
내친구 씽씽이,UC_Z8oaHxlxb95uVofCvg9NQ,small
의사친[의사사람친구],UC8EMF6H5YOCk-BdNEuYnkbA,large
효초TV,UCOoLHHnlDOU9yAPs2dcYNVA,large
비정상토크,UC7PnJvFZMMzzlA_H8f8sE6w,small
Isla Rune Pilates,UC1ll_4DblySYDARZcbOt3xg,large
Dr. Lee Min Soo,UCIPLKPZ1wUNiU2h3zc4iYSw,small
이웃집닥터,UCuikDblzbJZK2zkC1EDTKgQ,medium
지혜호수,UC0bQR4Ad60pOmNYL8tSX0BA,medium
모티브성형외과,UCXxA2tZh_noY5OwfruPt5sA,small
민티런 MintyRun,UCmafuqR6Iya-c0CPMOgApYA,small
이대영의 새길TV [척추·관절],UCb9w7aVmVpPCS-S2Y6Zf7AA,medium
두발로병원,UC3gt-EL1djoai8qhtQVbqWA,small
앙광희,UCmp6jXENvNH-KUgRHNe-H0A,medium
프리미티브의 전래식단 이야기,UCqaSH5Js_s80nIY3P_wqCcg,small
삼보리 명상원,UCrpGdXuJtGZqI8reS52iIZg,small
에스더기도운동,UC-SsCweblwxALNIMkoHCiPQ,large
다이어트하는 사람들,UCq4et6CG5dmP8f0xKJDYQ3g,medium
류영석TV,UCtqzRZGIxJ3vFYcwMCl7HWQ,medium
김훈하의 열방상담소,UCyBpgOlxyqZtb9Rxe6fAjJw,small
긍정닥터,UC-BXTTBjj5j5G_hIjEMyLEQ,medium
우리동네 난임전문의이재호,UC2-LIM5Zz7_wKT4Q2Iu8GTA,small
수와진TV ,UC1nOUSU9iFgJ4vNHoS_spOQ,medium
닥터까막눈,UC-NkfwYT0xOj0HFPctiRvtw,small
권도수,UC2kre6C4AHnLxiHhRlMKx6g,medium
건기남TV,UCzqCV-5wGCu9jyJj1qJ_CHw,medium
가정사건파일,UCctSb7vzR2Vbo1ZTlVPT_jw,small
이성미의 나는 꼰대다,UC4_CjZORO_saInjqd74Y7Sw,medium
꿀서린,UC-YGAXCJEwNcTiEQahOQjVg,small
간들간들,UCHB_MKGzSK_NsfIDnErUJDw,small
안경고수 최병무,UCVACuI_hASpxT4KwQ98Vtdg,medium
청아TV-아토피를 이겨낸 한의사 임은교,UCVkDsPSpnIeMoYuUZ_Gjw_w,small
캔서프리월드(암없는세상),UCTNRWtirVs4VcB4W5xyzITA,small
Dr. 배의 진료실,UCTZpc7F_5WBQlrUMK4DX7ug,small
하이안과TV-안질환 연구소,UCTjIyCaFYg3Mw35Am0v0JHA,small
지식밥상,UCUjimmVTQo9sPl8mL5Y15dg,small
코루쇼,UCLOxiP0uHdpnJx3Orxc2R5A,small
닥터프렌즈,UCVfLNEch9YxD4tX1L-crkMQ,large
브레이너 제이의 숙면 여행,UC5jSCU8FpKGr8P5Z-p-70lw,large
지혜담기,UC-jNukedHn0eyNPu1ACF49A,small
예서니까,UCgIjEp8G3-NVlboQuydlRvg,small
요가소년,UCkTRKCuFrRiXQm_gMG1uDvg,large
진약사톡,UCxA3KmxmYj6arNJJ4N8mJpA,large
동아제약 OFFICIAL,UCCMDP4zxreqQ3v5BAYK6KRg,small
자연드림,UCAcSJWSGz_oeIdKFNn8tI2g,small
유어리아 your ria,UC9KoN-Yb1swVddjsezLegxA,small
이복자챔피언 ,UCMvUCXTPcPEa7mf82Nt02WQ,small
"[대한결핵 및 호흡기학회] 건강한 숨, 행복한 삶",UCNEe0b1NWaZeYXyg238v0lg,small
오체안 TV,UC_2YuQN8sl7yFBj9BN-BVYQ,small
올라운더 장박사 ,UCEu0i8clLZcIIREJTa3HfEA,medium
뮤직힐링테라피 MJ MUSIC HEALING THERAPY,UCFenHjfqkwDFalw73fHvjww,large
김춘식의 시니어라디오,UCja6IeCP44IBnTkgx5xSovA,small
실버건강TV,UCuI--bHbfz94ohBQhCzwhDQ,small
건강지식TV,UCzDs6GlAZsYlGbd_OUBdjmA,medium
의사딸약사아빠,UCsZOzy-7j0uCb2ollAyDdSg,small
응꼬형,UCziD567hCcs0adzB1uaeGUw,small
Inner Healing Music,UCEoZf-AWt-L9m3pPEK6ywzA,small
바둑퀸,UCHDOgUy_a26vyO7jaGn7XmQ,small
매일매일 두뇌퀴즈,UCeuJyafhKHKe905pU0T1P1g,small
민쓰운초 Min's,UCKO29oHODNoM9uAtjk4VlTg,large
테리기자가 만난 베스트닥터,UC9UIlMm5Yk-ZDJIdTzoVYvg,small
조선일보 의학·건강,UCXg2PYJwE1cfhzxxei0DGmw,medium
퀴즈백화점,UCVV33htEnK3wdDLo8nmnLVA,small
삐약이 퀴즈 / Chick Check Quiz,UCp96LDaTTajrILzaOA0wO2w,small
권의시선 : 치과의사 권낙현,UCdRgh9GCeMs8Bo86QMSuiuA,small
해부학적운동,UCTWX1gbz0zKIAdpWaBDudVw,small
줌마Hip,UCvETlb8vZ6c79ehLctLJIbg,small
하루백서,UCGRj74lcFcXF5V_NreIe8mA,small
천의마신 I Dr Glacier I 마취통증의학과 교수,UC9E5K_nlzKfdNqXpEI9ktpg,small
백년청춘,UCUCodQGkYPqph8AS40uy5pA,small
사랑과 생명,UC21OCqYEvXVbYf_n0pwlatQ,small
닥터힐러 최준하,UCMc61QsqMMWWajw7m9kZtFg,small
minimalize scars Korean -lumpdoctor이사부,UCFQtb7VzPKnRisKxAqO1wjw,medium
정신건강의 숲 TV,UCsy_6x53CNBqdB3hMl9i_FQ,small
심밧드,UClyYfaJWHdCcZyg7fKFui-A,small
노후지혜,UCBvHgAwju2EvQnFl12NlVkg,small
건강생활,UCeae_8zNL3z0iDOZyIpAskA,large
Time Medic (타임메딕),UCYqdIlpFlB6uh_cpIYgo85g,small
비만탈출 연구소 - 다이어트 가이드,UCCkj5yY_oT24IXyBtkMUKUA,large
시니어 활력소,UC9v4OXZQEabcGzqfImbITpA,small
피지컬프로 Physical Pro,UC64f2yVYQsU1eILFcf65e7g,small
이명난청완치학교,UCY1mmvLNfLy_q_zBZ7IRsCQ,medium
3분 건강 - 보약 같은 음식 소개,UCj_0hHY38sHNi_AN56UYm8A,small
백세지혜 라디오,UCL6Zzbr4z7o--eGUuFTWgJg,small
노후구조대,UComLZm2S10ZrzVbJahBnXqQ,small
하늘마을 힐링센터 TV,UCAjG6hYW3bTQIhNMXRZrrUg,large
피카토 Phycato,UCBaf_e26fqirvbTAX2H40Hg,large
책읽는 헬레네,UCt05Ox0ZndGh3rrDaNMx7RA,small
금단미인 GOLDBEAUTY,UC1JRg1-V2hKxEVzGV5_yrag,large
디어다빈_영양사의 다이어트,UC0NazDJj6HZnqXR9x9HiXEg,medium
크고싶은다람쥐,UCxa00N4-xMuNZqPbTfnwYww,small
닥터 코뿔소 Dr. Rhino,UC92kH-aQbWRSLW2fhYwlSEg,small
스튜디오 상상인,UCEqaIYcv-1ES142qB8-xAjw,large
건강산책,UCfYcEPkXbrH7U5UhIA6YPmg,medium
흥따Heungdda,UCbuNfuYVnPIRIce8VEzntGw,medium
소년간호사,UCMbbDgoXKietxiTP16_3lFg,medium
비뇨의학 TV- 이웅희,UCGFMlJcTiThlU379QG1nTJQ,small
닥터쓰리 - 한미일의사의 쉬운 의학,UCkpAw1Z13syiCKj_igxK_xA,large
메디신,UCrZcOEeiGy9aNKTQubd0uxg,small
Lotus Relaxing Music,UCSKZIx1DcvALon4jHTCxblA,small
허준할매건강TV,UCkYODaB_KpINXDiZSkJoI9A,large
"LJ비뇨기과_장수연 의학박사 확대, 조루 중점",UCfkXtllwgHldHAvoqe4BLSA,medium
교정과 전문의 오소리TV,UCYCrDtDHcwQgMQs_awg56aw,small
디에이성형외과 D.A Plastic Surgery Korea,UC0wlA-w5JIt0G0EeWQf65AQ,small
지혜달빛,UCgfv-2OQwlBbTk1utIzXNjw,medium
즐거운 노년 생활,UCZNcfiTmdzge15Fxd4CLXKw,small
다까는 안까 [강남브랜드안과],UCzF54hfpyHnOppq386t9njw,medium
행복한꽃현아다육 Korean succulent plants,UCqC7PBcsyC1RjWYghkZLOZQ,small
이은아의 치매를 부탁해,UCL80zgXZuKgOt54-KUWeSqw,medium
"오엘디 티비 - O,LD! TV",UCgay59pIcwhCHVprFjxXqfA,small
닥터고의 쓰리고TV,UCvpo0SeWU4WHYr4fnGXS__A,small
통찰의학 돈건통,UCQFbawnpUomGlls8SUq7uCg,medium
암정복TV,UCydZ0hPnUI0n9tCFa3kJXnw,medium
하루플란트치과,UCifZbsAK7qRZZI11PLAaQ0g,small
Dr.인수 팩트클리닉,UCgCBlyYP7tnQoFp4gjJvydw,small
머라클 MURACLE,UCfmYdGYK5yZkXehmxKsaLRw,small
뇌를 넘어서,UCmZidjvCGD4sOaQTuWLPN3g,small
히써니데이 Heesunny Day,UCbvVFf6f1NjAj2ItRlCnMEA,medium
이슈왔당,UCYraWJcpDCC8AAunseHbJcQ,small
닥터장 채널,UCxwcZvx0ydoH1Xr-Vk3QNjQ,small
당뇨스쿨,UCZcVBt_bK384j_0iW1ARQtQ,large
한입건강,UCevBKgl8-nLrSfW59s92xcQ,large
몸이 예슬이야,UClGkQjxyUlq1trn9TlfQF4g,small
생활특성,UCmqDKYGQw0h9XYGaRbUuy7g,small
뉴스타트 박학근tv,UCGFPgroNdTYwy2j3KH5w14A,small
지혜의 편지,UCgk2IenDMIf53j-6WJB0Usg,medium
무조건당신편,UCTp5fJVTDuFmf_dVfIMF7Nw,large
지금 명의,UCgGns5mTguUQYAZvVZ-wWpg,medium
의사가 말하는 건강,UC5_R-HyIVAbvssbBvEQntUQ,small
스무디 다이어트 | 해독 장선생의 건강 루틴,UCDkbjIaqkEAQugZcWo4O_DA,small
건강백세뉴스,UC4XSoDFDKr8GOLtIOs1RW-Q,small
건강 스케치,UCDGiDdclwBxH0xWWSIyA4zA,large
일타퀴즈 표선생,UCg5Aq9v1veNYHA87l7I7PRg,small
건강 똑소리,UC_ZpSj2WGAEg_BnD1UpOUgw,large
건강백세TV,UCtu0acuC9eJeonExvLdybRw,medium
박민수박사,UCc-6X3Z4msYR9Qt1vF4XH2g,large
Mellow Night,UCv3nPc6ezhkU2ydrSljiXHQ,small
당뇨병의 정석,UCsVB1GWF-NH-RTxJax8XA_Q,medium
약초로 백세,UCC-eABUxQLWErgabW-IM0nQ,small
여네모,UC2ay36g9UbHyVHs4goETc8w,medium
지혜로운 동행,UCktVWoECIiq_1o2dyUwG2Qg,medium
소우주한방병원,UCfkI7-mN-3N2KFy88ddxfvA,small
서울예스병원,UCuIbvJLil8H5v-lGw5OIZbQ,small
낭만호구,UChKuP7Iw0bLekMRr4skZPuA,medium
슬기로운 일상,UCeDdpKwew8y5xK7mrWNtV4A,small
우리 모두 튼튼,UCOUzm2Kw5nKAwyDd1ewjXwA,large
싴 - 내가 찾는 지식의 모든 것,UCjRFJmI_lFlLkEu0i2gCZtQ,medium
분당차병원_CHA Bundang Medical Center,UCQnbEcKjCBh-lEdX18Jimgg,small
건강한 하루,UC4iSYAD44__BOG5MDuksOgw,small
몸신한의사 한진우,UCI-rCNlQcB1Z1XksQxMSBKA,medium
김현욱의 지식의길,UC682EBeAEpHuXHcUAZ7IVjA,medium
닥터리TV_비만 치료만 30년,UCIjwtJ_Ib0hMkarB2j9zYQg,medium
명상가의 쉼터,UCofrUcsfPeC6rsJaLfstiSw,small
"토킹닥터스, 토닥",UCjy9K1vCRO73pFawKOLq1MA,medium
지혜백년,UCE27Igr1GIxF3OVqsLyZQVQ,small
권혁수의 알러지스쿨,UCrilcgsaQxYFSPDuxORRL8A,medium
epilates,UCbAzZlYBcFEG4F346NUpYtg,small
귀사남,UCMah8P8PJBAy8kXbrVgedqw,medium
압구정서울성형외과,UCqNtVCL2u5Xvx74ymboxDyg,small
"운동하는의사, 닥터스핏",UCZ183HjAS3gpO0tpasKoSOA,small
김진오의 뉴헤어 프로젝트,UCB1_zmwX--s9ccT0dNNFe8g,large
지식팡팡,UC57BIGNyMlnD1T3jlYE02lQ,medium
김약사TV,UCbnee-jEedrcVIAzO9vr8oQ,large
시니어 가이드,UCcibY0ceQKmlz6eOkOLx1Ig,small
새힘라디오,UCPkU9Vm1tNsQVT-LpuT_Ifg,small
노인 건강습관,UC51ZcfIoWR-FQR4AOLQ4Z1Q,small
발레하는 펄리나 PEARLINA,UCJSp4GqXKkQB2Um0hhgeM3Q,medium
닥터덕 Dr Duk,UC9NCnL0ZJmx33uL5GtkvsyQ,large
지혜 안내서,UCdLYgYQU3W3XO8Z7Ov7TDUg,small
건강채널 민트TV,UCySY2OPx0a6dwa-VgF26Hog,medium
강찬 교수와 함께하는 '정형외과와 발' 이야기,UCbFZGQ30KGGDGXu-M2ouC3Q,small
송도신도시 청춘4구당구TV,UC44IU9FLOYWYdA31ST-ZTvQ,small
알기쉬운 이비인후과 (Easy ENT),UCym5PVQyD12kIRART5VI-Cg,small
초기증상 자가진단,UC11DPi0BtPv7avqHlOGK2Zg,medium
아만보! 아는 만큼 보인다,UCwqWwzG89LFOkZuODlT25gQ,medium
닥터이걸의학TV,UC0uDCG39HbyPybXq--q4vfw,medium
헬스인뉴스,UC4CeK6-TyIxmdY8GsTuGwow,small
재활의학과탑팀,UCWW--vYvkR604lbGg92J2_A,small
송준영,UChNDIHBxpkgcR1SqURb0MJg,small
 요가배 | 뇌과학 치유요가&마인드  ,UCSPI5jM1Y4-QeU5twweENJA,small
KSMO TV_그암이 알고 싶다,UCMAXvVcwlqs4hk4FnWBYO7A,small
탱자마미,UCMd7fLTSsu3R9POCqNPNXSQ,medium
힐링무브 Healing move TV,UCjkTFSjTlZ3HfTYsh6axzSA,medium
너너블리,UCyO1bz7I5ftf8V0FtSfKrqA,small
Dr.도도라파,UCRUf2cB7BnbJhjcEmDYsPEA,small
기역,UCaukJS52o7NLChYNUNC1RpQ,medium
다시서다 - 체질한의사 장원장,UC9jtRNQ1W1ltvYL7iR03Hbw,small
광교 휴내과의원,UCb2nSnOVFmd2ziYz9QXxPHQ,small
박쌤의 개발새발,UCxOhohy2cZHuJ67leDWZMPw,medium
재밌는 게임플레이,UCfrVbTUXWWYSps_OR-j8n0Q,medium
질첵언니,UC63STh0D1LiBvKf7FPOgyyg,medium
신재활의 무릎재생 ▶,UCI2XyZ4i_5ui7vM4QO95EIA,small
착한언니,UCLVrqcbE0yH-gJnhHnU3VIg,small
안아파연구소,UCucuiFF6L8tHrhbwfPe_Zcg,medium
마이나슈TV,UCGdJG9d0OaF--aSYdB23ZMw,small
영양과학자 양과자,UCY-mXLM6DsS9cmSwlh0tqSA,large
하개월 hamonthly,UCYnxGaBJ2NrdBhjqjW1mtFQ,small
훈요가x요가트리니티 대치,UCaj3-or-1r_FgFDz1M_az0A,small
Queen Solmee,UCahWSp7DQGJfXU1UX2BuqBA,large
돈키호테박서흥,UCOSvlw3JVFZzl00NlQsR8BQ,medium
Healthy Life Journal,UC_xYZxg-iR-7dvRq5lgELXw,medium
"노후지혜TV_노후지혜, 노후이야기, 노후지식",UC6FvkZJBSdggqFvedVvrlpQ,medium
별빛노후,UCkppaBlDkqm_wwbBbiH0CHw,medium
Dr.고정아,UCoi9u6GXET-Oh4y81ooO31Q,small
민들레한의원 다이어트 피부,UCVQzUdTQcc_ziEphUsD3g0A,small
레이델,UCkYpGCnJfxXqJL80HxHZQng,small
8체질연구소,UCQXnPewQ9MDYJKlp_3gvVOg,small
한국심리교육원,UCsH24sxk9CMIwtsjqodI55A,small
실비스 SILVIS,UCuYbo04q59jhMWw9uPwVY0g,small
한동하채널-HANDONGHA Channel,UCAsZox6EymL3vaLqW69sSyw,medium
One Day(어느날),UCCHjvngcFIEYLvypeHLvrpQ,medium
암쏘왓,UC7MBoaHG-aV3_MRIrPMzahA,small
허브누리,UCvFWiQVFDPCahy2bs_G0sYg,small
푸드닥터 심선아TV ,UCb9bg9e0IZ0ToLtuLOR0img,small
습관연구소,UCZv4sCOPzI-1lj5nc78Pcbw,small
with EUNJI 은지,UCwPCE1Ct9KkbGRudNCfURVw,small
임지윤라인댄스 Jiyun Linedance,UCad-DXhhQL3WYdK_OjM4ulg,small
비니BINEE,UC8tr6-Eys0CjF9h-yAte9Gg,medium
분석좌,UCvAcpJ1pNb_BtW5uO_zrL1Q,medium
Gillette Korea 질레트코리아,UCsLPMQ1AUrQPduAV3RaPzWw,small
자생한방병원,UCpwd_VdrwtnanBP5V_ZK1Hg,medium
연세우리병원TV,UC8FmfF0Lts4iq13nxKWwzBg,small
노년건강이야기,UCTFax5gXUo12B1NUFsAT4_Q,small
다이어트 해커 이서울,UC2CmamCD9CTWs4vo_t_gt9Q,large
산돌의 사랑방,UCcSOP99SWdfWWJjI1Cpm4JA,small
이세나 의사,UCg-FXS9pTbM4sNe4IfWymKw,small
신비한 지식,UCnrM8A56BoILYgaEAOJCZnA,small
아름다운 노년,UC7CeVJcJsKZZ2QOOh9n1srg,small
윔 스튜디오,UCcCCMZwS2XuPB9U1-ImGrKg,small
ミドリの間違い探し,UCyd3PoCl_I6nhjT_ebosXuw,small
닥터윤의 바디코드,UC9VvD7mZmX9AKPKMnlkMc-Q,small
박민천 채널 TV,UCLubZlH0ndj2sXlIl_UpesQ,small
분당서울대학교병원,UCzp_EKglYlon4-hOCF6tdfw,large
하제용대한민국 가장 힘 쎈 남자,UCFJEWuZbFj2eyD5FKcBlZnw,medium
조은날하루 Joeunday,UCyN0Jud0f0xrrIwNsVYDU-g,medium
유해헌터 강상욱 교수,UChvjYwcfwd_ZSpBgLlkoGpw,small
몸이편안하니 ,UC9gxwX8JWPGConRI1rW75Ug,small
황해연의 죽염건강법,UCTnMxgDGfaeEphIEoaCrm5Q,small
혈관구조대_청맥,UCGNtVzTi0VM4T_fOrXstv8w,small
지방쿸,UCDOgMBIqlZRyyImVB5U3ZMQ,medium
여강사의운전교실,UCYM8YM6m_U-GURom-mQ4GUA,small
Wanhee 완희,UCOual_eH_ddguQGKbWc36YQ,large
폐암 무엇이든 물어보세요,UCUTt7wfoueMsWsqZup9CfvQ,small
CloudHospital TV,UCmk5WDc1-ZMPrzvjSpkAA2g,small
올리브 다육,UChsDyaSqUy1cbqw5CrmWP4g,small
울아들 _행복을 위한 빛나는 지혜,UCq3blAW0AsusU9nqmcXnRgA,medium
다시봄안과 Dasibom Clinic,UCoTYFFk_IIhxRL6DNPhdKuQ,medium
닥터딩요,UCedNxnMK3b2-_hzqLyo4stg,large
dahye Jeon 다혜밍,UC-yOit3UEMP454VsHaqf8ZA,small
대한심장TV,UCiDyclfrDIHe11ve7Gtdw_A,small
블랭크유 BLANK YOU,UCdo9o2TIHWX7PkS84Ez7cTA,small
가비쌤,UCdn9O0bDIC8lZtGkYePR5QQ,small
바른세상병원,UCBdio0WCeRqN6iSzODb_KOw,medium
민이맘의다육산책,UCf35hICUHra9_xMSvI-9NCQ,small
네오바이오텍 / Neobiotech,UCutJAdRH5iOCff0mhP-JFHQ,small
질병관리청 아프지마TV,UCa7-3Zvxg-5Rfxgu3RQY_gw,medium
자하연TV,UCsHHEnpc9lUZXPQZ5I8c-wA,large
새마을운동중앙회,UCr3zzzCBXhRjUTN5W0TqMRw,small
이재형원장의 통합 암 정보센터,UCkLmpaX74uSlp0Renj9va-A,small
샘 saem,UCyWSTXEurIIRwpNV9_iqovA,small
굿닥터인부산,UCvpwvsqUijWVIExvXfshWEA,medium
아이루미TV,UC_nRrn_riuQbOKgAyb_IOWA,small
이화여자대학교 의료원,UCzg1Ive5NEVKeTEfiopLSUA,small
바른몸교수ㅣ목어깨 치료사,UC-cek_fEjw_l8gX9Ke0Q6Rg,medium
통증요정 김학조,UCo_JzTom6eRlh7UttLZq4rg,medium
양닥터,UCZMl1lsaz3HqqLWye8_VLdw,medium
두뇌활력 연구소,UCDsHMTplRfN3voJtSV2X0rQ,small
린다이어트 Lean Diet,UCt4P18eL_MPmTpuTFA5xHCw,medium
시니어건강학교,UCflvs-PqUNjSGvH9_QGKP3g,large
다육이노리터 succulent noriter TV,UCkkPLRLFmIbHdi0J9qAb8jg,small
귀코목수비대,UCjD40Jy0I0VOxfE_NmJE9Qw,small
건강구조대,UCatDnMlI2LI2dDb15BuZbAg,large
에일린 mind yoga,UCKmEDAD5k5KFMcY5wvGIeGQ,large
김소형채널H,UCuFGPhfJlIngZaC2BjLaJdQ,large
사랑합니다,UCLYKBuBeAFt12Bzy0X-aWMw,small
GREAT DETECTIVE COOKIE,UCKxQOhOP24zDieuNHDhPzZg,small
 시니어건강,UCgm7G6iEnUqX2IudIH2tiKQ,medium
장길성,UCY6wFlA8TR2lRDXR_52kc0w,medium
나는의사다,UCjegsOAf5nOCfLfMpLyNj0A,large
PM11 Studio - Relaxing Music,UCP4WsWqUQAWZb7e6J9G9YxA,medium
엄마들을 위한 대사 다이어트 /  매일감비환 ,UC6Mf-wiyKvWup51wgGzjE4A,small
Sunny Funny Fitness,UCTAcO7MyXetuvExV7Lo_L6Q,large
김자영의 미토TV,UCBj6yA2pg3nVr4EjDcybHYA,medium
유노튜브,UCrEe-LfBLXA1-bTGS4bWmtg,small
국가암지식정보센터,UCnHq2L1NAGMpb_VE_4wiSUQ,small
김범수교수의 발편한세상,UCwyQf2cWzx1xm7JWZrXcnUw,medium
eunn ,UCtvF3qOM4qN3HKhDBt6Nhmw,small
대한건강,UC5etMYZqJUG_gS9F2wSc5Aw,small
"우리동네산부인과, 우리동산",UCpgoxljexZ23-K5dN0-6hVA,large
바른건강,UCkARt3BEOlHCNtLPVuKZgQA,large
엑스플랜트 (xplant.co.kr),UCEaJHTyVOTy-EnSiPojvQJg,small
Resoul Relaxing Music,UCNfx3Lk4eHKHIG9na9wxoTw,small
옥이네다육이,UCF89PBPRAyqDtps-IvAV6cg,small
이재영 박사,UCkfkyYKAQ_NoZWVuBM7eh4g,small
다시 청춘,UCWupWRVfGxqARiSDqZkMhog,medium
백세시니어,UCRIEZCglywEHWUgti3zcnzA,small
"음경확대, 조루증 중점 비뇨기과 닥터코넬",UCcFfwiQzKWfSXPRm2uwTmmQ,large
탱크약사,UCnHz9L-dDd_snUdOoHnq_4Q,medium
MSK MRI Jee Eun Lee,UC4bw7o0l2rhxn1GJZGDmT9w,small
지방흡입멘토,UC_-fuPCHE0FqKYxyzhiD39Q,small
스타씨드-starseed,UCm_iwtc0e3VbiTFRdsrzzPA,small
안까의사 [강남이오스안과],UCLH1kOXC0wBah9o6NeOroYw,medium
포디랩 구원장,UC8kg8qjjXCe2r27AduZzE4A,small
와꾸짱쭈늬시즌2,UC8ioxxWdxfUq8cUKjozBkgg,small
씩씩TV SickSeekTV,UC8TdJIAyDUcuYr2AJ7UzCNg,small
JTBC Life,UCe-gh0jfKlR_EvsNyzYphww,large
이지아이 언어치료,UClZK1xZCHZl--IIB6K1nuHg,small
유방건강TV,UCaKrG62q19ueUKDo751PePg,small
닥터 조커,UCDEG9dOfuBfvUZHnV03fsTA,small
WITHPOP,UCmAu1qMmRgStKu1bewXOmOg,small
조우네 마음약국,UCUxmgtFk6xEoMz6OVqNIgxA,small
백세박사의 장수라이프,UC-XDC7d8CaIZmWQ4pxIOUqA,small
최일례tv,UCoJptJ2l3VYXdsE5xgz6RlQ,small
마이리즈스토리,UC_e0wZaIe8Z5e2ZSqN77B4g,small
FitBurst,UC00-W8j2qHJy83ONqoaM5xQ,medium
코비진스,UC3l1qgrRx8vPan82wDc3kNg,medium
질좋은 언니들,UCMyHgLyD-7EODGT4V7XATtw,small
Oneness Healing Sounds,UC3Yhzr4IRUyIPl0m_L1bkDw,small
루이빈치과 류지헌,UCmzK71U9c8w--ejwOTiELgg,large
쿠크닥스 : 멘탈 바사삭 클리닉,UCRU0BQP9sA2UAZYMsZdEyuA,medium
시니어 튼튼생활,UC4k9vS4YntHp7mR3Qpl8CGg,medium
강북연세병원,UCUjLTnftBc1ju9R6hah1lsw,medium
무브나 Movena,UCTDFr-lur2d3dNBRwF0N_HA,small
1분도수 | 목 전문 도수치료사,UCWywSxMIVgYcE8lqPCwHWfg,medium
정신과의사 정우열,UCXe8kMnNwdBFgW3Kb7baFcA,large
척추보안관TV,UCVfdslG41OZ7lEYjbfgIPrw,small
일지의 브레인TV,UCX7JS79iJ0AjpeP_21SpD3A,large
광벽의 소소행,UCLWGXTfHBcdV-nHhaXqBRwg,small
수호신당구레슨,UCkl4YH6GVz6QwT-XLXSMw-w,medium
김아랑 Alang Kim,UCqLpXUYCykYLInJycJ9W3rA,medium
DJ저요,UC2TkjSrLoQi8PgOTDwJzWgg,small
배석철의 비타민B3 LAB,UC_UTXwnRNWyyOpW2VH81GNg,small
"당뇨, 꺼져",UCrYkMzMwPwzEipZpXSedJJg,medium
또이어트,UCxKLvDDM3gXxAvI5J8SGBsA,small
비비 진주 bb Jinju,UCuCQDwkymJKmMAk64x1Q9mA,small
뜯다,UCQxLSQdfRHevLsQstMsTa3g,medium
발명 [롤토체스],UCcJliZnsRbNw4I4uWSGq_wA,small
정토종淨土宗  Pure Land Buddhism Korea,UCVgs5xVU3EoEvR6yNJoxQ_w,small
정우석,UCM5PEAoFtNy4GCL5WYAd1oA,medium
나디연세외과Nadiclinic,UC10AAy7YJ5Qbq5rJyH6JW_w,small
Korean Heart Sutra,UCQeMqUr-7SfHTGAJo0mwE3g,small
쏙닥터 류수형,UCB19vKHElP-PgrUnSjtxeDw,small
닥터라이블리 - 모어댄뷰티,UCFfa_-Gvxe2yocNTTgwThyQ,medium
빛나리_성악힐링마스터,UCRYnUUK7uJYO29FVz8T4e_A,small
만두형 정지현  JUNG JI HYUN,UCzSHnaKi1jVYmCeqmkTYkUQ,small
닥터광사부,UCtddk8OgBk2ijy7S4zkqoOQ,medium
통증닥터백선생,UCDumz0HIZCJ9yQRf72KpN3w,small
중국탁구연구소,UCEn_SuU2BIzIzu7-x1vFv4A,small
Gabriel Dye,UC25yyLjZhqDaXarwOz-JjvA,small
퍼니헤어 본점,UC6qKucW_u3H-Wm7BI3uxogg,small
약사 메디슨맨 TV,UCr8tJHAIz4MOOwgdt8H0ceQ,large
닥터스토리,UCP5YHr1g0MoVPGfIR-w2p7g,small
굿닥터 김태균,UCuqvo3Sona-273f0XK2qbXw,small
닥터BTS의 유선방송,UCwumnYuvftvHHQcC9A3EexA,small
지식한상 ,UCw8hsZYZcasyyLrfOFP8D-w,large
육아한방,UCfCmwd1TAshuvZ5br2lBr1Q,small
올바른TV,UC4KBmiJIUVwV4-8Ah9NlJcA,small
용인세브란스병원,UCe7f-PQyyW8t31z9dhVGYMw,small
콩튜브,UCkF8erW7v2pDtWHkUsPbmPg,small
페이보릿 퀴즈 • Favorite Quiz,UCEVNDiFkaojXxgvYRmb9CHw,small
시니어 건강습관 ,UC6Luq_KN_-1L2TvWTEWzXoQ,small
휴바스코리아 HUBAS KOREA,UCPYwLhVKQ7X0l66Q2jUp2FQ,small
백세 인생 이야기,UC4rz8qyTQb_UGmRLuEgIacg,medium
체인지TV ChangeTV,UCkX_5MkrSLN03J1rRyB2BNA,small
YoungsamKimDDS치과의사김영삼,UCuDuuJSFZPhzDnhXWZFuPTA,small
박지영박사의 건강돋보기TV,UCrc--8Z5wbsx5w4AWhdP8xw,medium
수산나Dance & Fitness,UCyUyT0W276JnExRciVw764A,small
라리약사,UCtpOLiqLwtq9NCFTNiqL1gQ,small
옥황궁 장군신당,UCPxdUQxQ0mdcqrSgQSvEUwg,small
주유천하tv(번개),UClU89e_lsxVDqWcCinKF3fg,medium
더스완성형외과,UCcdT51I_qiOr6wzw8F0ARAA,small
sarangkang_강사랑,UCPdxttikGBpKqnqteyCrh_w,small
홍순래 박사 TV (사주.작명.꿈해몽),UCKGiDTAcG-TkT5v6gBCoEEQ,small
더건강연세 재활운동센터,UCJBIx-AyBTe0lLfr9ssEe2Q,small
교보라이프플래닛,UCQuD_FVxA12mWP0V8hZjuEA,small
채찍단,UCV-h8UJ12Ed-pTi4_X9mDEA,medium
백투에덴TV,UCoZihnVnmw1tMsXOgw0C_Pw,medium
노후 예찬,UCgxx0kTeop5NUUjrHOiM0eg,small
허벌라이프,UCwm1cv3sQZkKVsUWvkPZafA,medium
Music Drawing,UCe_z-lf1t3vPM0FE61ILj9A,large
RELAXING - 편안해지는 음악,UCl6lvhQwAPChMxvGtkXWHgg,medium
오쿠ocoo,UCN-KjQV6Q1uNEjcFx8jZvHQ,small
더홈트,UCuiM9mzDJi1_R15rHepZyGg,small
유안티비,UCoYIXnzEHlfoKn9DSIqug3A,medium
탁트임언어치료 (탁트임언어치료),UCSu-dq88EeczcuyQCSWUVkQ,small
제애정형외과 (구 금메달정형외과),UCYlDZTMBeZeKRJkDs41uHFA,medium
황혼의 사랑,UCOFZMYjmT1SDAYjxS_P-y3w,small
지방흡입의 법칙-빼TV ,UCa_lZt0iz0hAoob_O1l3onQ,small
백세지혜길잡이,UCKm4_DlQnY6U6SXVeDGDMhw,medium
백세시대건강,UC1eNPF-cAKFg-qzgmCsWC3Q,small
을지대학교병원,UCfoxBn16vNhDeOktAuya17Q,small
치아의본질 강정호,UCKRu9cuY5GZcpTBKxF4_nfw,medium
서울부민병원,UCGvEE_C5SVxXL5qW0_UhZqA,small
전대미문스튜디오,UCv6nXR8A-wSidnF6H-2wQYg,small
김수진 Sujin Kim,UCl6OVdZRMW9RftYczBBXbjA,small
다고침TV,UCjGx_2Uou9af1Zzn2l8M3LQ,medium
열강,UCU57eXJqnLIIra0FxiBVQ0Q,small
고운,UCermBTTTr559dzLc0QMlTSQ,small
닥터로미의성형노트,UCO_MXYZzB5vNkdcCWUXz5Rg,small
요가선생,UCwSqWpGQhwOM2GiibDsilww,small
K군 연애홀릭,UCI6XQ-Z1DWlkQqIf7RyEq4Q,small
이경희 TV,UC8kd0NdrjnZ2Ka2steSnsSA,medium
간보는 의사언니 유정주,UClnndXUYc3AMKqIUN6BwefA,medium
밀끌당구tv,UCky40rg5PLsCm7pbSWf1YTQ,small
강남 강원장,UCXLd-4PmJoGDOJxZqWp7GYw,medium
백세건강TV,UCYHpIvm36CCixqH-svJDDaA,small
손제용의사생활,UC4Gs81NQVfqfnfxYXm5bJ0g,medium
365노후건강,UCQPvsX6gTWhwMu1XXZULrsA,small
건나물TV,UC6xugt5HrbJpVMUQvnTkulw,large
티키타카 Tiki-Taka,UC_Gj-OX-QeE814ttqYbJ30A,small
부민병원,UCTXUOcXH33AxRSMInyVLriA,small
모디헤어플란트-모발이식·헤어라인교정,UCtjTk7R9heRWnVNS-KdgpxQ,small
뽀그리 bbori,UCRq4EGdUsNwepOHGoZgOUfw,small
선한목자병원 이창우 TV,UC-_CuutNtAACqG97cZMNUZg,medium
콕선생님 (콕통증의학과),UC-deqx7nwzcJzRxQjUtMPiA,large
창원복지재단,UC16GoMyX3ViQYfBDGrTrAYQ,small
구동명TV,UC0Bt5U9hYnJujp8SeznYcsA,small
후후비당고한의원 - 대사질환 性지식채널,UC08pbeuzAK3uRsdrma3Gx0Q,medium
닥터스TV_Central Seoul Eye Center,UC-lxBJ5w49nJyQZ1XeEpfSA,small
힐링과 건강의 시간,UC3--BXTHVDUvkPIfQs0xxXA,small
KBDCA 한국혈액암협회,UC20TsL1C5nhfcAx3JlgkZLQ,medium
자율신경상담약사 이지향TV,UC0i_lpWj-xNPbLFqcpSaS6w,small
간현배 KanHyeonBae,UC3cSU8yLcDNZ419JNX--o4A,medium
놀러와 약국,UC3WZiUWd3RRPOdBSQH0cJLw,small
이동욱의 백세건강 TV,UCpKHS8_xkkS23d23n3Wk8yw,medium
운동하는코끼리,UC4e4ETQSeiKGXKhS-9zNjwQ,small
Dr. Dylan의 건강 비결,UC3454ef0lSLjBSjmKH0bs9A,large
시니어톡톡,UCoqkowjp8Fju5pB5DXrxlEQ,medium
알쓸물치,UCm3IV_RvXMOWczBbarPSQSg,large
백세지혜클리닉,UCXoYS_H6BKhRtWr9OSCuGjQ,small
시니어시니어!,UCHhtRT2BHQvgIuxpuKiSLkw,small
백년의 약속,UCMH-1eX2Gc7R1lO0iTEdgxQ,small
내면의 각성,UCjWdV85QsIWEQcXiBwH42Ag,small
관절 알려주는 의사_뼈선생,UCgSEPdXabgtvuqTKK9k5FGA,medium
맥스 리포트,UCzslvCCAlV_rhP_3CjAV3mQ,small
브레인바이츠,UC54kBMge_LJ6VtljXMOFvDQ,small
시그니처 테라피,UCbhJIg7hyNxVkn430nIAQbA,medium
Beautiful Relaxing Piano,UCvhNnJwQzJzQL_-AI3L7jgg,medium
예스건강티비,UCuVMBtgTvfP3E1-r7Xb7kTQ,small
입튜브,UCRgIczggxkiuMiOk1NOGF5A,medium
밝음나눔안과,UCSFKRy_oaRKNVWLBuCRxS2g,small
닥터진TV,UCpEh_i7YoCmTGw0gQoPkO1A,medium
건강해,UC9tzL_CdwT4wOMt5gdxmdEA,small
HIRA건강보험심사평가원,UCUAkzi_UHvcRBtePXePfsqA,small
너와 나의 은퇴학교,UCCgMUqWfLg3plThNaIemW8Q,large
지식의 맛,UCG5LBY-JUvHYotJ8ODBNsNw,large
EBS 건강,UCKdvqF-mmgiifS_pinO_bRA,large
소리탐정_쉽고 친절한 발성,UCKPQTCyNbavWRvuI61EPikA,small
제철건강,UCedl3ClIwMtTdmHeiiS1czg,large
Brain Quiz,UCvAV4gD1Ocgtp572RTwEjyw,small
의사가 말하는 습관,UCjIGsvWW_UOGJWTMzZ12qdw,small
닥터벨 DRBELL,UCdIdgmrsh3h40jvxDDbSu5Q,medium
위담한방병원,UC0_vsuVa274JQur3FraxuaA,medium
세브란스,UCIqNAJC8l8rCAXOZPyfyG0Q,large
보여주는 약사[ showing pharmacist ],UCtX7uYBau7hGA05yWWhW4hA,small
한국 비뇨기과 의사,UCFvqCNfCGvVsuU-DpNcIXNQ,small
Yunchan Lim - 수면 음악 프로듀서,UCdbicYdErYTR-J4ZTVz6kUg,small
건강 다다다 ㅣ 종근당건강 공식 유튜브,UCQZMRnlvOPXLKfQ0a0MdTIg,small
불교 노래 모음,UCT32yJHkouI8pecc0KJgd9A,medium
서울대 보라매병원,UCUEoRTcgmZbaHY9BGw_iduA,small
진푸티 종사,UCWLFdU87k8fWTVGjTHdmhpA,medium
제이수란,UCQb2SRRFEODl1bygGiMJGlg,medium
Dr.살빠체 | 살빠지는 체질,UCXdiVIF47obg_2RodbrMI9Q,small
비타민신지니 VitaminJINY,UC9trbyGOOjJmMea3w6c-e2A,large
정하윤-개구리누나,UCJBVI_x_ecMZMFk-8zkxt8Q,small
지혜롭다 : 삶의 지혜와 인생사연을 담다,UCBqUpQhb5nVOI2g86TANmvA,medium
서진원소장의 바른수면연구소,UCuDldvhPJRC3dzBICSsfNJQ,small
디아지트,UCJjwunfIpTvVsJrWIeiprlA,small
강북삼성병원,UClp4EdAwhySzqnMWjKnh0gw,medium
무나홈트 Moona Workout,UCMA_DTVCzlALpD8hfGmYAlg,medium
창발검사 [기생충검사],UCapWuAFvGYLUpQ5yD4ogpnA,medium
박성준풍수연구소,UC0klmuY3t26aZDJ2nMUIMQA,medium
대한뇌졸중학회 Korean Stroke Society ,UC2b86qNxANE_0lQ71WIS06w,small
라이브치과병원-LIVE dental hospital,UCQfnv5_Rrq7NPXMsuxu3Bpg,small
황상민의 심리상담소 : 황심소,UC7uH82-KbrcVDESEcOdR-Lg,small
울산대학교병원tv,UC8ROuDBSY2ZU5Vn-67dvLyA,small
라일락향기,UCAlsJY36tW83R5whyqXHZRQ,small
꽃차교실,UCBZFAkHXGvOH5QFsWNAUpTw,small
대웅제약,UCYYPkaH7fNysLdBjJa19v0Q,medium
근막의 신 수키원장,UC9jP3qBjMc6Vfpxrt2BEd7g,medium
서효원목사 말씀치유기도,UCCgMy7YlE8GOgb4OgFLHZzg,medium
김둥 Kdoong,UCgg7EhQMvdAOnsDWtYShk8A,small
Pyeongkang,UCQIQp2EH6nOI8tjdOSmGujA,small
엘빅쭈,UCY1He4bONsPMrk42HkFaK7A,small
통증 해방일지,UC4fXvuz0piEYPKRQJzLJDJA,small
연세사랑병원,UCWoQqwKkrSm0ximdovQ0BGw,medium
Michael Sealey,UC9GoqHypa-SDrGPMyeBkjKw,large
아이엠TV_마음공부,UCa8wnCd7PgB5ohcxwnl5zXw,small
이어드림,UCkjUtRF0YCo6JC9hpNn6XrA,small
불량청춘,UCtdOoRIMA4IXGc27INBiZiQ,medium
디앤디댄스 & 홈핏 ,UCVoM4YN4pwYiQjv_OpMFEAg,small
유사나헬스사이언스코리아,UCy85dXvlDH-9H9puNRRGuxA,small
엔젤요가 hm yoga,UCGinIE64fsCIHQAV7qJGG0A,small
지혜를 구하다 : CBS 지식교양 채널,UCiUGplFMBmDuA1f9RNpoNwA,medium
닥터U와 함께,UCDxgrjdpI7TWVf1G8uJOztQ,large
율무차,UCHP7gG3B9QE9DSEoBRXmDyQ,small
YURA LIFE,UCFnx5pb5KhDBfPwJiTq5M-w,small
세계적으로 유명한 운동 정보,UCo_-ny9SP5Pbz8KM1KKchbA,large
몸수리 (구 운동한입) ,UCJX6qbVj0RvvrjlumQBHGtQ,medium
홍시약사 ,UCnLco7OATOdpjUNteNYtsfw,small
Music Therapist,UCQ1BvUkWenb7uSnLuM5wxgA,small
호감코드,UC0bvOTfZywOvh_1jCUB62Pw,small
최현규프로[Think 골프],UCRX6YLuWkLKbXfoWmZ3OF-Q,small
백세건강 상담실,UCtf7gOSRMLSTa_RwgZ-F67A,small
유웰의 쾌뇨드림,UCakdT6MrZrDTXrbgnpZtV_A,small
해통소 | 통증 해결해주는 연구소,UCoce22wGdMFOxvStdEruWyA,medium
신바람건강정보,UCPjQRj2W1zYyrNYJQQwj4HA,medium
Dr.전미경의 닥전TV,UCiYigCQLXMaTQ6GTatBAYPg,small
실버담소,UCbSh5s-riJpRuVyOI2uYTMA,small
닥터포유,UCKnp3hst7gwx47lyR3jqi6w,small
김예현_YEPI ,UCFtY0rnLZD6Ihy9YW2N4RfA,small
