Channel Name,Channel Link,channel_id,Subscribers,Average Daily Views
정수TV,https://vling.net/channel/UCIr22z2digISvq4xZPKrvBg,UCIr22z2digISvq4xZPKrvBg,10500,154
아침서가,https://vling.net/channel/UCgC0VXue9VSCXZDrsLQtBKQ,UCgC0VXue9VSCXZDrsLQtBKQ,11000,1189
스마트한농부,https://vling.net/channel/UCLigSO1MhXVFCjHbKof729Q,UCLigSO1MhXVFCjHbKof729Q,250000,31434
촌스런TV. 천만원대 전원주택,https://vling.net/channel/UCRvZ_OYtexzkIFddh_FTGyw,UCRvZ_OYtexzkIFddh_FTGyw,15900,107
현주zutube,https://vling.net/channel/UCJMMSPO-0YnhxRWfGOPmqvA,UCJMMSPO-0YnhxRWfGOPmqvA,133000,1192
ONDO STUDIO,https://vling.net/channel/UCQt_7x3PYzs4FNHtYb43tRg,UCQt_7x3PYzs4FNHtYb43tRg,190000,7255
도나미-donam e,https://vling.net/channel/UCY6-BFVypIlf55oyJdC0WBA,UCY6-BFVypIlf55oyJdC0WBA,46800,20690
금닥터,https://vling.net/channel/UCeMWIOj1VZhoIaQ6mkXUcgA,UCeMWIOj1VZhoIaQ6mkXUcgA,87200,18321
꿈돌이,https://vling.net/channel/UCTFg7L18_OehorWWU62iPSw,UCTFg7L18_OehorWWU62iPSw,32200,541
랄랄ralral,https://vling.net/channel/UCEX1cZB5TL7jyKejXdTXCKA,UCEX1cZB5TL7jyKejXdTXCKA,1960000,433920
 Gizem Hwang,https://vling.net/channel/UCtNL81i7j91pppgWxlufbKQ,UCtNL81i7j91pppgWxlufbKQ,133000,11955
류꼼민,https://vling.net/channel/UCECTcrCbe1H-DQKUAFvEIBQ,UCECTcrCbe1H-DQKUAFvEIBQ,24600,1320
헤이무,https://vling.net/channel/UCa5KbflziIj3gvCvz5CE0oA,UCa5KbflziIj3gvCvz5CE0oA,89400,5940
일상 속 사심 Sewing HJ's Joy,https://vling.net/channel/UCpAda5_TH4KhAoCE3t1DVQA,UCpAda5_TH4KhAoCE3t1DVQA,13200,456
멜봉 네덜란드 MelBong,https://vling.net/channel/UCz0F9ndJTA0eL2XyL5R8YNg,UCz0F9ndJTA0eL2XyL5R8YNg,206000,29431
유지원,https://vling.net/channel/UCMh6-6fJhY0hpQMhfGNPGgA,UCMh6-6fJhY0hpQMhfGNPGgA,27500,2259
효풍수지리회,https://vling.net/channel/UCPi3-1DWLuZfu8TUWN-8f0A,UCPi3-1DWLuZfu8TUWN-8f0A,127000,19676
mansoo lee,https://vling.net/channel/UCycXBUtXYqh3l1zXMHUDm-g,UCycXBUtXYqh3l1zXMHUDm-g,101000,496
심스아뜰리에,https://vling.net/channel/UCFGSI47BkphBXXak6I2Risw,UCFGSI47BkphBXXak6I2Risw,12100,133
유현SHINE,https://vling.net/channel/UCD-OvrYXC3uxq5xL9mKi2vQ,UCD-OvrYXC3uxq5xL9mKi2vQ,23400,1947
아넷맘 ,https://vling.net/channel/UCZZ5nb0gNE4nTWW7xcA_0zg,UCZZ5nb0gNE4nTWW7xcA_0zg,28700,13931
다다다패밀리,https://vling.net/channel/UCByWMbQ_HKD_iOJYSltT3UQ,UCByWMbQ_HKD_iOJYSltT3UQ,29400,27653
주리온 일상토크,https://vling.net/channel/UCWfmj27GDYWNzsn6KQHVQmg,UCWfmj27GDYWNzsn6KQHVQmg,10000,2653
토게토게,https://vling.net/channel/UC0B6ch3-JcCiHHGjbL-g1IQ,UC0B6ch3-JcCiHHGjbL-g1IQ,27500,3460
김껄껄,https://vling.net/channel/UCkkytk6zJ92YxyC5t3AHQZg,UCkkytk6zJ92YxyC5t3AHQZg,18300,5007
김미선,https://vling.net/channel/UCirE2xLmVE5i8xSi_7bpvsA,UCirE2xLmVE5i8xSi_7bpvsA,29300,2426
츄발라Chuvalla,https://vling.net/channel/UCvQP9MKfJMAIZ6T5zJ9xlDw,UCvQP9MKfJMAIZ6T5zJ9xlDw,61900,1995
타즈맨극장,https://vling.net/channel/UCk8rmqYhsOQ73iMGbbG3_Gw,UCk8rmqYhsOQ73iMGbbG3_Gw,109000,38790
Huslee huslee,https://vling.net/channel/UCnNZam83jmvJoOLxfbubsrQ,UCnNZam83jmvJoOLxfbubsrQ,34200,270
일상이의 일상,https://vling.net/channel/UC5TPgnKQyu1tvm12NGX5n_A,UC5TPgnKQyu1tvm12NGX5n_A,40300,2960
귀주부,https://vling.net/channel/UCjgcSuOh2vrY_70_pbU8_5w,UCjgcSuOh2vrY_70_pbU8_5w,13000,262
서정한 테니스,https://vling.net/channel/UC8KekFOWdWqLrTPrxwHwXvQ,UC8KekFOWdWqLrTPrxwHwXvQ,22400,1925
ondo온도,https://vling.net/channel/UCSn90DAxCF3yRs6mFK0-8TA,UCSn90DAxCF3yRs6mFK0-8TA,1220000,10345
오르다공방,https://vling.net/channel/UCcxY_JtqBcVM8FXCSjCO07g,UCcxY_JtqBcVM8FXCSjCO07g,20900,1339
Kel Belter,https://vling.net/channel/UCN-8aLgP4EjepO3umjJNucQ,UCN-8aLgP4EjepO3umjJNucQ,24600,932
전원시대부동산 양평전원주택 매매 매물 ,https://vling.net/channel/UCJy6dpsf-5freA9Vm8Y-ckw,UCJy6dpsf-5freA9Vm8Y-ckw,27300,3273
한샘박규리(서민경),https://vling.net/channel/UCzIOzU4ucHRsYrd6snF0uOg,UCzIOzU4ucHRsYrd6snF0uOg,10000,397
혼술 가글이,https://vling.net/channel/UC0ip5gp3BUMOVcCR5i5-SPQ,UC0ip5gp3BUMOVcCR5i5-SPQ,11100,2110
썰리템,https://vling.net/channel/UCTnPdNEVB12IYhuskQJC_Dw,UCTnPdNEVB12IYhuskQJC_Dw,31300,3221
용용썰썰,https://vling.net/channel/UCVKHm-zwPkX2m12vDaRCYDw,UCVKHm-zwPkX2m12vDaRCYDw,195000,2874
그냥혜,https://vling.net/channel/UC5iaVwMPNnYUkCqriaEDslQ,UC5iaVwMPNnYUkCqriaEDslQ,16900,3447
문션 Shawn,https://vling.net/channel/UCEnxfpmOmHn7HdOtEHwAMvg,UCEnxfpmOmHn7HdOtEHwAMvg,144000,5719
용설바위솔 & RC팩토리,https://vling.net/channel/UCbp1nr4XXx2R3ZRRpq5pR7w,UCbp1nr4XXx2R3ZRRpq5pR7w,62700,2675
스테파니 미초바 Stefanie Michova,https://vling.net/channel/UCE-SXCe6SPpfRlpmngOjRNQ,UCE-SXCe6SPpfRlpmngOjRNQ,121000,6004
여주하리부동산,https://vling.net/channel/UCfVYv8i5EfMByUlmc32kPVg,UCfVYv8i5EfMByUlmc32kPVg,14600,349
더좋은집 박성돈 대표,https://vling.net/channel/UCZkKnIz3RoYQoQjaSZhu4QQ,UCZkKnIz3RoYQoQjaSZhu4QQ,71400,10786
지니몬JINIMON,https://vling.net/channel/UCYpiChjgGyPt3WggIPNf29A,UCYpiChjgGyPt3WggIPNf29A,78700,1610
해그(haegg),https://vling.net/channel/UCYFGcC-iKw_7RrTS2b5HciQ,UCYFGcC-iKw_7RrTS2b5HciQ,12300,3486
아임우 I am woo(임우현),https://vling.net/channel/UCk-nPRU8BWGi2qiFhJFRnEA,UCk-nPRU8BWGi2qiFhJFRnEA,23600,978
 디자이너 우앙 Oingt,https://vling.net/channel/UCsBsU2OW1f1J4d93JRP3IgA,UCsBsU2OW1f1J4d93JRP3IgA,17100,1147
련수 rreonsu,https://vling.net/channel/UCr_mn7RZVtY_ex_pUtDNRFw,UCr_mn7RZVtY_ex_pUtDNRFw,48100,4994
디어코바늘 -Dear crochet,https://vling.net/channel/UCSCgRGUGixHLKEAHtoM5wVQ,UCSCgRGUGixHLKEAHtoM5wVQ,300000,4720
Café Juseyo,https://vling.net/channel/UC8rAoDFByG3iqUKWS2I0guw,UC8rAoDFByG3iqUKWS2I0guw,290000,1608
강화도수정부동산,https://vling.net/channel/UCV1C1P2TbMqX7knxbfSuQ-g,UCV1C1P2TbMqX7knxbfSuQ-g,19200,2555
마인드풀tv,https://vling.net/channel/UCmt0FK5Mk4uODTQLdPBesdA,UCmt0FK5Mk4uODTQLdPBesdA,159000,4033
박민하 FUNPARK,https://vling.net/channel/UCBvg_vyLkXoNBElP-61vYog,UCBvg_vyLkXoNBElP-61vYog,10000,774
안지민 Anji,https://vling.net/channel/UCsRLct-rRT_zmsav-M4IdwA,UCsRLct-rRT_zmsav-M4IdwA,73000,1673
허윤미디어,https://vling.net/channel/UCGdBIFa-EHM-ctGs6qOyUdg,UCGdBIFa-EHM-ctGs6qOyUdg,123000,698
박선민,https://vling.net/channel/UCyhpx3KrF-eZ9R7kk6M8ulQ,UCyhpx3KrF-eZ9R7kk6M8ulQ,12600,1861
Aylin YILDIZ,https://vling.net/channel/UCfA030EmqCfhsamYiAaWyOQ,UCfA030EmqCfhsamYiAaWyOQ,17600,1533
Gina Everywhere,https://vling.net/channel/UC4OU85kg-ERLAtWPVztwvKg,UC4OU85kg-ERLAtWPVztwvKg,28900,291
아라자연농원,https://vling.net/channel/UCyswRsbcvUFDg0bs3XrmyDA,UCyswRsbcvUFDg0bs3XrmyDA,18500,3876
박현근 건축살롱,https://vling.net/channel/UCAhZO2o3gO_eRLNF6cr0HFQ,UCAhZO2o3gO_eRLNF6cr0HFQ,10500,6274
하이! 레이 Hi ! Rei Couple,https://vling.net/channel/UCclDkMizrI6O37Qf_CyI_RA,UCclDkMizrI6O37Qf_CyI_RA,31300,5693
도울사주,https://vling.net/channel/UC68zOdIei8ezWkqs0xfUrNw,UC68zOdIei8ezWkqs0xfUrNw,17900,1043
달봄사연,https://vling.net/channel/UC9CAwd4W-whe--Hm-tes8TQ,UC9CAwd4W-whe--Hm-tes8TQ,26200,10709
하수구공식티비,https://vling.net/channel/UC75W_OZGTDlwLfCwMDg34qQ,UC75W_OZGTDlwLfCwMDg34qQ,69300,18471
행복꽃순제,https://vling.net/channel/UCkxJKtognO7wRwYjGrbLSaw,UCkxJKtognO7wRwYjGrbLSaw,16500,856
잉크잉크 Ink inc.,https://vling.net/channel/UCsK7GYrtIpv1PGI5e44RilA,UCsK7GYrtIpv1PGI5e44RilA,105000,7462
삽질하는두더지 ,https://vling.net/channel/UCR2_rReXL_GkiJXaccTGrLQ,UCR2_rReXL_GkiJXaccTGrLQ,22300,23060
고초희 Daily Chohees,https://vling.net/channel/UCyU9SS7OSXHox_ZRGBIVcCg,UCyU9SS7OSXHox_ZRGBIVcCg,16900,1670
BlueCabinet,https://vling.net/channel/UCjnn2rEWOo2_fblxrdR71cA,UCjnn2rEWOo2_fblxrdR71cA,86200,3485
걸리버TV,https://vling.net/channel/UChgRTd5p_CtPaJL2SQrIZEA,UChgRTd5p_CtPaJL2SQrIZEA,60300,3133
인생연재中,https://vling.net/channel/UC8GK-_qb3_i1PPw5ZEhUNMA,UC8GK-_qb3_i1PPw5ZEhUNMA,11800,1139
여자A 남자B WAMB,https://vling.net/channel/UCTKIUAl6O0TYTokDRVEKYvg,UCTKIUAl6O0TYTokDRVEKYvg,141000,1189
오은영의 버킷리스트,https://vling.net/channel/UCc8-vc45vK1-kUFZvii7s5g,UCc8-vc45vK1-kUFZvii7s5g,576000,134710
세리티 Serity,https://vling.net/channel/UCSD0MKMFT0bZP4jj6c5ihMw,UCSD0MKMFT0bZP4jj6c5ihMw,679000,5033
피기너스-쉽게배우는연애,https://vling.net/channel/UCliDkrsny0v-O5njKlW0ojQ,UCliDkrsny0v-O5njKlW0ojQ,383000,73455
하루그린 harugreen,https://vling.net/channel/UCrZhIOwljSJY1RsU-J637Og,UCrZhIOwljSJY1RsU-J637Og,206000,4678
귀농스쿨,https://vling.net/channel/UCDKPGYPUBDbRpiiV4WcMt3w,UCDKPGYPUBDbRpiiV4WcMt3w,41800,4998
부동산로그인,https://vling.net/channel/UCSWzXUOD9gYnC5kX4QQ5-pQ,UCSWzXUOD9gYnC5kX4QQ5-pQ,54900,1576
나미,https://vling.net/channel/UCEJct_yv0Jf21EtGu0WXRpw,UCEJct_yv0Jf21EtGu0WXRpw,26600,879
허니데이 HoneyDay,https://vling.net/channel/UCzn13a-rTjEVgnA6ngrVnnQ,UCzn13a-rTjEVgnA6ngrVnnQ,21300,6607
simsim maru,https://vling.net/channel/UCBI-8xjglNLy5lQz7h1oQ2A,UCBI-8xjglNLy5lQz7h1oQ2A,13300,375
쿠바댁Cubadek,https://vling.net/channel/UCO5-r80INIPyegas4_Lsf2w,UCO5-r80INIPyegas4_Lsf2w,75600,19676
횡성둥지부동산 | 전원주택·시골집 매매 ,https://vling.net/channel/UC92p5suRlU7TfLY4H779Q-A,UC92p5suRlU7TfLY4H779Q-A,11200,3256
명품옷수선,https://vling.net/channel/UCm48o9RsS8pYT08vCUxbfAA,UCm48o9RsS8pYT08vCUxbfAA,32200,540
듀박스,https://vling.net/channel/UCObCgw6Xf1NyD79N-HsnAig,UCObCgw6Xf1NyD79N-HsnAig,13400,269
장주억,https://vling.net/channel/UCrMy-P1RyBHBNdoGDXTjWXA,UCrMy-P1RyBHBNdoGDXTjWXA,20400,1991
🌈백복남TV🌈,https://vling.net/channel/UCymsfEqeanKtlGtyhgvHqqQ,UCymsfEqeanKtlGtyhgvHqqQ,15900,174
예원로그 yewonlog,https://vling.net/channel/UCeKBFsBhdGPDGlJvetF6pBA,UCeKBFsBhdGPDGlJvetF6pBA,74900,2759
يوميات سماسماسيمو,https://vling.net/channel/UCJO_y-U4tB3pYY29NbnZH4A,UCJO_y-U4tB3pYY29NbnZH4A,265000,1369
오영주 OH!YOUNGJOO,https://vling.net/channel/UCFsSyiKOtZD7YNt8uXHRlzg,UCFsSyiKOtZD7YNt8uXHRlzg,194000,3865
deemd 딤디,https://vling.net/channel/UCrFlv9c4LItVlIMCC2p6LOg,UCrFlv9c4LItVlIMCC2p6LOg,968000,17238
스튜디오 꾸미,https://vling.net/channel/UCoCypG-OUsdO_xX7LEwEctA,UCoCypG-OUsdO_xX7LEwEctA,11300,12342
양평전원주택전문채널 - 길공인중개사,https://vling.net/channel/UC_pN77tYhUtaKU0qGfq9dZQ,UC_pN77tYhUtaKU0qGfq9dZQ,83900,18272
Домулло Абдурахим OfficiaL,https://vling.net/channel/UC-ZzP_nw3iDK3G7XB591pmQ,UC-ZzP_nw3iDK3G7XB591pmQ,187000,11900
공간치유,https://vling.net/channel/UCFV6KeZ7eT7xoPlP4mSAhGg,UCFV6KeZ7eT7xoPlP4mSAhGg,83400,259
한나필름hannaFilm,https://vling.net/channel/UCte19Ut4oqvq3YglHKrVEjQ,UCte19Ut4oqvq3YglHKrVEjQ,10000,1259
에린남 Erinnam,https://vling.net/channel/UCDBst6RZE7Z6m4ROlSjr8Iw,UCDBst6RZE7Z6m4ROlSjr8Iw,45000,4306
TV박달재,https://vling.net/channel/UCFQcD_VjRLA_0Ej3qY4Ff6w,UCFQcD_VjRLA_0Ej3qY4Ff6w,22700,7543
또히DDOHEE,https://vling.net/channel/UC8Zv-JxGPLW0oZG4ZQaFQlQ,UC8Zv-JxGPLW0oZG4ZQaFQlQ,53200,397
우리데이 wooriday ,https://vling.net/channel/UCLt1_o4Y0WAZMTOAnJrfnCQ,UCLt1_o4Y0WAZMTOAnJrfnCQ,16900,2161
금똥,https://vling.net/channel/UCg7IDG09xtiIPO4XvZKmMpA,UCg7IDG09xtiIPO4XvZKmMpA,39800,49
미대오빠 귀촌 16년차,https://vling.net/channel/UCsdA5_pIg_lNlVJs57xxbpg,UCsdA5_pIg_lNlVJs57xxbpg,16600,105
오늘도 다영,https://vling.net/channel/UCbBhEPM6IsrAONowCfx3LIw,UCbBhEPM6IsrAONowCfx3LIw,21000,71
연분홍YEONBUNHONG,https://vling.net/channel/UC58GUNps_MNTjEguFA1bThA,UC58GUNps_MNTjEguFA1bThA,59500,3495
spy YoOnJI iN كوريا,https://vling.net/channel/UCQVLrz6za_aidRahNITXsOw,UCQVLrz6za_aidRahNITXsOw,27900,15
누구나부동산,https://vling.net/channel/UCblw2a-kVYB5rMDBqrpC7Cw,UCblw2a-kVYB5rMDBqrpC7Cw,18100,1974
Taeyarh Leather,https://vling.net/channel/UCoYm6-xuLcHm2sW79qfPPJw,UCoYm6-xuLcHm2sW79qfPPJw,12300,357
Keluarga  Mister Lee,https://vling.net/channel/UCk8ZuFVVxNugOzXIfMBJaCQ,UCk8ZuFVVxNugOzXIfMBJaCQ,12800,4782
슬이뷰,https://vling.net/channel/UC4RUS_IZjPOthrSel6zIT5A,UC4RUS_IZjPOthrSel6zIT5A,43700,130917
난알아요_Orchidia,https://vling.net/channel/UCYMEjYhBYdAT62a04F60HyA,UCYMEjYhBYdAT62a04F60HyA,35000,2958
The Happier ,https://vling.net/channel/UCaNOpzcXUXmf4xpxdsDiDKA,UCaNOpzcXUXmf4xpxdsDiDKA,11200,1847
홍천부동산 전원주택 토지매매 청산,https://vling.net/channel/UCBmgT-Dpy49SaKWaxZxWV9Q,UCBmgT-Dpy49SaKWaxZxWV9Q,33800,3372
대유맨 - 대한민국 NO.1 농사채널,https://vling.net/channel/UCAXaHdaiZykj4awF239IKTA,UCAXaHdaiZykj4awF239IKTA,102000,10185
바꿔줘홈즈! 하우스파트너 부동산,https://vling.net/channel/UCvPVCItL5Rdu0MevPEI1RLg,UCvPVCItL5Rdu0MevPEI1RLg,10200,2934
코구CoGu,https://vling.net/channel/UCdSMuXiaeoHUqLXlPF9s-Og,UCdSMuXiaeoHUqLXlPF9s-Og,141000,146511
자연TV - 여주자연농원,https://vling.net/channel/UCvTVi6z926HwwrzSjJItDtQ,UCvTVi6z926HwwrzSjJItDtQ,21300,3159
:Dalgo 달고,https://vling.net/channel/UCvPksKjOq4YCOTpbhSMPYaw,UCvPksKjOq4YCOTpbhSMPYaw,42500,744
풀포유fool4you4,https://vling.net/channel/UCFwMwz59SkciqHJwhLfKupg,UCFwMwz59SkciqHJwhLfKupg,112000,865
노후의 은밀한 지혜,https://vling.net/channel/UCNQjoG69DzXnBBH_4H6EGdQ,UCNQjoG69DzXnBBH_4H6EGdQ,12000,199
판교도사 하이드 - 사주맛집,https://vling.net/channel/UCOaGl_0V_aoZI2z1bJ-JJ9A,UCOaGl_0V_aoZI2z1bJ-JJ9A,27500,2025
콩이와 다꾸씨,https://vling.net/channel/UCm4A5QFndOAplBR6n25n4Og,UCm4A5QFndOAplBR6n25n4Og,51900,13302
퐁세 fonce,https://vling.net/channel/UCr80lTYxsgxPVLR_gHYHh_Q,UCr80lTYxsgxPVLR_gHYHh_Q,13500,744
연서네문구점,https://vling.net/channel/UCKIv-I50d-6fadUMem5DmYA,UCKIv-I50d-6fadUMem5DmYA,27900,7531
귀농귀촌부동산,https://vling.net/channel/UCH1oazs2SI9I0bYGRt1bmZQ,UCH1oazs2SI9I0bYGRt1bmZQ,11600,1287
예푸른 야생화,https://vling.net/channel/UCE3Ec25Oql6JbIOsuK7ntsQ,UCE3Ec25Oql6JbIOsuK7ntsQ,132000,3127
청춘만물트럭,https://vling.net/channel/UCgGCnPMUwl3hwdATZW7Uqcg,UCgGCnPMUwl3hwdATZW7Uqcg,278000,64705
로동복어,https://vling.net/channel/UCsHXnEd4VtCcKC0SN6ajBGA,UCsHXnEd4VtCcKC0SN6ajBGA,398000,27262
밤의기록,https://vling.net/channel/UC7Ds2aocCS4bChSRWM1osZQ,UC7Ds2aocCS4bChSRWM1osZQ,61700,382
신똘망_Keep a record,https://vling.net/channel/UCLrUPsfYlpbAG-27otO09rw,UCLrUPsfYlpbAG-27otO09rw,30100,1185
요이땅언니,https://vling.net/channel/UC0Wg9uKRzazdMd1w8soDJPA,UC0Wg9uKRzazdMd1w8soDJPA,10600,1584
연두빛농원,https://vling.net/channel/UCu8LewOMEr7URUht368YnCg,UCu8LewOMEr7URUht368YnCg,13600,4460
sassyinkorea,https://vling.net/channel/UCNrRJm0gWx69f8Ybdnsi23A,UCNrRJm0gWx69f8Ybdnsi23A,628000,76498
햇살 가득한 집-Garden,https://vling.net/channel/UCzTkrqcJWZA1wf_omhYvj5w,UCzTkrqcJWZA1wf_omhYvj5w,30700,6704
일월용신당TV,https://vling.net/channel/UCHgUQDEw41k6rqt5rvG6PgQ,UCHgUQDEw41k6rqt5rvG6PgQ,19000,3122
사랑부동산,https://vling.net/channel/UC9fAoplZw076ibraZ2axAWw,UC9fAoplZw076ibraZ2axAWw,23200,4001
햇님달님TV,https://vling.net/channel/UCyc3VtIKnPl5Vf0QeArcD9g,UCyc3VtIKnPl5Vf0QeArcD9g,20200,8367
황금후추,https://vling.net/channel/UC7-OcYrWFVgLoRNlvEWpmyQ,UC7-OcYrWFVgLoRNlvEWpmyQ,319000,16922
Ch.염미솔,https://vling.net/channel/UCTE0eZVWVWCBki77zIRs6yg,UCTE0eZVWVWCBki77zIRs6yg,258000,9204
강수지tv 살며사랑하며배우며,https://vling.net/channel/UCbzDJ6TPnGjYtRgFtzm36tA,UCbzDJ6TPnGjYtRgFtzm36tA,175000,3555
사랑,https://vling.net/channel/UCfoT8an-RvrKQ9bYXB2Rebg,UCfoT8an-RvrKQ9bYXB2Rebg,37700,2073
덕희,https://vling.net/channel/UCXYt9lJEYbV0mnDFm4x-GPw,UCXYt9lJEYbV0mnDFm4x-GPw,14600,7126
Vivi Ribeiro ,https://vling.net/channel/UCl8uwqT4Eq3Tr4E8Mhy9pNQ,UCl8uwqT4Eq3Tr4E8Mhy9pNQ,269000,8069
서앙주,https://vling.net/channel/UC_dgfXkx4imbPwU4C53v58A,UC_dgfXkx4imbPwU4C53v58A,29500,10094
세움디자인하우징,https://vling.net/channel/UCzQsRTJppUtjyx2tB5mQocg,UCzQsRTJppUtjyx2tB5mQocg,29400,25479
시설워크,https://vling.net/channel/UCeu1qQFpDxvIA4csSEn7F-A,UCeu1qQFpDxvIA4csSEn7F-A,10000,7772
지유롭게,https://vling.net/channel/UCWKOpSuESpxuflb_zsm5W0Q,UCWKOpSuESpxuflb_zsm5W0Q,195000,253339
키다리아저씨의 종이접기,https://vling.net/channel/UCz2OI8bmcHCB9U6Kx4hQPNQ,UCz2OI8bmcHCB9U6Kx4hQPNQ,53900,14170
쎈 언니의 부동산마을,https://vling.net/channel/UCFwAfY0bw8jxy68uxWpy2wQ,UCFwAfY0bw8jxy68uxWpy2wQ,15300,6893
오키키 ㅇㅋㅋ,https://vling.net/channel/UCV19yBCFgPV7aJmd5sZ5lBQ,UCV19yBCFgPV7aJmd5sZ5lBQ,76900,211969
가우루Couple -Gauru-,https://vling.net/channel/UCDqCesFNo5HGmTfytNtDfug,UCDqCesFNo5HGmTfytNtDfug,14000,10271
챙유진,https://vling.net/channel/UCwOsFHOqafhNHQkgsPXWWlg,UCwOsFHOqafhNHQkgsPXWWlg,11700,1171
방구석갓생,https://vling.net/channel/UCSC8KssTsX-jYXVJOQA0gWQ,UCSC8KssTsX-jYXVJOQA0gWQ,33700,3326
Esae,https://vling.net/channel/UCy7nTs_RpazVZvsK9ZcfxYQ,UCy7nTs_RpazVZvsK9ZcfxYQ,36600,384
이반느,https://vling.net/channel/UC2eulKZIvwKemS8TesxsjsA,UC2eulKZIvwKemS8TesxsjsA,18400,304
인테리어90,https://vling.net/channel/UCYex7BoSwk6RRjPxhkOlKiw,UCYex7BoSwk6RRjPxhkOlKiw,10700,1408
다인이공,https://vling.net/channel/UCs7Bw5CQK82AHhyMQ59NZWA,UCs7Bw5CQK82AHhyMQ59NZWA,378000,311736
낭만도자기 - [최이장의좋은사람들],https://vling.net/channel/UCDy5ubqqGZaPLBkhnQJaKWA,UCDy5ubqqGZaPLBkhnQJaKWA,40600,300
REA,https://vling.net/channel/UCExWF19a72mRvVXef0Azwyg,UCExWF19a72mRvVXef0Azwyg,15100,1774
나르 NAR,https://vling.net/channel/UC1gcFSdKkiIvL2iCi-_up6g,UC1gcFSdKkiIvL2iCi-_up6g,29000,698
이상한 학생 정지웅,https://vling.net/channel/UCG39EQOwJQfHqtCHdFAVzjA,UCG39EQOwJQfHqtCHdFAVzjA,25500,5944
히요정,https://vling.net/channel/UCmg4wRLpa461MgCi3z9dhYw,UCmg4wRLpa461MgCi3z9dhYw,180000,8578
라오스 행동대장,https://vling.net/channel/UCyq03wJMchkLS0g6675h6tw,UCyq03wJMchkLS0g6675h6tw,47300,11128
셀렉미 - 미용구인구직,https://vling.net/channel/UCL3P9bZumh3UeC39YN7-BTw,UCL3P9bZumh3UeC39YN7-BTw,13000,2665
후화후화 huhwa,https://vling.net/channel/UCCYDKnFE1p_AGPftCx3oE_Q,UCCYDKnFE1p_AGPftCx3oE_Q,113000,25751
미니앤슈 Minnie&Shu,https://vling.net/channel/UCP_5A-IChRo-e0EpdYrP-8g,UCP_5A-IChRo-e0EpdYrP-8g,31100,355
쨀,https://vling.net/channel/UCJyTenC4wIaKLDx7fFlIMDQ,UCJyTenC4wIaKLDx7fFlIMDQ,34500,8026
금새록 필름 KEUMSAEROK FILM.,https://vling.net/channel/UCkIurgQHFr5O5ROzNdz4D8g,UCkIurgQHFr5O5ROzNdz4D8g,17800,2506
오정 O'Jeong,https://vling.net/channel/UCZNm4-u5Zwt5vDVfMGOs2Mg,UCZNm4-u5Zwt5vDVfMGOs2Mg,13400,2688
최소우림 minimum rainforest,https://vling.net/channel/UCEL-6UyYFcmABv31Ou-UQGg,UCEL-6UyYFcmABv31Ou-UQGg,10300,321
준성호네,https://vling.net/channel/UCyj5XVwazOh592neidDN9Eg,UCyj5XVwazOh592neidDN9Eg,392000,46208
유이,https://vling.net/channel/UCpBUGTthwEQb68R0Yt3QeMQ,UCpBUGTthwEQb68R0Yt3QeMQ,14300,48017
까밀라댁 Kamila,https://vling.net/channel/UC98nHfafUbls99bA51OSrXg,UC98nHfafUbls99bA51OSrXg,95600,85562
혜비 hye bbii,https://vling.net/channel/UCy2p5VW7PPQyGvPHXIkggDQ,UCy2p5VW7PPQyGvPHXIkggDQ,32800,5653
시온맘,https://vling.net/channel/UCaZTqWFnlL7-oWug0ajX8ng,UCaZTqWFnlL7-oWug0ajX8ng,30500,6192
양평전원주택 급매물 전문! 양평가자TV,https://vling.net/channel/UCclROpoZdIhZ-npwaG-nf0w,UCclROpoZdIhZ-npwaG-nf0w,13500,5331
삼줌마,https://vling.net/channel/UCCwOvmgSK8O2cXQ9tZFLX2g,UCCwOvmgSK8O2cXQ9tZFLX2g,10200,301
보통날의 안녕 Annyeong,https://vling.net/channel/UCQ9MRH6QbfKum_kfbS7whnQ,UCQ9MRH6QbfKum_kfbS7whnQ,38200,12203
땅집TV,https://vling.net/channel/UCAQjwwboPrtAj7GO_djgNtQ,UCAQjwwboPrtAj7GO_djgNtQ,113000,11313
충북땅 달인TV,https://vling.net/channel/UCCg14-XM-xAXQW8rIgWY0Ag,UCCg14-XM-xAXQW8rIgWY0Ag,10500,2265
동인천 송현모사,https://vling.net/channel/UCmtU6avUIfZjduEBJQnONlQ,UCmtU6avUIfZjduEBJQnONlQ,18800,995
홈스타일링연구소,https://vling.net/channel/UCvi6kCny4vDxuKg28KJCVlA,UCvi6kCny4vDxuKg28KJCVlA,122000,9264
강산재,https://vling.net/channel/UCnYnEVzUiEztBLgnakVftNQ,UCnYnEVzUiEztBLgnakVftNQ,40900,3784
유부남,https://vling.net/channel/UCDBr5TfaSHWVnifL2uy2bEw,UCDBr5TfaSHWVnifL2uy2bEw,286000,93181
여은 Yeoeun,https://vling.net/channel/UCR0EnQuG4tYcO9Pj0hivXDQ,UCR0EnQuG4tYcO9Pj0hivXDQ,10300,4559
설2,https://vling.net/channel/UCEYe15ZhDefi2zjUa-Bwfew,UCEYe15ZhDefi2zjUa-Bwfew,10600,269
인연부부,https://vling.net/channel/UCXRfCxn4KPZgqrxipLXwc0g,UCXRfCxn4KPZgqrxipLXwc0g,68700,17356
오로지 집생각,https://vling.net/channel/UCemfY-e9OL6BrgJqGsDMbiQ,UCemfY-e9OL6BrgJqGsDMbiQ,11100,7532
금속탐지기 루이 ,https://vling.net/channel/UCZ_jNipLmp7HGnmoeKa-ytw,UCZ_jNipLmp7HGnmoeKa-ytw,138000,95313
サラのHOKURO,https://vling.net/channel/UCBVVCHhTq-tjHgcPvTkCFhw,UCBVVCHhTq-tjHgcPvTkCFhw,168000,21756
밍글minggeul,https://vling.net/channel/UClRj8_RufgPPy8k_LcVEjSg,UClRj8_RufgPPy8k_LcVEjSg,10400,11209
술양갱의술생술사sojulife,https://vling.net/channel/UCcr0imcifivW5ydS0W9-eFw,UCcr0imcifivW5ydS0W9-eFw,107000,23112
살림하는 부산아빠,https://vling.net/channel/UC7NSdUyTzGQ3bEhbCDZOhmQ,UC7NSdUyTzGQ3bEhbCDZOhmQ,23200,6725
태키,https://vling.net/channel/UCCcXoMLJYe5Wqc9UVGj8VUw,UCCcXoMLJYe5Wqc9UVGj8VUw,14200,518
Garden in Seol 가든인설,https://vling.net/channel/UCtnUd1fATmgAWjGSZ3IfqaA,UCtnUd1fATmgAWjGSZ3IfqaA,69500,40917
이하영의 프레젠트,https://vling.net/channel/UC7woC_U2uPkrmihnJhQ0dcg,UC7woC_U2uPkrmihnJhQ0dcg,66900,6362
오늘더행복on,https://vling.net/channel/UCBUvd7bi-SO5NiQNvpiVlHQ,UCBUvd7bi-SO5NiQNvpiVlHQ,13500,10150
나는살기로했다🎙,https://vling.net/channel/UCuw_gicJ_xOK74SLi5PF3JA,UCuw_gicJ_xOK74SLi5PF3JA,23500,9240
이솔이 leesolyi,https://vling.net/channel/UCGtZg0PSTp2HjihJND1M5JA,UCGtZg0PSTp2HjihJND1M5JA,20100,1589
사연한스푼,https://vling.net/channel/UCGMHlTjMmf1UBOdzBKaA-4A,UCGMHlTjMmf1UBOdzBKaA-4A,20600,11221
재지마인드 JazzyMind,https://vling.net/channel/UC40PwqWkMEpA8H-imJWbdwA,UC40PwqWkMEpA8H-imJWbdwA,65200,2307
오백살ObaekSal,https://vling.net/channel/UCmLDB5sah8HbKx4rVIQf6vA,UCmLDB5sah8HbKx4rVIQf6vA,18400,3841
양평전원주택 급매물 전문.양평을보다TV,https://vling.net/channel/UCQwFouFlZ8d4vH9lEMYLu3Q,UCQwFouFlZ8d4vH9lEMYLu3Q,18000,7156
전영우,https://vling.net/channel/UCS4EsKphvKVWn5YH689nQ2Q,UCS4EsKphvKVWn5YH689nQ2Q,15100,855
정리왕,https://vling.net/channel/UCmErD4mBSQUUIxHFB8RTJLA,UCmErD4mBSQUUIxHFB8RTJLA,421000,25505
길벗출판사,https://vling.net/channel/UC7xC5tux2ZHECaBY_yh3Kpg,UC7xC5tux2ZHECaBY_yh3Kpg,10100,175
소람 soram,https://vling.net/channel/UCiQv5x4DcBRvqTGAcDGt8gQ,UCiQv5x4DcBRvqTGAcDGt8gQ,218000,3685
북토크,https://vling.net/channel/UCCIOK_muw3wg0vWEAkBueAA,UCCIOK_muw3wg0vWEAkBueAA,385000,7643
그냥낙타,https://vling.net/channel/UCpR0c5axY907CJqlpvcXvGw,UCpR0c5axY907CJqlpvcXvGw,14700,485
오하은 HANNAH OH,https://vling.net/channel/UCndYfljpz2F8WB1uGONYLzw,UCndYfljpz2F8WB1uGONYLzw,25100,8467
마이티비 미얀마 MYANMAR,https://vling.net/channel/UCD_a9w37t75jDDgUv1zovNA,UCD_a9w37t75jDDgUv1zovNA,61300,16407
이네 enne,https://vling.net/channel/UCZt-3m2bvHxrhpa3tm1Qbag,UCZt-3m2bvHxrhpa3tm1Qbag,30000,4103
허름한 허세,https://vling.net/channel/UCs0uX_kYTe0dv45TfpX51mA,UCs0uX_kYTe0dv45TfpX51mA,37100,3753
앤드류의 연애심리,https://vling.net/channel/UCnwUunBH54uOXTO1cUOIXkA,UCnwUunBH54uOXTO1cUOIXkA,10300,8904
과묵한 권운씨 SILENT KWON,https://vling.net/channel/UC8-L2qUsXQnSGLHvKK66PGQ,UC8-L2qUsXQnSGLHvKK66PGQ,54700,8609
지혜사연,https://vling.net/channel/UCFTbwEBE_inipfS1WVRZOHA,UCFTbwEBE_inipfS1WVRZOHA,73000,1062
금쪽부부 GOLDBUBU,https://vling.net/channel/UCWQdXoa2j1HrZKQQ_jgJQ9A,UCWQdXoa2j1HrZKQQ_jgJQ9A,92800,4429
핑블리 Pinkvely,https://vling.net/channel/UCw-UpKqNXqUgfbTJAagJx2w,UCw-UpKqNXqUgfbTJAagJx2w,121000,20850
누나 older sister,https://vling.net/channel/UCaJGxEOO9COaLoMcY7YC9sA,UCaJGxEOO9COaLoMcY7YC9sA,21700,2257
서기채널,https://vling.net/channel/UCuajy72PSiVFbLHUrZXW3OA,UCuajy72PSiVFbLHUrZXW3OA,205000,58008
김치와 바게뜨 / Kimchi & Baguette,https://vling.net/channel/UCXGXTy_GDJAlRTk9ypTHNKQ,UCXGXTy_GDJAlRTk9ypTHNKQ,740000,270402
ASL UY JOY SAVDO,https://vling.net/channel/UCY5bOa128gpWKM4EeDtjW_w,UCY5bOa128gpWKM4EeDtjW_w,24600,3312
백제부동산공인중개사 본점,https://vling.net/channel/UCT7EGObNGNabVBtyF4aKkJQ,UCT7EGObNGNabVBtyF4aKkJQ,29900,4234
해뜨는TV 부동산이야기,https://vling.net/channel/UCvXOZUtxaqFIjcrk_jvzswg,UCvXOZUtxaqFIjcrk_jvzswg,47100,14258
돈이 되는 수석,https://vling.net/channel/UC8tkWNA3wfoa92HvXXfOujQ,UC8tkWNA3wfoa92HvXXfOujQ,13200,2763
우리동네홍보,https://vling.net/channel/UCssw5WCWqW5AzRBAmiCoi9A,UCssw5WCWqW5AzRBAmiCoi9A,256000,943
더브라이언 The Brian,https://vling.net/channel/UCOe9T7ymLLB16IROjlXT3yQ,UCOe9T7ymLLB16IROjlXT3yQ,283000,209283
사연빛나라,https://vling.net/channel/UCMsfHRipuzVy7C7q4LVIELw,UCMsfHRipuzVy7C7q4LVIELw,27400,10790
Desi Korean,https://vling.net/channel/UC493hWmdORG3p_q297LXtmQ,UC493hWmdORG3p_q297LXtmQ,75900,70321
채류진,https://vling.net/channel/UCvONknB2jSjtlqDRdt5BoxA,UCvONknB2jSjtlqDRdt5BoxA,28200,26239
자연애부동산 - 전원주택.시골집.촌집.토지,https://vling.net/channel/UCeEhx6YXOYz-BX-37tkCRyw,UCeEhx6YXOYz-BX-37tkCRyw,11000,5509
헤이런heyrun_handmade,https://vling.net/channel/UCYAxLMITjCuuVNyqVmFyEiw,UCYAxLMITjCuuVNyqVmFyEiw,10800,2805
miesandlouis,https://vling.net/channel/UCOtqXNFlGgE8u1iDymlx7KQ,UCOtqXNFlGgE8u1iDymlx7KQ,23700,839
나는 자연인이다,https://vling.net/channel/UCLtOnhCSyMjJHVrHu8C0niQ,UCLtOnhCSyMjJHVrHu8C0niQ,665000,331355
로맨스다육,https://vling.net/channel/UCxbBP0tRdfQ67sttK316ZaA,UCxbBP0tRdfQ67sttK316ZaA,13200,6059
올바른 길,https://vling.net/channel/UCnLMKcbjC1NW4eH_fhjtBvw,UCnLMKcbjC1NW4eH_fhjtBvw,399000,22988
농촌브라더,https://vling.net/channel/UC4VwLPG_qb2FpO9fQ1CEFNg,UC4VwLPG_qb2FpO9fQ1CEFNg,69800,103993
골라주는 아저씨,https://vling.net/channel/UCYJjqNtsg25XTy1MBYY_5Uw,UCYJjqNtsg25XTy1MBYY_5Uw,19700,13648
방구석 코실이 Kosil knits,https://vling.net/channel/UCP1Gkzend1exZsdQj7PTn0g,UCP1Gkzend1exZsdQj7PTn0g,57100,4880
한케TV HanKateTV,https://vling.net/channel/UCj0XeNk7oyqVqUVpQo1vlVw,UCj0XeNk7oyqVqUVpQo1vlVw,12800,77884
한민서,https://vling.net/channel/UCP9fVXa9MB2kC_nZolywB6w,UCP9fVXa9MB2kC_nZolywB6w,17200,4986
사.읽.시,https://vling.net/channel/UCnqNuO-Q07lODRuGBVvFlFQ,UCnqNuO-Q07lODRuGBVvFlFQ,10300,1181
썰프라이즈,https://vling.net/channel/UC7u8Qc_LHZ1eDUsKG7xFhxw,UC7u8Qc_LHZ1eDUsKG7xFhxw,65900,80054
심플비 simple.B,https://vling.net/channel/UCJSBa7exUxGA3ZNoWEEx4lw,UCJSBa7exUxGA3ZNoWEEx4lw,72300,2405
임아세 산다,https://vling.net/channel/UCCmHx5D1cS4ngDRbJdp8P8g,UCCmHx5D1cS4ngDRbJdp8P8g,84200,14938
월드건축자재DIY,https://vling.net/channel/UCANbkO40IlYW1d_aiYuHlgA,UCANbkO40IlYW1d_aiYuHlgA,13500,32080
소비요정,https://vling.net/channel/UCIm68umKEkiDhmRNF0CryOQ,UCIm68umKEkiDhmRNF0CryOQ,60100,42382
싸다구TV 빌라의 모든정보!,https://vling.net/channel/UCDoTL_pndu118kDgTSDQi-g,UCDoTL_pndu118kDgTSDQi-g,18000,42559
뜨개작가 아빌 crochet ha'bil,https://vling.net/channel/UC3jwgTvj7HU6vpWGeNWZ82Q,UC3jwgTvj7HU6vpWGeNWZ82Q,25200,5798
나무 이야기,https://vling.net/channel/UC3sLhFtKp22u6LUwm2C_vhg,UC3sLhFtKp22u6LUwm2C_vhg,25900,41484
육각형,https://vling.net/channel/UC7W279Q-k3oV8o0W04ZZ4nw,UC7W279Q-k3oV8o0W04ZZ4nw,11100,8484
Navico leather 나비코 가죽공방,https://vling.net/channel/UCMJSIGD3qI852xCugv0LHYw,UCMJSIGD3qI852xCugv0LHYw,45800,1995
이태니,https://vling.net/channel/UCC_a-rU0ruKcMs9pq8BQhzQ,UCC_a-rU0ruKcMs9pq8BQhzQ,21000,1933
숨비재제주농부 Jeju Farmer,https://vling.net/channel/UC3hUt6SONwK_PmDMz4s0u6A,UC3hUt6SONwK_PmDMz4s0u6A,315000,63819
All things,https://vling.net/channel/UCw6ztb067nDpbw1P_SaW3ug,UCw6ztb067nDpbw1P_SaW3ug,51500,324
란쟁이tv(꿈나무🎄),https://vling.net/channel/UCvPOBWo8Mlf8YEaKYIzeA0A,UCvPOBWo8Mlf8YEaKYIzeA0A,40100,3151
박병욱,https://vling.net/channel/UCLG9CEVMoKcmhm-p-xeZHyA,UCLG9CEVMoKcmhm-p-xeZHyA,12800,768
chips,https://vling.net/channel/UCO3TX40LZu3fBwFaT4fa6Og,UCO3TX40LZu3fBwFaT4fa6Og,48700,813
방과후공예협회 how to make,https://vling.net/channel/UCKqR50wCkZGPrIGUrO1DZdQ,UCKqR50wCkZGPrIGUrO1DZdQ,35800,2388
SilverSnow 실버스노우,https://vling.net/channel/UCHopQBo3N-fadSVQtOE3mzg,UCHopQBo3N-fadSVQtOE3mzg,355000,1147
더좋은집 공인중개사사무소 박정수,https://vling.net/channel/UCO-50WyAJ2FbxsMXFYKklQA,UCO-50WyAJ2FbxsMXFYKklQA,25500,3785
유니언니 (정반대부부),https://vling.net/channel/UCUqxZlUNKhwAiGVAm20Z-Ew,UCUqxZlUNKhwAiGVAm20Z-Ew,16800,6849
찌니ZZINI,https://vling.net/channel/UCpQMjafQHahxW_ZyUu-eVrw,UCpQMjafQHahxW_ZyUu-eVrw,17100,7886
It's me GRASS 그래쓰,https://vling.net/channel/UClZYXrFXxFGu-mif_fGrIhQ,UClZYXrFXxFGu-mif_fGrIhQ,315000,68579
별리의 사랑의 징검다리TV연애or재회,https://vling.net/channel/UC_xGrHLhH1v9N9yYUfaFTDQ,UC_xGrHLhH1v9N9yYUfaFTDQ,17700,8271
COWAY,https://vling.net/channel/UC6fKqYWsBvP6yxmTrhjOB_Q,UC6fKqYWsBvP6yxmTrhjOB_Q,210000,1215011
Q2HAN,https://vling.net/channel/UCxANYxgMTfJp3ZE8opnvJvQ,UCxANYxgMTfJp3ZE8opnvJvQ,773000,11113
리치부부rich buboo,https://vling.net/channel/UCcjCsuRASLnhP_QHBrRXKIQ,UCcjCsuRASLnhP_QHBrRXKIQ,17000,8220
미스터원의 필리핀 라이프 Mr Won,https://vling.net/channel/UCHjeWyDBp7kPuQUtC8DwAMg,UCHjeWyDBp7kPuQUtC8DwAMg,85900,54326
고말숙GoMaLSooK,https://vling.net/channel/UCBonCFMS4AJk6u-630QMlqQ,UCBonCFMS4AJk6u-630QMlqQ,290000,16424
혁삼이 HYUK32,https://vling.net/channel/UCcC5B8QQug7bKKzitVd5k0A,UCcC5B8QQug7bKKzitVd5k0A,12200,1082
전통문화예술인 국모무당 박비주,https://vling.net/channel/UC5sqJqu1hVt2ce05_Ukajyg,UC5sqJqu1hVt2ce05_Ukajyg,14300,1914
Hola Abril,https://vling.net/channel/UCqkq6bkPUt7RlSKomnout7Q,UCqkq6bkPUt7RlSKomnout7Q,74700,6788
오상종 TV,https://vling.net/channel/UCLsSA5wszy4gkb-ohcfnn_Q,UCLsSA5wszy4gkb-ohcfnn_Q,16600,94
"그림처럼_살림,일상vlog",https://vling.net/channel/UCL-AUQNGVO7eOyqaVN_tiMQ,UCL-AUQNGVO7eOyqaVN_tiMQ,404000,2318
건강법이금순 할머니의,https://vling.net/channel/UCss-HoxEtUtjby_xGTBgb4w,UCss-HoxEtUtjby_xGTBgb4w,16400,101
피글로그 Pigle's Vlog,https://vling.net/channel/UCwdZgECLGRyHszZemaxgXJA,UCwdZgECLGRyHszZemaxgXJA,161000,19560
Minkyeong 민경,https://vling.net/channel/UC5cEQbwa9RGuNrWE063DkwA,UC5cEQbwa9RGuNrWE063DkwA,41100,126
레베기의 이상한 아뜰리에 LEBEGI,https://vling.net/channel/UCzh04Oa_LSZE7t9eWj32Yvg,UCzh04Oa_LSZE7t9eWj32Yvg,464000,19763
헤이두 Hejdoo,https://vling.net/channel/UCptluLxns9LnEl3bfTr0AnQ,UCptluLxns9LnEl3bfTr0AnQ,183000,21703
원츄 wonchu,https://vling.net/channel/UCT8UPWYlQGEOwRInoXcXYhw,UCT8UPWYlQGEOwRInoXcXYhw,78700,2084
궁딱이,https://vling.net/channel/UC7EXvoPfSVfseKgZ6IeRbhw,UC7EXvoPfSVfseKgZ6IeRbhw,52900,5699
한화손보,https://vling.net/channel/UCajNePVZOs19hdWEiB-HtfQ,UCajNePVZOs19hdWEiB-HtfQ,106000,150123
DollyHouse돌리하우스,https://vling.net/channel/UChtwDtEs5QRSo0PZCqU11pw,UChtwDtEs5QRSo0PZCqU11pw,15000,159
히피이모 hippie,https://vling.net/channel/UC3x4kJfS_TtyS1m9JbeKgvA,UC3x4kJfS_TtyS1m9JbeKgvA,143000,21192
힐링이네 healing flower,https://vling.net/channel/UC9TnyS7JsLOpgs0yZrijFHQ,UC9TnyS7JsLOpgs0yZrijFHQ,19400,2230
yebaksa 예박사,https://vling.net/channel/UCi1F8NSUfAFU75vAtyy04mg,UCi1F8NSUfAFU75vAtyy04mg,54900,18096
The Knitting,https://vling.net/channel/UCQbpD-z7--O2MLVTmqLu-LA,UCQbpD-z7--O2MLVTmqLu-LA,14000,605
홀리숲 WHOLLY SOOP,https://vling.net/channel/UCO0f__Of7lEardv-ksfgmoA,UCO0f__Of7lEardv-ksfgmoA,20200,4576
조원더 wonder,https://vling.net/channel/UC7UWau_Sr4tMMgjlfG_RL0A,UC7UWau_Sr4tMMgjlfG_RL0A,28800,6754
휴지마리,https://vling.net/channel/UCss14hLYqiBFBmEO12tnVYA,UCss14hLYqiBFBmEO12tnVYA,12900,657
지혜사랑JIHYESARANG,https://vling.net/channel/UCpDzj4jej3Hfk32eiktOfdw,UCpDzj4jej3Hfk32eiktOfdw,73600,17016
조송,https://vling.net/channel/UCQTqoER5HqOM0RPwTf8iEUw,UCQTqoER5HqOM0RPwTf8iEUw,337000,67697
서경_Seokyung,https://vling.net/channel/UC-lHKUJ8nv8EGZzee_AQv7Q,UC-lHKUJ8nv8EGZzee_AQv7Q,22300,600
하우스로그 김민기PD,https://vling.net/channel/UC3H6vLnrRlTl66neBAYxwqQ,UC3H6vLnrRlTl66neBAYxwqQ,97500,12819
아노라 티비 ANORA TV,https://vling.net/channel/UC3LjppEHGINvQWTDXw4nK9A,UC3LjppEHGINvQWTDXw4nK9A,20700,792
글토크,https://vling.net/channel/UC0Ra5o9VIVNBpV7vK5G1tIw,UC0Ra5o9VIVNBpV7vK5G1tIw,213000,5480
정음이네 유니크가든 (평창군 봉평면),https://vling.net/channel/UC11MlP7_z_KBxjjcVvwzAyg,UC11MlP7_z_KBxjjcVvwzAyg,12200,1963
아워플레이스,https://vling.net/channel/UC150wrbriv2ljN3ETWyCkXg,UC150wrbriv2ljN3ETWyCkXg,31200,18361
제로일기 JERO ARCHIVE,https://vling.net/channel/UC0rqUDp7yZGvuL2E1WcVOBg,UC0rqUDp7yZGvuL2E1WcVOBg,17200,2732
럽주LUVZOO,https://vling.net/channel/UC0npPpEAWpMJzh6aUkaZ8kA,UC0npPpEAWpMJzh6aUkaZ8kA,35500,14726
종이쌤,https://vling.net/channel/UC2fAkS5LpM6t-5m7oAlY4HA,UC2fAkS5LpM6t-5m7oAlY4HA,160000,23509
yulma,https://vling.net/channel/UC2OlsHTyajsytNVS_iF-IsQ,UC2OlsHTyajsytNVS_iF-IsQ,134000,10716
귀농TIME,https://vling.net/channel/UC0IcIKLm90A8rt2a_l7nNGQ,UC0IcIKLm90A8rt2a_l7nNGQ,59300,26239
구제영 9Z0,https://vling.net/channel/UC-GJQhctQCPmHeSwE0LQWBQ,UC-GJQhctQCPmHeSwE0LQWBQ,16700,594
무아공간,https://vling.net/channel/UC21N67btsCUaCvpO-BwU4VQ,UC21N67btsCUaCvpO-BwU4VQ,297000,21887
평창라이프,https://vling.net/channel/UC22v_JNs_jyCJu8D9pG3V9Q,UC22v_JNs_jyCJu8D9pG3V9Q,36300,1157
주연2 ZUYONI,https://vling.net/channel/UC1YU436hXVXna8YuqQHCYKQ,UC1YU436hXVXna8YuqQHCYKQ,77100,5255
SUBERRY,https://vling.net/channel/UCNU3RcaXchELrgx11PtXU7w,UCNU3RcaXchELrgx11PtXU7w,48900,7414
공감로그,https://vling.net/channel/UC37aFdxKvzCOJc0tdaiqGdA,UC37aFdxKvzCOJc0tdaiqGdA,11700,1793
MIJU 미주,https://vling.net/channel/UC0uKkX3b8iLj0_alk0IDYWA,UC0uKkX3b8iLj0_alk0IDYWA,23600,7132
아트박스 ARTBOX,https://vling.net/channel/UC-3Ys0zhdyTe1x6wLiokAMg,UC-3Ys0zhdyTe1x6wLiokAMg,26700,19782
Hodune호두네,https://vling.net/channel/UC-AiG6EJlu-8_fTFkGL5euw,UC-AiG6EJlu-8_fTFkGL5euw,145000,1332
갈때까지간 남자-,https://vling.net/channel/UC-EGSdvtv-2DU0379QyjamQ,UC-EGSdvtv-2DU0379QyjamQ,330000,33738
쪼만한마을jjomanhan,https://vling.net/channel/UCAAoF2T0cwxKxlApUZ8TmVw,UCAAoF2T0cwxKxlApUZ8TmVw,491000,66260
kiu기우쌤,https://vling.net/channel/UCIZ5rCTYJ0s16FgT7OetVEQ,UCIZ5rCTYJ0s16FgT7OetVEQ,1600000,143469
봄비,https://vling.net/channel/UCLpf2v9INharMB4vxW0bnPA,UCLpf2v9INharMB4vxW0bnPA,14300,2204
m58주연,https://vling.net/channel/UCCRKbnxzXpCujbsi5JI1lKQ,UCCRKbnxzXpCujbsi5JI1lKQ,63000,1662
믕믕,https://vling.net/channel/UC9dI-HlU_NNOjnRU5ar5KiA,UC9dI-HlU_NNOjnRU5ar5KiA,12000,822
정서불안 김햄찌,https://vling.net/channel/UCU5Bngb-griCg_96ZXpXOgg,UCU5Bngb-griCg_96ZXpXOgg,698000,649757
콩빈Cong Been,https://vling.net/channel/UCTmK4iKaaLWfh2gXrt1fH9g,UCTmK4iKaaLWfh2gXrt1fH9g,95900,21159
데이라잇 SHOW,https://vling.net/channel/UC1Phnf3tWwDj1BSJ6p1tKBw,UC1Phnf3tWwDj1BSJ6p1tKBw,127000,37162
나무시장 연구소,https://vling.net/channel/UCUbsWtzuHkFkkZ0kEUhgYVg,UCUbsWtzuHkFkkZ0kEUhgYVg,58500,5732
실패는나의힘,https://vling.net/channel/UCUzCAJ9hXOzDeD3fo0J1dEg,UCUzCAJ9hXOzDeD3fo0J1dEg,105000,93988
조두명 Jodumi,https://vling.net/channel/UCbKa5wgu9jF1m2XrLA-rokA,UCbKa5wgu9jF1m2XrLA-rokA,36000,148
서연이야 seoyeonea,https://vling.net/channel/UCWALkLIr_mSmw8UvJ3fOlSQ,UCWALkLIr_mSmw8UvJ3fOlSQ,13700,1327
공황남의 갑자기 떠나는 튀르키예 여행 LEEGAL,https://vling.net/channel/UC4oBHNe4MYZ92wPrxzj1ptQ,UC4oBHNe4MYZ92wPrxzj1ptQ,71500,28036
쓰까르,https://vling.net/channel/UCX14ZlyF0-tgVcDxLj-4ytA,UCX14ZlyF0-tgVcDxLj-4ytA,234000,177078
백만장자의 심장,https://vling.net/channel/UCLfS9e3lqC7uaqgHhrEnNuQ,UCLfS9e3lqC7uaqgHhrEnNuQ,46000,603
창하CHANGHA,https://vling.net/channel/UCX4H3pl79Gs0Y-fbqwXiyzw,UCX4H3pl79Gs0Y-fbqwXiyzw,2360000,6447
도해의 lovemyself,https://vling.net/channel/UCVbF_J-jisZskmXZarw3ZKg,UCVbF_J-jisZskmXZarw3ZKg,14800,2531
영희의 시골정원(Yeonghee),https://vling.net/channel/UCVqetnrFwUnpNj9PFuUkirA,UCVqetnrFwUnpNj9PFuUkirA,13900,892
여주둥지tv,https://vling.net/channel/UCVyIgWR6tlh-ZwflQ_B3emQ,UCVyIgWR6tlh-ZwflQ_B3emQ,15500,1591
산골여행,https://vling.net/channel/UCX3jMYyi3smD-ltueIQMawA,UCX3jMYyi3smD-ltueIQMawA,432000,32127
라엘 - 금성에서 온 남자,https://vling.net/channel/UCX22HRVAKHZgE3HJUL5ePsQ,UCX22HRVAKHZgE3HJUL5ePsQ,66900,6995
학훈아빠김정식,https://vling.net/channel/UCWtNCaskjFxvD4itttUShMA,UCWtNCaskjFxvD4itttUShMA,31100,4220
감성수채화TV [돈복 터지는 생활풍수],https://vling.net/channel/UC4ili64s3lt822PpnxOsKIg,UC4ili64s3lt822PpnxOsKIg,497000,14752
오은영리포트 결혼지옥,https://vling.net/channel/UCXIgINn0-8z51wfIOQPnbtA,UCXIgINn0-8z51wfIOQPnbtA,239000,528385
쇼니버셜스튜디오,https://vling.net/channel/UCXYSVOnmbCX76WsfrltRd2g,UCXYSVOnmbCX76WsfrltRd2g,11400,33107
밝음이네,https://vling.net/channel/UCXlsM5Oj2lyuIFhrRkCfKWQ,UCXlsM5Oj2lyuIFhrRkCfKWQ,13000,358
꽃노트 flowernote,https://vling.net/channel/UCIMyDibeR_gEX2axikrmJGg,UCIMyDibeR_gEX2axikrmJGg,28800,1651
현슈가 HyeonSUGAR,https://vling.net/channel/UCQK5hc9dNy366XLTUefgZuA,UCQK5hc9dNy366XLTUefgZuA,10600,820
오지는 오진다,https://vling.net/channel/UCeAnUT7zm00vcb1BS2-K8FQ,UCeAnUT7zm00vcb1BS2-K8FQ,515000,69157
만송이지,https://vling.net/channel/UCq82JDz5u4y-TCCsBljrQvw,UCq82JDz5u4y-TCCsBljrQvw,41700,55149
SK네트웍스,https://vling.net/channel/UCMQo25JGe40HNs6kK7LyphQ,UCMQo25JGe40HNs6kK7LyphQ,17100,3245
백지📝 BaekG,https://vling.net/channel/UCmZNkL0Q-NIM9s6J41V-PlQ,UCmZNkL0Q-NIM9s6J41V-PlQ,60700,6595
픽하샘,https://vling.net/channel/UCbRktmo6EEDssOEbcM2ekmw,UCbRktmo6EEDssOEbcM2ekmw,18900,296
SH. Music 에스에이치 뮤직 🎶,https://vling.net/channel/UCmqWwhIuL8MnoEs9wLMQNQQ,UCmqWwhIuL8MnoEs9wLMQNQQ,21200,2301
준우,https://vling.net/channel/UCGrfaHcg6r4JWAZyo_cvKZQ,UCGrfaHcg6r4JWAZyo_cvKZQ,1430000,491415
O’WON오원,https://vling.net/channel/UCHmjjd36Azgi_VYLNAxbsGg,UCHmjjd36Azgi_VYLNAxbsGg,76900,2321
하슈랜드TV Hasyuland,https://vling.net/channel/UCAIrSic8nEFkM1aN4Xs-X-A,UCAIrSic8nEFkM1aN4Xs-X-A,15900,559
피 P,https://vling.net/channel/UCYRMhqb9mHPxlt-g9AOoAcw,UCYRMhqb9mHPxlt-g9AOoAcw,18400,7843
퀴니렐라 Queenyrella,https://vling.net/channel/UC7ge2FF_Q38iRlmbT4iEaZw,UC7ge2FF_Q38iRlmbT4iEaZw,111000,8370
추억의 향기,https://vling.net/channel/UCpuFraFpdz0euS1o4Rz7Y3g,UCpuFraFpdz0euS1o4Rz7Y3g,10400,2639
soboroo 소보루,https://vling.net/channel/UC12fGWQ1ATUMMqylsaF9oXg,UC12fGWQ1ATUMMqylsaF9oXg,13900,696
오드라이프oddlife,https://vling.net/channel/UC9JU9mfYpg4KqxNZtD91GQg,UC9JU9mfYpg4KqxNZtD91GQg,128000,4044
MJ,https://vling.net/channel/UCpVps6_E2dyicwTs6Dz5kqg,UCpVps6_E2dyicwTs6Dz5kqg,73100,2612
리섭 LeeSeob,https://vling.net/channel/UCULRVjf5z_WoR106msn8HoA,UCULRVjf5z_WoR106msn8HoA,368000,42944
남보라의 인생극장,https://vling.net/channel/UCs_fvcBBfaOP6vAJYeaD-0Q,UCs_fvcBBfaOP6vAJYeaD-0Q,125000,2016
예쁜곰팅 gom crochet,https://vling.net/channel/UCFPn7twIbSJ7Bt8QS_qkOTw,UCFPn7twIbSJ7Bt8QS_qkOTw,112000,13805
박소령,https://vling.net/channel/UCfBI_qChxxyt0m8EaM8S2IQ,UCfBI_qChxxyt0m8EaM8S2IQ,49800,3690
귀농의신,https://vling.net/channel/UCmFZ0JAXaKCfPq33K8ASrNQ,UCmFZ0JAXaKCfPq33K8ASrNQ,360000,13954
한나네 hanna,https://vling.net/channel/UCfDSDiysUadrLFzudqizQNA,UCfDSDiysUadrLFzudqizQNA,170000,2139
승아로운,https://vling.net/channel/UCw7ktC358ntLnOvoOT8vCJQ,UCw7ktC358ntLnOvoOT8vCJQ,317000,21618
개구리 영상툰,https://vling.net/channel/UCERmMK0D1mR7DoAc3D0oJhQ,UCERmMK0D1mR7DoAc3D0oJhQ,77100,29515
오천만장자 KM,https://vling.net/channel/UCLQiChqRzLnMVyQGQrvvtVw,UCLQiChqRzLnMVyQGQrvvtVw,70600,50255
보경 BBOO,https://vling.net/channel/UCJfLWdULlr_IsHeYIuML6yA,UCJfLWdULlr_IsHeYIuML6yA,72700,3060
buzesil0,https://vling.net/channel/UCJR4VRQrJ_7H2WC1EwV0dUA,UCJR4VRQrJ_7H2WC1EwV0dUA,321000,2443
녕온 nyungon,https://vling.net/channel/UC528OWb9nQ11GIZ_fVHcFHA,UC528OWb9nQ11GIZ_fVHcFHA,18800,1905
둥이둥이썰TV,https://vling.net/channel/UCDxEyk4J3pvhEdPuHirxuzw,UCDxEyk4J3pvhEdPuHirxuzw,30800,4841
일상기록,https://vling.net/channel/UCNwgTJ6toEg5W5ueJXK8rVA,UCNwgTJ6toEg5W5ueJXK8rVA,49400,287
땅파남 부동산,https://vling.net/channel/UCPoHJzDwvdVsPtyQb6ai3LQ,UCPoHJzDwvdVsPtyQb6ai3LQ,85500,2911
Joy Hyerin [조이혜린],https://vling.net/channel/UCuze5NwB5hfbq0KUVf8ToVQ,UCuze5NwB5hfbq0KUVf8ToVQ,706000,2289
미숲Misup,https://vling.net/channel/UCYTqexXphw6Js7CG6IbMtLQ,UCYTqexXphw6Js7CG6IbMtLQ,10200,1132
잇다의 사랑수업,https://vling.net/channel/UCcou5aMzMr6OMsCDovjiAoA,UCcou5aMzMr6OMsCDovjiAoA,23600,3070
제이제이,https://vling.net/channel/UCxp9XKFw-lMTlIa_2yrfdqQ,UCxp9XKFw-lMTlIa_2yrfdqQ,856000,50822
소수빈,https://vling.net/channel/UCabsEts6Lw1lrvCtA39dvYQ,UCabsEts6Lw1lrvCtA39dvYQ,89200,4211
그때그시간,https://vling.net/channel/UC-MGBGZzfLLfmDiZP73f6ZQ,UC-MGBGZzfLLfmDiZP73f6ZQ,71200,17696
다시봄이온다면,https://vling.net/channel/UCpxKFE9oELqla5brAM5pC-Q,UCpxKFE9oELqla5brAM5pC-Q,50800,67
랜드오브코리아 부동산중개 랜코,https://vling.net/channel/UC_VdLw_BWolOzK_k77KEhNQ,UC_VdLw_BWolOzK_k77KEhNQ,24900,1062
jiwonie,https://vling.net/channel/UC8FmEkDVHDJfYgcF0HPJhzg,UC8FmEkDVHDJfYgcF0HPJhzg,15300,158
베리베리팜 라리,https://vling.net/channel/UCiVmQYh3i61LsjQfO2V4Jpw,UCiVmQYh3i61LsjQfO2V4Jpw,11800,2310
준영 JuneYoung,https://vling.net/channel/UCUAkcwj2MYRHgndCMAbRzAQ,UCUAkcwj2MYRHgndCMAbRzAQ,15300,455
나예,https://vling.net/channel/UCn5ZRmu2WJUegC_KzFZZpUQ,UCn5ZRmu2WJUegC_KzFZZpUQ,91600,11901
루나몬,https://vling.net/channel/UCMRi84XwoY7vRzJk2bSrUSw,UCMRi84XwoY7vRzJk2bSrUSw,20600,10001
조명꾼,https://vling.net/channel/UCzzf-JSnWlZpYfIcvHnGwHg,UCzzf-JSnWlZpYfIcvHnGwHg,19300,3802
풍수와 운세의 조화,https://vling.net/channel/UCFr680kpP4mzpGGQvGlPZ1g,UCFr680kpP4mzpGGQvGlPZ1g,65100,3152
슬이인생 seul,https://vling.net/channel/UCZy2Q09DJC660j6k3yLwNMw,UCZy2Q09DJC660j6k3yLwNMw,10900,288
화초와이프 삶의 노트,https://vling.net/channel/UCN89clrY5LA_iSOvM1bBZQg,UCN89clrY5LA_iSOvM1bBZQg,45200,5689
오늘나래 onl narae ,https://vling.net/channel/UCoj6GFZNoOOwUfaQ_iqQVQA,UCoj6GFZNoOOwUfaQ_iqQVQA,18000,7803
뚜벅이부동산,https://vling.net/channel/UCYbhADKhx1D1Zue484rLvlg,UCYbhADKhx1D1Zue484rLvlg,95800,58300
파니Pani,https://vling.net/channel/UCPEIG1tL9asHjHx5VXy2hwQ,UCPEIG1tL9asHjHx5VXy2hwQ,136000,151821
아리다,https://vling.net/channel/UChApJgFjOa5TEBlSvfaZ6-g,UChApJgFjOa5TEBlSvfaZ6-g,17900,1242
로멘토디자인스튜디오,https://vling.net/channel/UCbKJOytZLhGgXEroZSmhPDw,UCbKJOytZLhGgXEroZSmhPDw,18600,2123
올리버쌤,https://vling.net/channel/UCicKQUi8h4NI81wDmrDBD4A,UCicKQUi8h4NI81wDmrDBD4A,2260000,154077
부동산 스타짱TV,https://vling.net/channel/UClr9qq6_QKCyXQkyLD1Jy_A,UClr9qq6_QKCyXQkyLD1Jy_A,45000,7079
밥값하는중 bobggab,https://vling.net/channel/UCTEZTuP7W0ys6bD6Bug-45w,UCTEZTuP7W0ys6bD6Bug-45w,13500,2871
Daily Joy조이,https://vling.net/channel/UCFMl5bkCJW5DLBt_yLOttFw,UCFMl5bkCJW5DLBt_yLOttFw,158000,10138
이은재,https://vling.net/channel/UCE0Z2REo3CLZi7uZNC6CyfA,UCE0Z2REo3CLZi7uZNC6CyfA,28700,563
삐루빼로,https://vling.net/channel/UCKFvoxDM0NoLChK9hCe7VfQ,UCKFvoxDM0NoLChK9hCe7VfQ,674000,77690
THIS IS MATÉ 디씨즈마테,https://vling.net/channel/UCkUWGOon_2C5FBlIit1P-mg,UCkUWGOon_2C5FBlIit1P-mg,266000,15254
은벼리,https://vling.net/channel/UChgVNRjVKEdca-dmlgdXt7A,UChgVNRjVKEdca-dmlgdXt7A,10200,886
소양강블루베리,https://vling.net/channel/UC9NKsA0GaMfGkS0z7cHvZjw,UC9NKsA0GaMfGkS0z7cHvZjw,19900,3606
류아나뭐하나tv,https://vling.net/channel/UChhK5-YYtmpzftVP14SnMqQ,UChhK5-YYtmpzftVP14SnMqQ,22600,410
cardsu까르슈 살림,https://vling.net/channel/UCdx-E_m6lwJxxcqHEPNjJMg,UCdx-E_m6lwJxxcqHEPNjJMg,283000,14277
덕빈이,https://vling.net/channel/UC-B-qH1gl6hrcUerXS-r_Ng,UC-B-qH1gl6hrcUerXS-r_Ng,12900,1633
하우스컨설팅,https://vling.net/channel/UCMo8DeIF3I5stW_FOSVuHOw,UCMo8DeIF3I5stW_FOSVuHOw,23600,438
창의적인 장인,https://vling.net/channel/UCw13HoWRx5rWGpf_ted8nHg,UCw13HoWRx5rWGpf_ted8nHg,28100,64
KIMYANGHOO김양후,https://vling.net/channel/UCQuzxYB1P1K6snCcLi6Ry1g,UCQuzxYB1P1K6snCcLi6Ry1g,11100,233
버스타그램,https://vling.net/channel/UCbbwYMxPh_4nsXzebiBfjHw,UCbbwYMxPh_4nsXzebiBfjHw,63000,6927
갓준,https://vling.net/channel/UCzM_kvv3Ux1A4hmaN4QWrZg,UCzM_kvv3Ux1A4hmaN4QWrZg,38400,577
김줄리 Julie K,https://vling.net/channel/UCMkvonZrfvKRdX0M2uUgWYA,UCMkvonZrfvKRdX0M2uUgWYA,11300,506
อยู่ไปไทยเกา Family kim 유바이타이카오,https://vling.net/channel/UCzNkd8oNhWrvqwcT0eFLe0Q,UCzNkd8oNhWrvqwcT0eFLe0Q,120000,1328
김달 (Moon),https://vling.net/channel/UCEwmUXNK69iAugMEahY7glA,UCEwmUXNK69iAugMEahY7glA,958000,147596
간니닌니 패밀리,https://vling.net/channel/UCucybMZtilvYSg2_f3eAIHg,UCucybMZtilvYSg2_f3eAIHg,786000,107196
Yuli Leonor,https://vling.net/channel/UCwRgv7eKT_30IneO2UW_ocw,UCwRgv7eKT_30IneO2UW_ocw,67100,2009
cute potato,https://vling.net/channel/UCUvRepaPmvQl4r7t7200t4A,UCUvRepaPmvQl4r7t7200t4A,123000,9130
경호아바이정원,https://vling.net/channel/UCfTTblgsyeoHcCSIxJBexIw,UCfTTblgsyeoHcCSIxJBexIw,38000,545
조찬희 ,https://vling.net/channel/UCMKn6ul1eu4iJ5bZytArywg,UCMKn6ul1eu4iJ5bZytArywg,375000,1026
챌린지유 challenzyu,https://vling.net/channel/UCSDSUZEHygHRzqHiu7WlBGQ,UCSDSUZEHygHRzqHiu7WlBGQ,210000,25423
코코아카 ココアカ,https://vling.net/channel/UCY8QZ0KUeyA53l_IafEPuiA,UCY8QZ0KUeyA53l_IafEPuiA,21300,30155
이해리해리,https://vling.net/channel/UCZdttNEAL5szMBSpbTYyPCA,UCZdttNEAL5szMBSpbTYyPCA,137000,15487
이동팔,https://vling.net/channel/UC-Q5MOOQdVQEW7NQ18kgUgQ,UC-Q5MOOQdVQEW7NQ18kgUgQ,24800,4363
카민디자인,https://vling.net/channel/UC_A1byBKeB3MIbixINb7cww,UC_A1byBKeB3MIbixINb7cww,22100,6475
전승배,https://vling.net/channel/UCdIEYDgeVMLB9TP35anqi1w,UCdIEYDgeVMLB9TP35anqi1w,369000,89488
THESUZY더수지,https://vling.net/channel/UC9FCaXbUy8yeg6clW1oHvSA,UC9FCaXbUy8yeg6clW1oHvSA,83800,311
단순한 삶,https://vling.net/channel/UC9GTE0j_i1e1EZbxphU1zkQ,UC9GTE0j_i1e1EZbxphU1zkQ,28300,3263
David story09,https://vling.net/channel/UCt9ZwobW4hPQVZI2PX-3kRA,UCt9ZwobW4hPQVZI2PX-3kRA,20900,16498
요양이 TV,https://vling.net/channel/UCcnG4Mp3vhrMeddy-skqNwA,UCcnG4Mp3vhrMeddy-skqNwA,19200,5391
여신tv 우아매력 팩트작가,https://vling.net/channel/UCDPSlshG_3_IanNc-QLebPg,UCDPSlshG_3_IanNc-QLebPg,22300,2758
양평서정이네 garden life,https://vling.net/channel/UC7Sh_tr98AkGVMiIOw29Whg,UC7Sh_tr98AkGVMiIOw29Whg,114000,7976
칙칙폭식,https://vling.net/channel/UCfg8pkTIrFdWm96s1fKyB5A,UCfg8pkTIrFdWm96s1fKyB5A,116000,14002
Chemka_mmm,https://vling.net/channel/UCrsOjxvec36uAfEVgtNeteQ,UCrsOjxvec36uAfEVgtNeteQ,26400,160
B Room 삐룸,https://vling.net/channel/UCTShSVFV1joRWdFFyirSlWg,UCTShSVFV1joRWdFFyirSlWg,22100,12104
산청라이프,https://vling.net/channel/UC8kWkdUDtyVv4K2hhh4w7KQ,UC8kWkdUDtyVv4K2hhh4w7KQ,11500,2813
순꾸락쟁이(sncurac),https://vling.net/channel/UCZ-gUg1CVh6k47FwR7-t7Nw,UCZ-gUg1CVh6k47FwR7-t7Nw,108000,6293
아바다,https://vling.net/channel/UCHJuIjFu98Wz2YGFbNJVsrw,UCHJuIjFu98Wz2YGFbNJVsrw,41600,1309
디에이치TheH,https://vling.net/channel/UCwb0uAD5vMXt41n_8NGb5xQ,UCwb0uAD5vMXt41n_8NGb5xQ,52200,12467
갓신내림받은 용궁대신,https://vling.net/channel/UCeMD7kBgAf-o6zCoculutxQ,UCeMD7kBgAf-o6zCoculutxQ,24200,264
경혜볼래,https://vling.net/channel/UCFWKPDyAZymaxUjowD39vtg,UCFWKPDyAZymaxUjowD39vtg,11300,17328
다빈 DABIN,https://vling.net/channel/UCWC1mWjz_z7jJ_IkFEeTP6Q,UCWC1mWjz_z7jJ_IkFEeTP6Q,26400,327
최유진YOUJEAN CHOI,https://vling.net/channel/UCa5TbZyFuu4dK6qxtA4Fhhg,UCa5TbZyFuu4dK6qxtA4Fhhg,19400,281
진주별부동산,https://vling.net/channel/UCuwvPSFZ5WAgwKEiP1BigCA,UCuwvPSFZ5WAgwKEiP1BigCA,53900,1567
사만다코코,https://vling.net/channel/UCpdAW0DkpV3diHXnmQdsi4g,UCpdAW0DkpV3diHXnmQdsi4g,25400,139
리미Limmy,https://vling.net/channel/UC9_PMlBcTmDpRzLSzeFGfRg,UC9_PMlBcTmDpRzLSzeFGfRg,39100,5832
채채하하,https://vling.net/channel/UC5x0e4Lh2fwP1GlJWeUo2NA,UC5x0e4Lh2fwP1GlJWeUo2NA,15900,312
딥워크,https://vling.net/channel/UChEiBMuWunPDTvqSDl7WS2A,UChEiBMuWunPDTvqSDl7WS2A,27900,46964
뉴마이하우스,https://vling.net/channel/UCw1lIyoeLTqCv0NYWJqr4Mw,UCw1lIyoeLTqCv0NYWJqr4Mw,114000,7752
한체스,https://vling.net/channel/UCIqoTU5-GUa3xerTnoHcsGA,UCIqoTU5-GUa3xerTnoHcsGA,216000,67197
Tuvvy 터비,https://vling.net/channel/UCBjVrewDNLSANajzpwAT11Q,UCBjVrewDNLSANajzpwAT11Q,25500,18886
신태디,https://vling.net/channel/UCywgkH0EHJ9KAWrWBs-DTJA,UCywgkH0EHJ9KAWrWBs-DTJA,54600,8996
뉴아Newa,https://vling.net/channel/UCxLzKftAJzvjD0s09YfA7kA,UCxLzKftAJzvjD0s09YfA7kA,16700,1943
비비디 한비디 부!,https://vling.net/channel/UCQsNvY_BBogqhHTncnQAWAQ,UCQsNvY_BBogqhHTncnQAWAQ,39000,10468
MastersFactory 마스터즈팩토리,https://vling.net/channel/UCX877UoogOr2SHtComianHg,UCX877UoogOr2SHtComianHg,106000,1542
조모모 jomomo,https://vling.net/channel/UCGBJsVeY5qFPPbLWB6I9tOw,UCGBJsVeY5qFPPbLWB6I9tOw,16000,10138
안녕살림,https://vling.net/channel/UC9zAHYzMjqD2pEQQ7TGgKwA,UC9zAHYzMjqD2pEQQ7TGgKwA,72100,670
nog7004,https://vling.net/channel/UCMqbQpo3fJQBxCb5hNW1JLg,UCMqbQpo3fJQBxCb5hNW1JLg,15900,5809
청도의하루 ,https://vling.net/channel/UCwZwbPwb6K-PoVJTrr8gZCQ,UCwZwbPwb6K-PoVJTrr8gZCQ,74800,28858
lika,https://vling.net/channel/UCBwltdJzFXC3pNQGzifHFyA,UCBwltdJzFXC3pNQGzifHFyA,124000,1259
식츙이 Choong-ee,https://vling.net/channel/UCBxonaSSO2PYbe79_rLU-fw,UCBxonaSSO2PYbe79_rLU-fw,112000,1403
커피놉,https://vling.net/channel/UCbzwKeJNjtQB6RlyX44l-0A,UCbzwKeJNjtQB6RlyX44l-0A,50000,18979
약사보살 해연,https://vling.net/channel/UCbzkOrese-GTdJqcnblaJEQ,UCbzkOrese-GTdJqcnblaJEQ,22900,1873
쏘비트[SoBit],https://vling.net/channel/UCtYIvIOtnoOUQHNft4Hm-MQ,UCtYIvIOtnoOUQHNft4Hm-MQ,11700,459
흥농상사 이병민,https://vling.net/channel/UClhvXxYLZ1xket6NeKDk_UA,UClhvXxYLZ1xket6NeKDk_UA,71900,4144
고현준,https://vling.net/channel/UCE3tniq6HmNveJGhOoClBSg,UCE3tniq6HmNveJGhOoClBSg,11400,25
박지현 저장소,https://vling.net/channel/UCHsJs2nvsWqtVSBBbnrqUgg,UCHsJs2nvsWqtVSBBbnrqUgg,16900,2024
미래있을유 miyoo,https://vling.net/channel/UCshS0SYpzjMQziTN05TlCNw,UCshS0SYpzjMQziTN05TlCNw,28900,12316
서랑뎅이농장,https://vling.net/channel/UCgMFd8-XDXynG26nfVY_R1A,UCgMFd8-XDXynG26nfVY_R1A,11500,64630
열정PD 열정아빠,https://vling.net/channel/UCDoh80lzMCNaE3_lN6YS7PA,UCDoh80lzMCNaE3_lN6YS7PA,12100,2229
일어나안나,https://vling.net/channel/UCYDSNg7kQSyl3HvBqLLXjvg,UCYDSNg7kQSyl3HvBqLLXjvg,22500,1046
소플리,https://vling.net/channel/UCQ-HK4AlNCzH8EH66VxQD1A,UCQ-HK4AlNCzH8EH66VxQD1A,50900,7
2인칭 시점의 Haru,https://vling.net/channel/UCINvYGED--NCUwByoA6NkJA,UCINvYGED--NCUwByoA6NkJA,94800,50618
수폴레옹,https://vling.net/channel/UCgDYwfJqctRIgqCkQLOW2tQ,UCgDYwfJqctRIgqCkQLOW2tQ,13400,1265
혁이94,https://vling.net/channel/UCHt5-OvE8u8ustNULG_FUrw,UCHt5-OvE8u8ustNULG_FUrw,13600,2229
청소고수,https://vling.net/channel/UCk4Lelrg8sETIFFl-SXv6jA,UCk4Lelrg8sETIFFl-SXv6jA,87700,13040
시유의 별과 아레테_Siyu Astrology,https://vling.net/channel/UC5VcfF1dZYIaMmITc_fpLfw,UC5VcfF1dZYIaMmITc_fpLfw,12400,1935
청초한두유커플DooYooCouple,https://vling.net/channel/UCCYSDvPUASnWN6eBTxLkyKQ,UCCYSDvPUASnWN6eBTxLkyKQ,373000,38349
타로목욕탕,https://vling.net/channel/UCHyCS6bwLZCFWl1WfWk2ILA,UCHyCS6bwLZCFWl1WfWk2ILA,18400,2502
이끼업끼 YoungJay,https://vling.net/channel/UCtW-MlaoNnnsBNcmbQx22xQ,UCtW-MlaoNnnsBNcmbQx22xQ,594000,27591
다니로그,https://vling.net/channel/UCzF5y_CiEKzgl3ly-is47ZA,UCzF5y_CiEKzgl3ly-is47ZA,12300,632
쌍문동애기선녀TV,https://vling.net/channel/UCEkyfybIGnHwiCjGO19VjuA,UCEkyfybIGnHwiCjGO19VjuA,323000,14393
현부부 hyuncouple,https://vling.net/channel/UCsgc4PHqL6XgRshNNmBVwdA,UCsgc4PHqL6XgRshNNmBVwdA,57300,7954
새콤달콤,https://vling.net/channel/UCTBzHtU1vykoTNF-qnCPWoA,UCTBzHtU1vykoTNF-qnCPWoA,11500,441
감성찾아삽만리 sapmanri,https://vling.net/channel/UCHhBukRCWSaBTcKolh2wN6Q,UCHhBukRCWSaBTcKolh2wN6Q,46400,6226
Sara_boutique,https://vling.net/channel/UCHgIMZBxF2I9rcKFkIa5E8Q,UCHgIMZBxF2I9rcKFkIa5E8Q,147000,1623
헤이킨heykin'couple,https://vling.net/channel/UChL_w4h_8RpHj2UYwRHZruQ,UChL_w4h_8RpHj2UYwRHZruQ,527000,213097
LET BE 렛비,https://vling.net/channel/UCd7am4s4VZdy8KxGbyUSM3w,UCd7am4s4VZdy8KxGbyUSM3w,601000,12701
임정핏,https://vling.net/channel/UCw7ZemcQtK2_uoSyyK_v3mw,UCw7ZemcQtK2_uoSyyK_v3mw,12400,1313
인테리어SHOW,https://vling.net/channel/UCrfiD6ArN-EjVwlp_X2RYJg,UCrfiD6ArN-EjVwlp_X2RYJg,310000,1980
문구대장정,https://vling.net/channel/UCTVFwnq2dziIqK14gUcYyqQ,UCTVFwnq2dziIqK14gUcYyqQ,79200,11566
검은별 공작소 B-Star Crafts,https://vling.net/channel/UCe3WAJnByFbaJ78TcFDe2cg,UCe3WAJnByFbaJ78TcFDe2cg,301000,12574
여백이,https://vling.net/channel/UCYCALGpQ_GXKEqPfUN3WahQ,UCYCALGpQ_GXKEqPfUN3WahQ,11100,849
다해살이 dahae's life,https://vling.net/channel/UCNovRsWJj479CA5JmD7RpoQ,UCNovRsWJj479CA5JmD7RpoQ,11300,363
Craft Story,https://vling.net/channel/UCPCBLJD4dTR2CzthhtcuX8Q,UCPCBLJD4dTR2CzthhtcuX8Q,12000,178
ღ,https://vling.net/channel/UCk-Hk1VrjDlyUqzPE0rLjaQ,UCk-Hk1VrjDlyUqzPE0rLjaQ,60000,16849
썸타는부동산TV- 촌집 한옥 시골집,https://vling.net/channel/UCLs3LREYXuaOjPfgr0GOjOA,UCLs3LREYXuaOjPfgr0GOjOA,67500,8000
Jihanette,https://vling.net/channel/UCDoqD-GBvQWCIxrMDoJEcCg,UCDoqD-GBvQWCIxrMDoJEcCg,521000,7970
연이 yeony,https://vling.net/channel/UCau0cVuXA5bCJOgPwjZRs5g,UCau0cVuXA5bCJOgPwjZRs5g,28100,1488
잘하는부동산,https://vling.net/channel/UC6HtNPMj7UqOPd1LAyfcksg,UC6HtNPMj7UqOPd1LAyfcksg,53500,3702
LawYoung 로영,https://vling.net/channel/UCX7EiQPtieeOSKDDWqLXO8A,UCX7EiQPtieeOSKDDWqLXO8A,41000,1705
만재ManJaeTv,https://vling.net/channel/UC6HC9jI3iukjMhHg00UJDPw,UC6HC9jI3iukjMhHg00UJDPw,143000,9396
호테쏭 green house,https://vling.net/channel/UCDuroVQ0GzfgRGUChPHLa0w,UCDuroVQ0GzfgRGUChPHLa0w,17700,7354
BATH MASTER,https://vling.net/channel/UCJX6xd5FbDHaKQDSNXjxM0Q,UCJX6xd5FbDHaKQDSNXjxM0Q,41000,2770
침대점령 BED TAKER,https://vling.net/channel/UCLVII9BrZRohbGB9dV7Wc1A,UCLVII9BrZRohbGB9dV7Wc1A,185000,23423
백제부동산공인중개사 전주점,https://vling.net/channel/UCLYGpQ7ga8UgWaPXqidXThA,UCLYGpQ7ga8UgWaPXqidXThA,30500,5611
빽꼬미 bbaekcommi,https://vling.net/channel/UCP2fcaQIDIF7dEqsKi0W2_Q,UCP2fcaQIDIF7dEqsKi0W2_Q,20900,3134
초이프,https://vling.net/channel/UCNBHHamSDRKhpLMlsVoqNlw,UCNBHHamSDRKhpLMlsVoqNlw,228000,8773
차차 CHACHA,https://vling.net/channel/UCtYVDoOUTeZJDdevUAC6dCQ,UCtYVDoOUTeZJDdevUAC6dCQ,42900,246
꾸리와뚜지 Kuri&Tuji,https://vling.net/channel/UCHEsWb81e75sLSyROYC1SPA,UCHEsWb81e75sLSyROYC1SPA,48500,4054
수국 산골소년  🐰🌵,https://vling.net/channel/UChiPMHebWHmindGGb1U_QgQ,UChiPMHebWHmindGGb1U_QgQ,12400,539
GEOGI Pop,https://vling.net/channel/UCWgInjBOoS0p4hDEXiA2Zxw,UCWgInjBOoS0p4hDEXiA2Zxw,19900,153
마선생,https://vling.net/channel/UCh0kCEM5e628e2VJ0Fds9pA,UCh0kCEM5e628e2VJ0Fds9pA,134000,67083
tamsew /탐나는쏘잉,https://vling.net/channel/UCxJFBCkJoABXzLb791Hddrw,UCxJFBCkJoABXzLb791Hddrw,48300,1440
선진부동산,https://vling.net/channel/UCv188oBfepnJOTl3uWmmNAQ,UCv188oBfepnJOTl3uWmmNAQ,19600,11438
예쁜제라늄농장,https://vling.net/channel/UCpSyev52LwuvojiIDA6odsQ,UCpSyev52LwuvojiIDA6odsQ,23200,1828
나의 쓰레기 아저씨,https://vling.net/channel/UCbeBMwef70Vna8doUWiN4Vg,UCbeBMwef70Vna8doUWiN4Vg,217000,31347
함백산도깨비,https://vling.net/channel/UCTEjAIs1SVn4DKU6-QD9GMg,UCTEjAIs1SVn4DKU6-QD9GMg,298000,188435
심리연구실,https://vling.net/channel/UCAvsPirUHJoAQSYmt3_HrUQ,UCAvsPirUHJoAQSYmt3_HrUQ,11600,12286
마니tv,https://vling.net/channel/UCbf-Ha1hVF_NMv891xmdUVQ,UCbf-Ha1hVF_NMv891xmdUVQ,181000,11963
미운훈남,https://vling.net/channel/UChDyylC55uv3qiEVF4cgXYA,UChDyylC55uv3qiEVF4cgXYA,108000,40220
나는 사장님,https://vling.net/channel/UCx60821JEX9Aai1kRU-R8Xw,UCx60821JEX9Aai1kRU-R8Xw,121000,36359
오리지널 레미 ORIGINAL REMY,https://vling.net/channel/UCo4ia3fXOoy2PCk6Ul0gErQ,UCo4ia3fXOoy2PCk6Ul0gErQ,15600,5018
Tendersmile Handmade,https://vling.net/channel/UCnlSmh_iFhTih_dAQ5Jdprg,UCnlSmh_iFhTih_dAQ5Jdprg,482000,48960
Doha & Daan,https://vling.net/channel/UC6avpv7FFmllFfghyjyx3fg,UC6avpv7FFmllFfghyjyx3fg,36200,10172
사주나루  Official,https://vling.net/channel/UCIsWG7mR52s896E8TSZmOVA,UCIsWG7mR52s896E8TSZmOVA,52300,8408
남인숙 작가의 어른성장학교,https://vling.net/channel/UChudRMkm2uum22Tc1FepK_A,UChudRMkm2uum22Tc1FepK_A,223000,15639
Fred Liu,https://vling.net/channel/UCCKidnYibSJ76cb_ROt4LpQ,UCCKidnYibSJ76cb_ROt4LpQ,812000,12639
아임플래너 | 블로그 강의 채널,https://vling.net/channel/UCXCBHI8Hg6XziXHtcWW4rIw,UCXCBHI8Hg6XziXHtcWW4rIw,28800,2724
에바EVA,https://vling.net/channel/UCf3b81YFYvGMtx3KBrnpsLg,UCf3b81YFYvGMtx3KBrnpsLg,747000,50360
김락희 Rockhe Kim,https://vling.net/channel/UCjnc0AA4TKE1NiR6oPVGYnw,UCjnc0AA4TKE1NiR6oPVGYnw,118000,3927
방울신궁,https://vling.net/channel/UCRmxfagn3ji-JSrNW2rwa-Q,UCRmxfagn3ji-JSrNW2rwa-Q,16700,3705
셀프컴퍼니,https://vling.net/channel/UCbgIQNUuM0gHgo8HvBmcthw,UCbgIQNUuM0gHgo8HvBmcthw,294000,8815
"설비하는 힙스터,G형",https://vling.net/channel/UCpJ0ENEg6YtuPZ3V2IgLArA,UCpJ0ENEg6YtuPZ3V2IgLArA,17000,2761
시골의사TV,https://vling.net/channel/UCStaM_-Yv5yPMbfN65RcuCA,UCStaM_-Yv5yPMbfN65RcuCA,60900,11606
만월도전TV,https://vling.net/channel/UCtjMY_ppjsSwwGzUSJML4kA,UCtjMY_ppjsSwwGzUSJML4kA,25900,1400
프로공인,https://vling.net/channel/UC5ecxAa4_c5yIz3SM_eGaGA,UC5ecxAa4_c5yIz3SM_eGaGA,10000,25976
주말에가는집,https://vling.net/channel/UCpifRu_t9JyfLuberyQEcmQ,UCpifRu_t9JyfLuberyQEcmQ,130000,16931
소프트콘 디자인,https://vling.net/channel/UChFDJSCSFd5R6sdVW1ZywAA,UChFDJSCSFd5R6sdVW1ZywAA,11500,5005
자연을 닮은 사람들,https://vling.net/channel/UC3aYsblbkJMuKxPIzNMac_A,UC3aYsblbkJMuKxPIzNMac_A,21600,1235
반딧불이팜 야생화꽃놀이터,https://vling.net/channel/UCZx3pYuBgCNS0tXHxPuu4PA,UCZx3pYuBgCNS0tXHxPuu4PA,16600,24719
목포갈매기,https://vling.net/channel/UCe20dF5nRdIbFmELuc05tGg,UCe20dF5nRdIbFmELuc05tGg,105000,782
참사랑정원이야기,https://vling.net/channel/UCU4IDNcUPJU6hxNvMJo2RaQ,UCU4IDNcUPJU6hxNvMJo2RaQ,17400,263
작약꽃TV,https://vling.net/channel/UCgx-QXn63mJalj-BX8kAGpg,UCgx-QXn63mJalj-BX8kAGpg,281000,11269
유쾌한집 강대호,https://vling.net/channel/UC6P4KtFPtSLSW5ss5E8vS1g,UC6P4KtFPtSLSW5ss5E8vS1g,19800,2914
채널 탐라집,https://vling.net/channel/UCmLSeqbYpDqebEwd5gpRmfA,UCmLSeqbYpDqebEwd5gpRmfA,34400,7374
포스텔러 FORCETELLER,https://vling.net/channel/UCDVSUBZqhh1KV-ovGDBQ_iQ,UCDVSUBZqhh1KV-ovGDBQ_iQ,103000,79464
뻑가 PPKKa,https://vling.net/channel/UClE2hKVqycauBKmXwawizEg,UClE2hKVqycauBKmXwawizEg,1040000,13417
채우다201,https://vling.net/channel/UCif-JSRMPEr-LPHdC13FGvw,UCif-JSRMPEr-LPHdC13FGvw,15600,2352
땅토지Tv,https://vling.net/channel/UCH1IClCqPjfM-_W_AzcM2oQ,UCH1IClCqPjfM-_W_AzcM2oQ,44100,2917
마인드잇슈,https://vling.net/channel/UCBYV9xx9DGI8hgnWdCtBfDQ,UCBYV9xx9DGI8hgnWdCtBfDQ,22600,12526
비해상방 “무쇠보살”,https://vling.net/channel/UCZRWHyNQB5KBVNJ7GSLZEWw,UCZRWHyNQB5KBVNJ7GSLZEWw,24700,2089
밀양사랑티비,https://vling.net/channel/UCKjL7Q2EK9IfJvObfMz4Zwg,UCKjL7Q2EK9IfJvObfMz4Zwg,42200,11224
이정원의 정리TV,https://vling.net/channel/UCrDatcyUDnHTF3TxCZ2-Niw,UCrDatcyUDnHTF3TxCZ2-Niw,26600,7955
발주남: 발가락으로 주식투자하는남자! ,https://vling.net/channel/UCJXY7RfznB2Kw9Xtx1qLr-A,UCJXY7RfznB2Kw9Xtx1qLr-A,18500,4505
지미네 옥상다육,https://vling.net/channel/UCMbkhKSxArtWUG8EbZUfyFQ,UCMbkhKSxArtWUG8EbZUfyFQ,10300,541
뚕뚕니💛,https://vling.net/channel/UC-kFNV7f0e1hURPkYWWP_Nw,UC-kFNV7f0e1hURPkYWWP_Nw,29100,2556
내가살고싶은집,https://vling.net/channel/UCF5nSkVhVNw7aOcRpDLENlQ,UCF5nSkVhVNw7aOcRpDLENlQ,47700,1622
운세 티비,https://vling.net/channel/UConqLQysw-ZFrokEp4YMTTA,UConqLQysw-ZFrokEp4YMTTA,71200,25379
서정가요TV ,https://vling.net/channel/UChZWlILGjNtG5c_NDnM0rmg,UChZWlILGjNtG5c_NDnM0rmg,15900,2333
다육여사공방,https://vling.net/channel/UCbeWkd16TGFIeYFkf1yYO1w,UCbeWkd16TGFIeYFkf1yYO1w,17400,5195
오십의 지혜,https://vling.net/channel/UCE3oEDjGupLCLtZ_NStWygw,UCE3oEDjGupLCLtZ_NStWygw,163000,17992
모래요정 다육식물,https://vling.net/channel/UCDXB-IuBNzl06GgtN6R22ig,UCDXB-IuBNzl06GgtN6R22ig,13200,4398
마닐라 백가 Baek In Manila,https://vling.net/channel/UC_xqmCKBgZPcbazS_Obwxhg,UC_xqmCKBgZPcbazS_Obwxhg,25200,1423
차니Cha Ni,https://vling.net/channel/UCTVXT-qWsNjl9CbSwqAtWaQ,UCTVXT-qWsNjl9CbSwqAtWaQ,25000,1990
누수TV 수사반장 ,https://vling.net/channel/UC2151Vc0XU3d566cynLru0g,UC2151Vc0XU3d566cynLru0g,14400,10344
택주,https://vling.net/channel/UC2qz_dTtF_Z1Ef1NtvcpW3w,UC2qz_dTtF_Z1Ef1NtvcpW3w,17100,426
황룡갑,https://vling.net/channel/UC-KafR_WOgyxLK_2FBsP8-w,UC-KafR_WOgyxLK_2FBsP8-w,433000,429739
떡콩 DDUCK KONG,https://vling.net/channel/UC2XiVtvo5_pujDnmi41Xriw,UC2XiVtvo5_pujDnmi41Xriw,170000,7898
홍성수지공인중개사,https://vling.net/channel/UC01MlDckXxG423FKIhAL1gw,UC01MlDckXxG423FKIhAL1gw,27800,5098
강민혁 KANG MIN HYUK,https://vling.net/channel/UC1Cy-E5XMD8P4rjG2mI7kjQ,UC1Cy-E5XMD8P4rjG2mI7kjQ,89600,2043
태산건축자재,https://vling.net/channel/UCNEtwDqeZLZlAUkbY0OFpFw,UCNEtwDqeZLZlAUkbY0OFpFw,46300,10100
이야기 들려주는 새벽,https://vling.net/channel/UCbE_dan2Kb6nxby9Fmmehkw,UCbE_dan2Kb6nxby9Fmmehkw,64800,23435
하니얌 haniyam,https://vling.net/channel/UCg3fbghVDyzdmkJBR54VMjg,UCg3fbghVDyzdmkJBR54VMjg,82000,4718
은수좋은날 eunsoo goodday,https://vling.net/channel/UCwZep-iW_1DnWQpAkAawlgw,UCwZep-iW_1DnWQpAkAawlgw,137000,8251
한그림 HANgrimm,https://vling.net/channel/UCJilmacrqYKn_wNSWStdJRA,UCJilmacrqYKn_wNSWStdJRA,59500,13043
창기TV,https://vling.net/channel/UCC2KhAk9hOqbDzhN72C5Tug,UCC2KhAk9hOqbDzhN72C5Tug,39200,682
살림연구소 오클,https://vling.net/channel/UCB9a8WTj8xN-Kg9t0x9Zr-g,UCB9a8WTj8xN-Kg9t0x9Zr-g,302000,226401
감성공인중개사,https://vling.net/channel/UCsahJkSXPsbkDFGYH5x8u4A,UCsahJkSXPsbkDFGYH5x8u4A,74800,6485
Gmlsunny희선,https://vling.net/channel/UCfTbqC-Im3UE-jxTX0QNcCA,UCfTbqC-Im3UE-jxTX0QNcCA,40500,2879
 이글수💕(천상인연ㆍ친구들아)콘서트tv뻑가요,https://vling.net/channel/UC1DVPgpFs4AYi5ntBEydrvQ,UC1DVPgpFs4AYi5ntBEydrvQ,106000,1006
진진핑크,https://vling.net/channel/UC10eoKQi2OOaHccyGou4nsg,UC10eoKQi2OOaHccyGou4nsg,11600,924
덤순이,https://vling.net/channel/UC12NiLxR_G1yYgRZQZJhntg,UC12NiLxR_G1yYgRZQZJhntg,291000,303837
선정스런하루,https://vling.net/channel/UC3H6AXUcPH0hjFr1m9jkB8Q,UC3H6AXUcPH0hjFr1m9jkB8Q,26200,3260
지청목련,https://vling.net/channel/UC-yjT5qhjSWBfeupwjr3UrA,UC-yjT5qhjSWBfeupwjr3UrA,52400,5015
용인중전마마,https://vling.net/channel/UC-zQpZ6LsorWVi1nj0J5qDA,UC-zQpZ6LsorWVi1nj0J5qDA,290000,11448
라이프컨설팅,https://vling.net/channel/UC0Elpj8Ib-yNfkaKaE9f1Nw,UC0Elpj8Ib-yNfkaKaE9f1Nw,123000,20699
JACKDesenhos,https://vling.net/channel/UC0HQAlTYVdrYFTDznvOc8Yw,UC0HQAlTYVdrYFTDznvOc8Yw,272000,11390
따로 ddalo,https://vling.net/channel/UC-ZHb-NYaQDuuguCEroL26w,UC-ZHb-NYaQDuuguCEroL26w,50800,1866
Redwhale 빨간고래,https://vling.net/channel/UC27AsFI03XkFXz0vJ1tS0Pw,UC27AsFI03XkFXz0vJ1tS0Pw,131000,1763
이소라테니스TV,https://vling.net/channel/UCzsVqcy46s0toNtu6ceO8OA,UCzsVqcy46s0toNtu6ceO8OA,32800,1276
강철 멘탈 동기부여_박민호,https://vling.net/channel/UCY9xY7TMaWs35Lr4SEz6hBQ,UCY9xY7TMaWs35Lr4SEz6hBQ,62800,3255
슬롯실시간 김소장버스,https://vling.net/channel/UCb0IIfA9Qzk57KsCm4y5Nnw,UCb0IIfA9Qzk57KsCm4y5Nnw,47900,43
더초록TheCHoRoK,https://vling.net/channel/UCHA-x0HRRIt1naBqWkNooSA,UCHA-x0HRRIt1naBqWkNooSA,41500,1113
진아쌤,https://vling.net/channel/UC0a7yh7aC8JlhPSi2fD2LEA,UC0a7yh7aC8JlhPSi2fD2LEA,20800,386
하자씨,https://vling.net/channel/UCQZWzz6vKj1Jc3JOe7qa7RQ,UCQZWzz6vKj1Jc3JOe7qa7RQ,11200,603
simple life,https://vling.net/channel/UCVSEit-NUT1-vZe-tQR-N-A,UCVSEit-NUT1-vZe-tQR-N-A,11600,421
농사친구,https://vling.net/channel/UCVGT1BEkyns0nPabsFgO18g,UCVGT1BEkyns0nPabsFgO18g,56800,50016
브랜디액션 | ACTION,https://vling.net/channel/UCURAgO0jG3i2QN0iC7Dh8nA,UCURAgO0jG3i2QN0iC7Dh8nA,48700,4684
제롬JEROME,https://vling.net/channel/UC4wHL2jg-478ARVjhbC7tUw,UC4wHL2jg-478ARVjhbC7tUw,465000,9310
부연사,https://vling.net/channel/UCWBEg0ZjbTdQG5_ddaW3p3w,UCWBEg0ZjbTdQG5_ddaW3p3w,113000,67500
엠티오의 내려놓기,https://vling.net/channel/UCWs5UA5FMGEFSsZmvQppOUQ,UCWs5UA5FMGEFSsZmvQppOUQ,24100,4663
매일제히,https://vling.net/channel/UCWWnWFPkfXMIjxNhBu5qVtg,UCWWnWFPkfXMIjxNhBu5qVtg,348000,88959
석구리,https://vling.net/channel/UCWfI4au8qQ_iiEk9JQtUzMQ,UCWfI4au8qQ_iiEk9JQtUzMQ,190000,45074
지지코 Jijiko,https://vling.net/channel/UCUPq3Nctzp52MKEXbC88i4Q,UCUPq3Nctzp52MKEXbC88i4Q,13300,3038
진꼰대,https://vling.net/channel/UCT433V5RRIlwHVv2t3Lv6PA,UCT433V5RRIlwHVv2t3Lv6PA,92200,9963
Kobeomsuk furniture,https://vling.net/channel/UCVOpX2P5wygh7sB1KXgh_5g,UCVOpX2P5wygh7sB1KXgh_5g,314000,2032
불륜연구소,https://vling.net/channel/UCWKHrQkNJkFkQn8A2lwpehw,UCWKHrQkNJkFkQn8A2lwpehw,50600,1111
유진비디오,https://vling.net/channel/UCX9dEYOmiPhsGMCwFzWk6GA,UCX9dEYOmiPhsGMCwFzWk6GA,13700,17759
깡쓰TV,https://vling.net/channel/UCCoqRHn40Fp-VarJUaKTGlQ,UCCoqRHn40Fp-VarJUaKTGlQ,563000,69885
영영이네🏡,https://vling.net/channel/UCGyEM1yA7RldKKxiaCEv31w,UCGyEM1yA7RldKKxiaCEv31w,21500,14442
하늘선비의 마음다스림,https://vling.net/channel/UCRTJQZI71bItXACrdK6r96Q,UCRTJQZI71bItXACrdK6r96Q,52600,286
KEIRA FLEUR,https://vling.net/channel/UCrNlS9rlHohTHAL39mg0KkQ,UCrNlS9rlHohTHAL39mg0KkQ,26200,143
오늘의집,https://vling.net/channel/UCBKtitA1RwY7F32rCniV1dA,UCBKtitA1RwY7F32rCniV1dA,787000,115557
말많은소녀🎙️,https://vling.net/channel/UCXhl35cbCGyDHhCEyw4LeGQ,UCXhl35cbCGyDHhCEyw4LeGQ,193000,2911
Pab Bibo II,https://vling.net/channel/UCaB8uJoIQMBTdGyu8LRqHdA,UCaB8uJoIQMBTdGyu8LRqHdA,15600,52
노브,https://vling.net/channel/UCyKBR2ZS_-IqrDP7emx_VHQ,UCyKBR2ZS_-IqrDP7emx_VHQ,26900,340
역대최고,https://vling.net/channel/UCsZKm_zEpZHfOQIyqL8RH9Q,UCsZKm_zEpZHfOQIyqL8RH9Q,99900,11312
으냉이,https://vling.net/channel/UCfyFh8M_dN6ZsyNgEDrJq1g,UCfyFh8M_dN6ZsyNgEDrJq1g,15600,16
유민님,https://vling.net/channel/UCaN2hWDtZZ15Jt9HdntN2tw,UCaN2hWDtZZ15Jt9HdntN2tw,27400,13753
홀리씨즈교회,https://vling.net/channel/UC2Da2Hnatck20h9ZCfLJ9Sg,UC2Da2Hnatck20h9ZCfLJ9Sg,10400,85
박종규 양봉 TV,https://vling.net/channel/UCyNLyfdhKwo1WCzwKCq7BTQ,UCyNLyfdhKwo1WCzwKCq7BTQ,15300,930
소피아패밀리(Sophia family),https://vling.net/channel/UCdK23vzK74N6SzL9VIKR3MQ,UCdK23vzK74N6SzL9VIKR3MQ,399000,72125
임세모 IMSEMO,https://vling.net/channel/UCm7m_f1CNe_vF63F8THAHKA,UCm7m_f1CNe_vF63F8THAHKA,20600,933
소울정,https://vling.net/channel/UCOad7XBQl83FAzunMVN7Ujg,UCOad7XBQl83FAzunMVN7Ujg,178000,26628
먹템 파인더,https://vling.net/channel/UCbdCnVIf3PBpp2odDUB8wXg,UCbdCnVIf3PBpp2odDUB8wXg,10400,297
감성을 깨우는 나,https://vling.net/channel/UCXck88bCwUvAbHmaqzHCEYQ,UCXck88bCwUvAbHmaqzHCEYQ,132000,267
강쥐G,https://vling.net/channel/UCMJiRC8ebr3BM1bqSGy3lXA,UCMJiRC8ebr3BM1bqSGy3lXA,161000,18740
용월아재,https://vling.net/channel/UCI-uLpArGTlvqoS9r7A_H1A,UCI-uLpArGTlvqoS9r7A_H1A,52100,6819
백떠벌,https://vling.net/channel/UCHloDo2TlVAzleRVFvfKaWg,UCHloDo2TlVAzleRVFvfKaWg,12100,2429
유세미의 직장수업,https://vling.net/channel/UCfdU2orCvmcPaCYSlvUo1Gw,UCfdU2orCvmcPaCYSlvUo1Gw,213000,60955
Heesun Family Cuộc Sống Hàn Quốc,https://vling.net/channel/UCfk-n16w2NgDD4tvPZghvaQ,UCfk-n16w2NgDD4tvPZghvaQ,230000,18579
Chloe Kim,https://vling.net/channel/UCCZ91sTiNeNsr7XuGbLK3GQ,UCCZ91sTiNeNsr7XuGbLK3GQ,69300,4305
촌땅  ,https://vling.net/channel/UCmsl2t_C-NNlyYiPcqsOukQ,UCmsl2t_C-NNlyYiPcqsOukQ,54500,4984
연애고수 TV,https://vling.net/channel/UCFbCrkuoJ0y4WfwOa6e5QHg,UCFbCrkuoJ0y4WfwOa6e5QHg,410000,38978
Nuria Ma,https://vling.net/channel/UCtoUJPkogTX7I0gTk5Ezf2g,UCtoUJPkogTX7I0gTk5Ezf2g,739000,7157
김시훈,https://vling.net/channel/UC4RfN3UpRe9uD5e-yTd5i6A,UC4RfN3UpRe9uD5e-yTd5i6A,11000,1714
kaiteki ART,https://vling.net/channel/UC2GS74txP1QN_pa3Svh1uHA,UC2GS74txP1QN_pa3Svh1uHA,742000,14120
REC.O(내맘추) 매거진,https://vling.net/channel/UCrDvi0pUbKpfaFMgefjaSJw,UCrDvi0pUbKpfaFMgefjaSJw,19800,1864
튠앤피치_Tune&Pitch,https://vling.net/channel/UC7dD8AGsrjKkwkl5bqbilng,UC7dD8AGsrjKkwkl5bqbilng,13100,7095
아옳이,https://vling.net/channel/UCE8SAlfZT-T8iwa7aOD8vaQ,UCE8SAlfZT-T8iwa7aOD8vaQ,780000,23503
SJSTORY,https://vling.net/channel/UCQWylDRwci5zpGZxLmgtbEg,UCQWylDRwci5zpGZxLmgtbEg,218000,28539
HEYJOO,https://vling.net/channel/UCQzua_2QeaSarp8oCDk0f-g,UCQzua_2QeaSarp8oCDk0f-g,19300,847
Dollightful,https://vling.net/channel/UCitKV0ebZVbtU2nIPihDGMQ,UCitKV0ebZVbtU2nIPihDGMQ,2040000,32847
다정이Dajung,https://vling.net/channel/UCkjsh6EUxDMRZazR2X9Fu4A,UCkjsh6EUxDMRZazR2X9Fu4A,20800,2128
스튜디오 띵톡(Studio ThinkTalk),https://vling.net/channel/UCuAH0gINDq4qzK8lG1rcXJw,UCuAH0gINDq4qzK8lG1rcXJw,31200,5934
SunnysideSoop수프,https://vling.net/channel/UCwjoaVxMLUYvqNqff9v6wAA,UCwjoaVxMLUYvqNqff9v6wAA,16900,560
정우하우징,https://vling.net/channel/UCog_i990g2cyqa7HOMOTlnw,UCog_i990g2cyqa7HOMOTlnw,19200,519
raso라소기록,https://vling.net/channel/UCbQMVXzNomBTHmtHrI--3WA,UCbQMVXzNomBTHmtHrI--3WA,20800,579
리흔이 생기브,https://vling.net/channel/UCFtY8NtxTmaSR5oZx3OJrGg,UCFtY8NtxTmaSR5oZx3OJrGg,95400,1079
sissel,https://vling.net/channel/UCEbJ7iAVK3GQrZ1cAc--ONg,UCEbJ7iAVK3GQrZ1cAc--ONg,880000,13792
Crochet MystiKotita 미스티코티타 코바늘 뜨개질,https://vling.net/channel/UCtLBjqy2KdEeke_YwesQZFw,UCtLBjqy2KdEeke_YwesQZFw,43100,571
윤그린,https://vling.net/channel/UCx82ohu9ATU_xBbz-464w0g,UCx82ohu9ATU_xBbz-464w0g,336000,8496
juyoung,https://vling.net/channel/UCrdWdj_pHhJ-YFq6KdlxKQw,UCrdWdj_pHhJ-YFq6KdlxKQw,82900,9178
해옥채널haeokChannel,https://vling.net/channel/UCu_B3xuSgALiD3yhQ8z-NdQ,UCu_B3xuSgALiD3yhQ8z-NdQ,43200,3087
신기율의 마음찻집,https://vling.net/channel/UCz1YUsEqbU886do7wbZ4rrg,UCz1YUsEqbU886do7wbZ4rrg,86600,13056
_yourgift,https://vling.net/channel/UC66_zFbrg7r5MGHXs9LdHEg,UC66_zFbrg7r5MGHXs9LdHEg,106000,2995
작은정원,https://vling.net/channel/UC87dsNOBvQOsd6yCcx755Fg,UC87dsNOBvQOsd6yCcx755Fg,20100,515
韓国生活@スナツ,https://vling.net/channel/UCOwWPFsz7SluUV4h63bUWfQ,UCOwWPFsz7SluUV4h63bUWfQ,11000,8594
마음 풀고 가세요,https://vling.net/channel/UC8qGSmKMskYJDV4HJtYXmug,UC8qGSmKMskYJDV4HJtYXmug,137000,12212
TV JOSIS티비조씨,https://vling.net/channel/UCBdA0P4J-8qNWJee6euYDYQ,UCBdA0P4J-8qNWJee6euYDYQ,146000,78095
김영자꽃피는마당,https://vling.net/channel/UCXjin_qpTI-4eBlL4lNB1vA,UCXjin_qpTI-4eBlL4lNB1vA,16000,473
주주주미 jujujumi,https://vling.net/channel/UC_FRyL785J-iSPZWuK7EkcQ,UC_FRyL785J-iSPZWuK7EkcQ,12200,2876
야키토리 나오카,https://vling.net/channel/UC6_GtdcYMbb4gZS_u4KYw5w,UC6_GtdcYMbb4gZS_u4KYw5w,12300,8187
민고영,https://vling.net/channel/UC4doHgl4BCXTw61U5E3Qtyw,UC4doHgl4BCXTw61U5E3Qtyw,14700,7877
Rena Hattori,https://vling.net/channel/UCpsm2MaE8RcGWnSLSfMLoQQ,UCpsm2MaE8RcGWnSLSfMLoQQ,40800,239
조현근 CHOHYUNGEUN,https://vling.net/channel/UCC7HaIir---xbpHWKB_6Ixw,UCC7HaIir---xbpHWKB_6Ixw,16200,4123
농사의여신申,https://vling.net/channel/UC_XRCj5miqjmRNPUnK-d5gw,UC_XRCj5miqjmRNPUnK-d5gw,14600,1853
사과잼와플,https://vling.net/channel/UCHv0zSBjC_QFwUZlaKSyXbw,UCHv0zSBjC_QFwUZlaKSyXbw,13300,10433
꽉수빈,https://vling.net/channel/UCBjsuHP4F5izWwkzCZgb96g,UCBjsuHP4F5izWwkzCZgb96g,98300,1355
라비올렛 LaViolette,https://vling.net/channel/UCkf9xQEHIYA9XQvMjZ-JgmQ,UCkf9xQEHIYA9XQvMjZ-JgmQ,14900,461
와럎 warap,https://vling.net/channel/UCa5ucWqL-1DAVG2_Ht60C3Q,UCa5ucWqL-1DAVG2_Ht60C3Q,11600,859
단단_최소 기록의 법칙,https://vling.net/channel/UCK4OICTGcTcPh1n0kvF-CXg,UCK4OICTGcTcPh1n0kvF-CXg,20400,431
Life-D 라잎디 ,https://vling.net/channel/UCnQYVuneI5kA0fWK4a2iPPA,UCnQYVuneI5kA0fWK4a2iPPA,10100,562
전북하나로부동산,https://vling.net/channel/UCTKDMhvFRQbtwh-Wwntv_OA,UCTKDMhvFRQbtwh-Wwntv_OA,10700,2781
소히조이soheejoy,https://vling.net/channel/UCG4N0UnPlBvWT_CTL4pQGAA,UCG4N0UnPlBvWT_CTL4pQGAA,106000,116322
소리지 sorizi,https://vling.net/channel/UCR5ZJd2aRuBTXEmSEy2XaJQ,UCR5ZJd2aRuBTXEmSEy2XaJQ,49300,12135
유녹 Yunok,https://vling.net/channel/UCgHt-fuKq9TwMHO9gkzS17g,UCgHt-fuKq9TwMHO9gkzS17g,49600,7728
세희희,https://vling.net/channel/UCI9unChLURHAxPrAGjXnV9w,UCI9unChLURHAxPrAGjXnV9w,24900,564
이밍꾸 EMINGGU,https://vling.net/channel/UCBt2y4jx0JJ0Bt4dMssVM-w,UCBt2y4jx0JJ0Bt4dMssVM-w,40600,2548
몹스토리,https://vling.net/channel/UClRcq0OgdzEEwSqkti3k_1g,UClRcq0OgdzEEwSqkti3k_1g,25600,95811
그 해 현진은,https://vling.net/channel/UCx5BHSUYjM65Ji7PzGK4wog,UCx5BHSUYjM65Ji7PzGK4wog,12200,531
나는 가장주부_아들 키우는 싱글맘,https://vling.net/channel/UCEoXQ-aSOEfHa4H0oIinhMA,UCEoXQ-aSOEfHa4H0oIinhMA,12400,919
Armii Craft 아르미 공작소,https://vling.net/channel/UCljI2km1KhzVuiydkAXvEHw,UCljI2km1KhzVuiydkAXvEHw,40500,10807
리메이커 신빛나 (Building Remaker),https://vling.net/channel/UC5rzu9g5O37hnE5SDUFa21Q,UC5rzu9g5O37hnE5SDUFa21Q,68000,5163
매화보살 칠성암,https://vling.net/channel/UCl0hA5kao-ggo3HdYc0940A,UCl0hA5kao-ggo3HdYc0940A,10800,2568
로밍 모노 Roaming Mono,https://vling.net/channel/UC_c2192iCWc_fQytHcH4qXg,UC_c2192iCWc_fQytHcH4qXg,15800,2002
하늘지붕FABRIC,https://vling.net/channel/UCNWgi-c9nTj8Zh2B0-ZxdCQ,UCNWgi-c9nTj8Zh2B0-ZxdCQ,14000,1016
인생나날,https://vling.net/channel/UCtHooblia6W73O16zN7jxfw,UCtHooblia6W73O16zN7jxfw,109000,34469
여래사 도운스님,https://vling.net/channel/UCWO8BfiEFuWVT93Xh41M9Vg,UCWO8BfiEFuWVT93Xh41M9Vg,36900,4247
친절한 무관심,https://vling.net/channel/UCZGGpf0MFY65wKC_kmTvU7g,UCZGGpf0MFY65wKC_kmTvU7g,20400,434
박유니크 Mywaypark,https://vling.net/channel/UCa-ZDrYFKvQ-rZzjHz1iP0A,UCa-ZDrYFKvQ-rZzjHz1iP0A,33700,5605
설아의날들 (Seola's Moments),https://vling.net/channel/UC6hIfm4cG58W0DLvvrrd9sQ,UC6hIfm4cG58W0DLvvrrd9sQ,35600,1884
이안's 집꾸미기 레시피,https://vling.net/channel/UC2N3CXTXmq8g_oFhTjSbp2w,UC2N3CXTXmq8g_oFhTjSbp2w,52500,11180
gukbapboi,https://vling.net/channel/UCNuNapZyvr7577LNM5DDbxQ,UCNuNapZyvr7577LNM5DDbxQ,19500,3619
폭시TV,https://vling.net/channel/UCWii2OOGic3E1y8L0TbGYaw,UCWii2OOGic3E1y8L0TbGYaw,44600,12062
"방구석 요괴 (과자먹방,우울,은둔 일기)",https://vling.net/channel/UCOmV3x8KDB7BTYVALuQ--2w,UCOmV3x8KDB7BTYVALuQ--2w,26900,4624
채린라벨 Cherry Park,https://vling.net/channel/UCgjhKcxZa_4v080XyYrg-9A,UCgjhKcxZa_4v080XyYrg-9A,222000,18241
두룸살림,https://vling.net/channel/UCCni5h57bpyy5BRbOCzYklw,UCCni5h57bpyy5BRbOCzYklw,17000,16432
욕실천사,https://vling.net/channel/UCze7q4JWCL0EAZfKQgOYKFQ,UCze7q4JWCL0EAZfKQgOYKFQ,19900,1421
우아 ooa,https://vling.net/channel/UCuCyoYs7OoNFbNa6uEEAh6A,UCuCyoYs7OoNFbNa6uEEAh6A,100000,11727
"간편한살림,옆집언니마지",https://vling.net/channel/UCRvt89lr8VYa1A8ZqiTaJ1g,UCRvt89lr8VYa1A8ZqiTaJ1g,14500,2848
시금치,https://vling.net/channel/UCpZWJDl0X3A2Xzl9Vq_nN_A,UCpZWJDl0X3A2Xzl9Vq_nN_A,17500,1529
인생철학관 만월보살,https://vling.net/channel/UCRn-MdUJS-3RryZl30I3wbg,UCRn-MdUJS-3RryZl30I3wbg,36700,3891
꽃을 든 강쥐,https://vling.net/channel/UCBLzzqJASZl8dqU5kYfZ6qw,UCBLzzqJASZl8dqU5kYfZ6qw,17600,11205
미란다TV,https://vling.net/channel/UCaxLRqNQ_Wxs1s0Szfi6o-A,UCaxLRqNQ_Wxs1s0Szfi6o-A,144000,51163
베리트디자인,https://vling.net/channel/UCLJSj1_xnQAux5jZTXp8kSg,UCLJSj1_xnQAux5jZTXp8kSg,33400,9489
전채연 CHAEYEON JEON,https://vling.net/channel/UCM5rnpQbwaUo46y9Nkx3s2A,UCM5rnpQbwaUo46y9Nkx3s2A,55600,13322
younme유나,https://vling.net/channel/UCNH35fnwP614NSIqkr2TQMA,UCNH35fnwP614NSIqkr2TQMA,24300,1046
쪼앤 JOANNE,https://vling.net/channel/UCunYvebTRsZOXfPSJL8DGfw,UCunYvebTRsZOXfPSJL8DGfw,82800,8758
amandako,https://vling.net/channel/UC2a8ylUeUkGmlngU97G_7Zg,UC2a8ylUeUkGmlngU97G_7Zg,616000,9519
정재훈 농업채널,https://vling.net/channel/UCws18FXjms0whzz_GedRkng,UCws18FXjms0whzz_GedRkng,64200,8756
바게트비비,https://vling.net/channel/UCfo_itS06jQrzJ55-HRTxig,UCfo_itS06jQrzJ55-HRTxig,14600,1389
대부도 포도나무부동산,https://vling.net/channel/UC5AAti0lV-W5kA6fSQ965bw,UC5AAti0lV-W5kA6fSQ965bw,19500,1049
도파민선,https://vling.net/channel/UC6Frvw85kL1K3MNkod3fopQ,UC6Frvw85kL1K3MNkod3fopQ,13000,5299
자민 jamin,https://vling.net/channel/UCh8C8QtVTA9tixs0_GTE3fA,UCh8C8QtVTA9tixs0_GTE3fA,59100,2193
주현주혀니 Joohyuny,https://vling.net/channel/UCrePMOPfWqU6nviA3gO1bXw,UCrePMOPfWqU6nviA3gO1bXw,24600,7294
야심한 남자 : 남자 최적화,https://vling.net/channel/UCnILmyz1oXc7eZHUBRrlSLA,UCnILmyz1oXc7eZHUBRrlSLA,85500,2485
풍년드림,https://vling.net/channel/UC6FKUQzhcAL7ega9staa2FA,UC6FKUQzhcAL7ega9staa2FA,23200,598
정지환,https://vling.net/channel/UCRiaJvKq7GVZMx0YGXPZmYA,UCRiaJvKq7GVZMx0YGXPZmYA,16900,9021
수아빈홈 Suabin home,https://vling.net/channel/UCt-FE9tDYUM5TmLFBp2JMLw,UCt-FE9tDYUM5TmLFBp2JMLw,11600,4405
징가이버 - 홈가드닝 Home Gardening,https://vling.net/channel/UCpIjmvxCOlMZp9jt9xK4Nug,UCpIjmvxCOlMZp9jt9xK4Nug,94000,9035
연정일기,https://vling.net/channel/UCA5IojVE27RJpIPa8PgTNwQ,UCA5IojVE27RJpIPa8PgTNwQ,28700,23078
이엔농부,https://vling.net/channel/UCsBr_tdEPfWbMjYqCOnizAg,UCsBr_tdEPfWbMjYqCOnizAg,30400,3010
웨이비룸 Wavyroom,https://vling.net/channel/UCkAxZb4h4AmcBs1t_x1-ieA,UCkAxZb4h4AmcBs1t_x1-ieA,19800,2111
니팅크루,https://vling.net/channel/UCg-li2ekc-S815g64gPDJwA,UCg-li2ekc-S815g64gPDJwA,10300,594
와이의 미니멀라이프,https://vling.net/channel/UCpSpp6gOJ1aKRtaRlA5FVSQ,UCpSpp6gOJ1aKRtaRlA5FVSQ,15300,3142
멋찐 여사,https://vling.net/channel/UCnv8CNXPeqM-wXXPKuA-y2Q,UCnv8CNXPeqM-wXXPKuA-y2Q,32200,2230
종지부부,https://vling.net/channel/UCOw9AWMLleR-RZ7mHI8Ij4A,UCOw9AWMLleR-RZ7mHI8Ij4A,583000,106116
산골여자 Korean countryside life!,https://vling.net/channel/UCYr8GhlpCjONwztd-y-eI8A,UCYr8GhlpCjONwztd-y-eI8A,125000,27423
sun_유선,https://vling.net/channel/UCXfLsffywj6KfE1WEvARfKQ,UCXfLsffywj6KfE1WEvARfKQ,29300,1592
초록플라워 (난 키우기),https://vling.net/channel/UCF0OGKCKxRE-AqLJZZlHq9A,UCF0OGKCKxRE-AqLJZZlHq9A,14300,395
다육똘이사랑 Korean succulent plants ,https://vling.net/channel/UC5AAue7HqahlaAM3GhSKfqg,UC5AAue7HqahlaAM3GhSKfqg,13500,553
식물다큐 TV,https://vling.net/channel/UC6hMkBuTiGQqkfSPuDgEjZw,UC6hMkBuTiGQqkfSPuDgEjZw,67500,4269
소탐대실,https://vling.net/channel/UChuNP1cNlhUkUOQzBbH-C_Q,UChuNP1cNlhUkUOQzBbH-C_Q,441000,108337
민만두 minmandu,https://vling.net/channel/UCIBlvkGXh_FIghSJ1J8VDzQ,UCIBlvkGXh_FIghSJ1J8VDzQ,19300,397
준설의 제왕 · 하수구 끝판왕 (주)현해환경,https://vling.net/channel/UCiWyZ5o_Dgpi8r7qCCrarqw,UCiWyZ5o_Dgpi8r7qCCrarqw,12700,578
멀리사는 이야기 / 용용일기,https://vling.net/channel/UC9TNVDKrRG-VNl4l4kF7jUg,UC9TNVDKrRG-VNl4l4kF7jUg,47000,2763
차차 CHA!,https://vling.net/channel/UCkBLIp5uxBkwSsxpNTnoXxg,UCkBLIp5uxBkwSsxpNTnoXxg,84900,4723
희윰HEEYUM,https://vling.net/channel/UCx3WIf20OtHdUyoEyzoYk7g,UCx3WIf20OtHdUyoEyzoYk7g,14100,685
안녕허마마,https://vling.net/channel/UChRaNSQmelU_4_dxLmMV0gw,UChRaNSQmelU_4_dxLmMV0gw,57300,5568
하미마미 Hamimommy,https://vling.net/channel/UCy0229ISL-677SAuK_1In_A,UCy0229ISL-677SAuK_1In_A,2790000,56786
하이디의 일상 (Vlog),https://vling.net/channel/UCym1V3Tl3zXjmLoYs2H-alg,UCym1V3Tl3zXjmLoYs2H-alg,65600,14084
이승석 Woodworker Lee,https://vling.net/channel/UC7jVcymR2DUn5ukPvPYgCxg,UC7jVcymR2DUn5ukPvPYgCxg,56800,7334
주간채권,https://vling.net/channel/UCLXgyAw9xqrwdeLMaLlEmPA,UCLXgyAw9xqrwdeLMaLlEmPA,34700,1232
열일하는 붕어반장 tv,https://vling.net/channel/UCP9HTB4_AYFqz7bnaB8qG9A,UCP9HTB4_AYFqz7bnaB8qG9A,55200,3814
하수구의제왕,https://vling.net/channel/UCJ8jC48ottslqAb5K4M9DAA,UCJ8jC48ottslqAb5K4M9DAA,239000,9501
개빵녀 gaebbanggirl,https://vling.net/channel/UCQqp4uXVjJrtOa2OdqbusWw,UCQqp4uXVjJrtOa2OdqbusWw,43000,9696
타로하는웅이,https://vling.net/channel/UCLgwoY6YH4QrdFAlZOU5c6g,UCLgwoY6YH4QrdFAlZOU5c6g,27000,1788
마보TV,https://vling.net/channel/UCe2PUQgI9wLdX8OLZZy5BXg,UCe2PUQgI9wLdX8OLZZy5BXg,55700,15220
손예나,https://vling.net/channel/UCJwVHEWz8gebYJa-mCYYGJA,UCJwVHEWz8gebYJa-mCYYGJA,32100,1404
고현정,https://vling.net/channel/UCC7kOHXUEsZnRkBB8kt-lCw,UCC7kOHXUEsZnRkBB8kt-lCw,357000,3708
윤다콩,https://vling.net/channel/UCn_NVsyWk_Gtsb7gvah09tA,UCn_NVsyWk_Gtsb7gvah09tA,10100,2916
5K,https://vling.net/channel/UCx853cvGNniVPBVFPrTpwdw,UCx853cvGNniVPBVFPrTpwdw,11100,752
트윙폼 미니멀감성살림 한스푼,https://vling.net/channel/UC0jSz26MO9pqQx7nPcwc9sQ,UC0jSz26MO9pqQx7nPcwc9sQ,10800,1085
토모토모TomoTomo,https://vling.net/channel/UCoQy2wS5aiKCk-rUXiLS-vQ,UCoQy2wS5aiKCk-rUXiLS-vQ,1070000,164659
방바닥TV,https://vling.net/channel/UCl--b-WNcGqmZtt8V9GvC5g,UCl--b-WNcGqmZtt8V9GvC5g,129000,20140
강쌤철물,https://vling.net/channel/UCOrE-P2gXzll-lTt5XMk3Jw,UCOrE-P2gXzll-lTt5XMk3Jw,235000,16310
Kim Oppaa,https://vling.net/channel/UCtN87hOlfJq2YAY2A3Cd6XQ,UCtN87hOlfJq2YAY2A3Cd6XQ,28200,0
정윤 Cecilia ,https://vling.net/channel/UC_hQjyfNsRqPdPLGqRdqfbw,UC_hQjyfNsRqPdPLGqRdqfbw,10500,2283
장돌뱅이,https://vling.net/channel/UCbOwfr-gLHJW-VXVHWNlNZg,UCbOwfr-gLHJW-VXVHWNlNZg,547000,26329
찐PD,https://vling.net/channel/UCIsa2jlLoffVsKpy1c3WKbQ,UCIsa2jlLoffVsKpy1c3WKbQ,71400,4784
합정초하HAPCHO,https://vling.net/channel/UCIjz1M7T6yjpfRMHVa9ViHw,UCIjz1M7T6yjpfRMHVa9ViHw,12800,638
도시탈출!!! 제천 천리안부동산TV,https://vling.net/channel/UCXTIbJ7Sc4YaxLY7Ho_kD4Q,UCXTIbJ7Sc4YaxLY7Ho_kD4Q,11600,963
자카JAKA,https://vling.net/channel/UCEmEynKA10ejHvD5b1kbPfg,UCEmEynKA10ejHvD5b1kbPfg,40900,689
혜나롱 | 1분 뷰티,https://vling.net/channel/UCH33MGNMGgP9J8elcC8jTBQ,UCH33MGNMGgP9J8elcC8jTBQ,10300,1807
슬로우플로우,https://vling.net/channel/UCPU31xuOo-Ir4AqdFQR8FHw,UCPU31xuOo-Ir4AqdFQR8FHw,110000,3914
인생스토리,https://vling.net/channel/UCYVQ4DHBMhHFa3cDHC9YUrw,UCYVQ4DHBMhHFa3cDHC9YUrw,134000,98050
피나이티비 PINAYTV 한필가족,https://vling.net/channel/UCPDdt9Iv4cXPEQmyVU_96sw,UCPDdt9Iv4cXPEQmyVU_96sw,306000,39072
김미정yourbeagle,https://vling.net/channel/UCfMhxm8wqoTxM0Jc4EJUG3w,UCfMhxm8wqoTxM0Jc4EJUG3w,183000,10309
수망구,https://vling.net/channel/UC-Q_jv2YDuzSY-zK2ZgRa4g,UC-Q_jv2YDuzSY-zK2ZgRa4g,32100,247
siyummy 시야미,https://vling.net/channel/UCOeG4ecxm8C6SfzouPz6ekA,UCOeG4ecxm8C6SfzouPz6ekA,49500,3028
동안닥터 박근식,https://vling.net/channel/UCibuoVf0SKRDXcgPiGJuwEA,UCibuoVf0SKRDXcgPiGJuwEA,21000,2634
민재민준파파,https://vling.net/channel/UCERF_jhRy4fuB25fyIWXmwQ,UCERF_jhRy4fuB25fyIWXmwQ,18900,2047
지혜의수목원,https://vling.net/channel/UCXV22aG3XQBEWQdMWnhM-OQ,UCXV22aG3XQBEWQdMWnhM-OQ,137000,13038
생활마스터,https://vling.net/channel/UCBWdOatOvj-2393oWwc9vJA,UCBWdOatOvj-2393oWwc9vJA,12600,795
김씨아저씨땅,https://vling.net/channel/UCRE6qDBSfn7mDIEV_HZlATA,UCRE6qDBSfn7mDIEV_HZlATA,14100,1425
딥가든,https://vling.net/channel/UCuIV-yHo2kXZ6h-pJdyOy0w,UCuIV-yHo2kXZ6h-pJdyOy0w,49300,27918
쭝궈아재,https://vling.net/channel/UCQsG1g0c9Q1FEejRn0sFL4w,UCQsG1g0c9Q1FEejRn0sFL4w,167000,15658
종윤 JongYoon,https://vling.net/channel/UC-79Q4Wo8CeKRZ4qzpzr8gg,UC-79Q4Wo8CeKRZ4qzpzr8gg,32300,1633
Benjie Sanchez,https://vling.net/channel/UCb6_ADtIu6iuSXdFpIAhJlQ,UCb6_ADtIu6iuSXdFpIAhJlQ,15200,40
뭄챙이,https://vling.net/channel/UCDFmVwU2nNxy22vz1eaX8EA,UCDFmVwU2nNxy22vz1eaX8EA,47700,9751
싱믄,https://vling.net/channel/UCkbdj160TOyPTvgmnctF4Sg,UCkbdj160TOyPTvgmnctF4Sg,44000,8044
미로다요,https://vling.net/channel/UCk0QjmSmVBo7r9vH6qHKuZQ,UCk0QjmSmVBo7r9vH6qHKuZQ,33500,19040
쑥스런tv,https://vling.net/channel/UC55PQJ9_r_wCrNaQTQFX_mg,UC55PQJ9_r_wCrNaQTQFX_mg,66000,2011
예모_Yemo Jeomo,https://vling.net/channel/UCiV0Q71ZUrZeywW1SujhTVQ,UCiV0Q71ZUrZeywW1SujhTVQ,26600,1578
최은경의 관리사무소,https://vling.net/channel/UCvbwfTVdUQ2Io_pfQKrZbUQ,UCvbwfTVdUQ2Io_pfQKrZbUQ,200000,43428
취미 드럼 연습 일기 Drums practice,https://vling.net/channel/UCEkhutfm0Qnnc0VzJFnGDEw,UCEkhutfm0Qnnc0VzJFnGDEw,12700,12532
인뿌삐의 우당탕탕 시트콤,https://vling.net/channel/UCoJONM6-PyuuGUd5Uy4xVJg,UCoJONM6-PyuuGUd5Uy4xVJg,17500,2919
귀촌여자,https://vling.net/channel/UC9OgMtiUQ0hllnONT6m15Fw,UC9OgMtiUQ0hllnONT6m15Fw,14300,2306
evaforever 에바포에버,https://vling.net/channel/UCeAt8lYONm6gt0jsHtG9WZw,UCeAt8lYONm6gt0jsHtG9WZw,10400,456
론정 ronjeong,https://vling.net/channel/UCtfnHliex_uPVTY1t2YQ4HA,UCtfnHliex_uPVTY1t2YQ4HA,22900,1405
