channel_name,channel_id,target_age,vling_url
Queen Solmee,UCahWSp7DQGJfXU1UX2BuqBA,18-24,https://vling.net/channel/UCahWSp7DQGJfXU1UX2BuqBA/viewers-info
Dadacafe다다카페,UCz8X5F5Zp18WS7vdW0jwVIA,18-24,https://vling.net/channel/UCz8X5F5Zp18WS7vdW0jwVIA/ai-insight
박치열의 코멘터리,UCS1EqlF3NbRsn1rfWL_7_qA,18-24,https://vling.net/channel/UCS1EqlF3NbRsn1rfWL_7_qA/viewers-info
머라클 MURACLE,UCfmYdGYK5yZkXehmxKsaLRw,18-24,https://vling.net/channel/UCfmYdGYK5yZkXehmxKsaLRw/ai-insight
무브나 Movena,UCTDFr-lur2d3dNBRwF0N_HA,18-24,https://vling.net/channel/UCTDFr-lur2d3dNBRwF0N_HA/viewers-info
헨티야 살빼야지,UCu6rbZ120HokurXiqnLUcOA,18-24,https://vling.net/channel/UCu6rbZ120HokurXiqnLUcOA/viewers-info
안녕하소 HASO,UCdI0eDsvLrdHCTYIPVyc8hw,18-24,https://vling.net/channel/UCdI0eDsvLrdHCTYIPVyc8hw/viewers-info
다이어터윤,UCjf97H7AtbVfrX8-35Z302Q,18-24,https://vling.net/channel/UCjf97H7AtbVfrX8-35Z302Q/viewers-info
유어리아 your ria,UC9KoN-Yb1swVddjsezLegxA,18-24,https://vling.net/channel/UC9KoN-Yb1swVddjsezLegxA/viewers-info
닥터로미의 성형노트,UCO_MXYZzB5vNkdcCWUXz5Rg,18-24,https://vling.net/channel/UCO_MXYZzB5vNkdcCWUXz5Rg/ai-insight
에이핏,UCRGZCFuFCwp2D_YKByrqRfw,25-34,https://vling.net/channel/UCRGZCFuFCwp2D_YKByrqRfw/viewers-info
비니BINEE,UC8tr6-Eys0CjF9h-yAte9Gg,25-34,https://vling.net/channel/UC8tr6-Eys0CjF9h-yAte9Gg/channel-news
닥터벨 DRBELL,UCdIdgmrsh3h40jvxDDbSu5Q,25-34,https://vling.net/channel/UCdIdgmrsh3h40jvxDDbSu5Q/channel-news
제이제이살롱드핏,UCUsfRCHj5U1wAJEJiQpPLPw,25-34,https://vling.net/channel/UCUsfRCHj5U1wAJEJiQpPLPw/channel-news
채찍단,UCV-h8UJ12Ed-pTi4_X9mDEA,25-34,https://vling.net/channel/UCV-h8UJ12Ed-pTi4_X9mDEA/viewers-info
키다리형,UChWJavW1PbvAkPTcB06EeIg,25-34,https://vling.net/channel/UChWJavW1PbvAkPTcB06EeIg/channel-news
FitBurst,UC00-W8j2qHJy83ONqoaM5xQ,25-34,https://vling.net/channel/UC00-W8j2qHJy83ONqoaM5xQ/viewers-info
고운,UCermBTTTr559dzLc0QMlTSQ,25-34,https://vling.net/channel/UCermBTTTr559dzLc0QMlTSQ/viewers-info
요가강사김선아YOGA_SUNA,UC1UYZjFfhN9CVdOfRBlGsVA,25-34,https://vling.net/channel/UC1UYZjFfhN9CVdOfRBlGsVA/viewers-info
디어다빈_영양사의 다이어트,UC0NazDJj6HZnqXR9x9HiXEg,25-34,https://vling.net/channel/UC0NazDJj6HZnqXR9x9HiXEg/ai-insight
쿠크닥스: 멘탈 바사삭 클리닉,UCRU0BQP9sA2UAZYMsZdEyuA,35-44,https://vling.net/channel/UCRU0BQP9sA2UAZYMsZdEyuA/viewers-info
한입건강,UCevBKgl8-nLrSfW59s92xcQ,35-44,https://vling.net/channel/UCevBKgl8-nLrSfW59s92xcQ/viewers-info
재활의학과탑팀,UCWW--vYvkR604lbGg92J2_A,35-44,https://www.youtube.com/@재활의학과탑팀/videos
SOOD_Edward Park,UCEcL8vvX2V0z2nM8oXQVIeQ,35-44,https://vling.net/channel/UCEcL8vvX2V0z2nM8oXQVIeQ/viewers-info
두근두근홍닥터,UCryIerultxHgKoG4LgD9DNw,35-44,https://vling.net/channel/UCryIerultxHgKoG4LgD9DNw/viewers-info
건강 다다다 종근당건강 공식 유튜브,UCQZMRnlvOPXLKfQ0a0MdTIg,45-54,https://vling.net/channel/UCQZMRnlvOPXLKfQ0a0MdTIg/viewers-info
에일린 mind yoga,UCKmEDAD5k5KFMcY5wvGIeGQ,45-54,https://vling.net/channel/UCKmEDAD5k5KFMcY5wvGIeGQ/viewers-info
Hoo dance & fitness(후보티비),UC3Qae46SPhpTpLDoeG60gcA,45-54,https://vling.net/channel/UC3Qae46SPhpTpLDoeG60gcA/viewers-info
대준수학 TV,UCh75pWXB5ZwQJAVyG7rubYQ,45-54,https://vling.net/channel/UCh75pWXB5ZwQJAVyG7rubYQ/viewers-info
따시기(Ddasigi),UCs4MKd5EKOV61lr7JXO-ysg,45-54,https://vling.net/channel/UCs4MKd5EKOV61lr7JXO-ysg/viewers-info
임피티IMPT,UCDunp3yW9Yp6cWcOv3wn-cg,45-54,https://vling.net/channel/UCDunp3yW9Yp6cWcOv3wn-cg/viewers-info
비타민신지니 VitaminJINY,UC9trbyGOOjJmMea3w6c-e2A,45-54,https://vling.net/channel/UC9trbyGOOjJmMea3w6c-e2A/viewers-info
빅씨스 Bigsis,UCfDkQiPchwM0F2SkHWl5JYQ,45-54,https://vling.net/channel/UCfDkQiPchwM0F2SkHWl5JYQ/viewers-info
김아랑 Alang Kim,UCqLpXUYCykYLInJycJ9W3rA,45-54,https://vling.net/channel/UCqLpXUYCykYLInJycJ9W3rA/viewers-info
김소형채널H,UCuFGPhfJlIngZaC2BjLaJdQ,55-64,https://vling.net/channel/UCuFGPhfJlIngZaC2BjLaJdQ/viewers-info
루이빈치과 류지헌,UCmzK71U9c8w--ejwOTiELgg,55-64,https://vling.net/channel/UCmzK71U9c8w--ejwOTiELgg/viewers-info
의학채널 비온뒤,UCF9vbHlZpz7FbOAky3fnYxw,55-64,https://vling.net/channel/UCF9vbHlZpz7FbOAky3fnYxw/ai-insight
지식한상,UCw8hsZYZcasyyLrfOFP8D-w,55-64,https://vling.net/channel/UCw8hsZYZcasyyLrfOFP8D-w/viewers-info
건강구조대,UCatDnMlI2LI2dDb15BuZbAg,55-64,https://vling.net/channel/UCatDnMlI2LI2dDb15BuZbAg/ai-insight
건강의 신,UCtTzA9_TTSWnVNxsN4GiLgA,55-64,https://vling.net/channel/UCtTzA9_TTSWnVNxsN4GiLgA/ai-insight
우리 모두 튼튼,UCOUzm2Kw5nKAwyDd1ewjXwA,55-64,https://vling.net/channel/UCOUzm2Kw5nKAwyDd1ewjXwA/ai-insight
무조건당신편,UCTp5fJVTDuFmf_dVfIMF7Nw,55-64,https://vling.net/channel/UCTp5fJVTDuFmf_dVfIMF7Nw/ai-insight
이상대 중년 홈트 - 45세 이상 초간단 운동,UCokhKITywla4LgvmkjAHhVQ,55-64,https://vling.net/channel/UCokhKITywla4LgvmkjAHhVQ/ai-insight
백세지혜길잡이,UCKm4_DlQnY6U6SXVeDGDMhw,55-64,https://vling.net/channel/UCKm4_DlQnY6U6SXVeDGDMhw/viewers-info
이동욱의 백세건강 TV,UCpKHS8_xkkS23d23n3Wk8yw,65+,https://vling.net/channel/UCpKHS8_xkkS23d23n3Wk8yw/ai-insight
건강박사,UC2-gb53qXD1LgyRq0K36l8A,65+,https://vling.net/channel/UC2-gb53qXD1LgyRq0K36l8A/viewers-info
DR.Dylan의 건강 비결,UC3454ef0lSLjBSjmKH0bs9A,65+,https://vling.net/channel/UC3454ef0lSLjBSjmKH0bs9A/viewers-info
건강생활,UCeae_8zNL3z0iDOZyIpAskA,65+,https://vling.net/channel/UCeae_8zNL3z0iDOZyIpAskA/viewers-info
서로건강,UC051O1-21M1W2oCYJbn3aAQ,65+,https://vling.net/channel/UC051O1-21M1W2oCYJbn3aAQ/viewers-info
다시 청춘,UCWupWRVfGxqARiSDqZkMhog,65+,https://vling.net/channel/UCWupWRVfGxqARiSDqZkMhog/viewers-info
소중한내인생,UC9aBr3lDxrgYuzOCx7CUbxA,65+,https://vling.net/channel/UC9aBr3lDxrgYuzOCx7CUbxA/viewers-info
시니어시니어!,UCHhtRT2BHQvgIuxpuKiSLkw,65+,https://vling.net/channel/UCHhtRT2BHQvgIuxpuKiSLkw/viewers-info
건강지식TV,UCzDs6GlAZsYlGbd_OUBdjmA,65+,https://vling.net/channel/UCzDs6GlAZsYlGbd_OUBdjmA/viewers-info
백세친구,UC9IdV7zIlIXm8UXU2JH7pSg,65+,https://vling.net/channel/UC9IdV7zIlIXm8UXU2JH7pSg/viewers-info