Channel Name,Channel Link,Subscribers,Average Daily Views
"다이어트 과학자 최겸 Gyum Choi","https://vling.net/channel/UChXDq9Izwq-pTzeUWzwXL3A","603000","79982"
"한의사트레이너","https://vling.net/channel/UC_KjTyC5e0DFNxn6GIgBxcQ","144000","35569"
"블락스blocks","https://vling.net/channel/UC5qF47U0ErUHBgK4Rgy5ymA","10100","294"
"김지만TV","https://vling.net/channel/UCCFD5pLnLB2oEb4tPm1YemA","141000","995"
"김소영건강체조티비-Health gymnastics","https://vling.net/channel/UCSi2gkWNFwoMpb5Nu19EnpA","53000","16501"
"통증교정 수연쌤","https://vling.net/channel/UCafAiwzaq1wXHIJOCm4zSoQ","12400","1055"
"우수한 영양학","https://vling.net/channel/UCxkwgIYCm3vLlYITOzdByZg","62800","7539"
"빵느","https://vling.net/channel/UCRrZ5RYIalHLiHq5ftzxM6A","711000","66720"
"홍삼아 댄스&에어로빅","https://vling.net/channel/UCNcl4-NKaNrX0CBK3Gmd5Ag","21400","3136"
"약초1번지","https://vling.net/channel/UCvf59uLGe-VyEcoNsp15K0w","102000","532"
"DENTIS_official","https://vling.net/channel/UCv5oPNeMFM1TY4RPv8DFpiw","32900","238"
"보이스멘토소리방송","https://vling.net/channel/UCkJThHTYxa9g_NMuduvB59g","16100","902"
"묘한의사","https://vling.net/channel/UCfoYhXOvlYcQ77DFjoKVShw","43700","2203"
"백세건강","https://vling.net/channel/UCDnD2G8DJDWC8l3PxV8Z-9w","31500","40"
"한창수의 마음정비소","https://vling.net/channel/UCrYTwrtIYWH_woB6mbgoTqQ","56600","25482"
"꾸준명언","https://vling.net/channel/UC2V7hgTgygljIgJ562fqr2w","91800","10773"
"홍슐린 Hongsulin","https://vling.net/channel/UCCwxxUvGt5eV1d0oNQuoGew","31400","626"
"1분운동프로젝트","https://vling.net/channel/UC64jajnyiD8I9X-5Sg8j3Xg","15100","229"
"건강한 하루일기","https://vling.net/channel/UCGDjp1fHJsal8ytfTbugyGw","22300","73"
"한국암웨이 | Amway Korea","https://vling.net/channel/UCFIvAd47LFnUAAQWsvfgLrw","61800","2728"
"김수연의 우아한 노화","https://vling.net/channel/UC-OldTguSguK0v-d21Tmryw","53100","25924"
"바이탈뷰티 VITALBEAUTIE","https://vling.net/channel/UC5u0ZAjYsDroA7OxPWusW8w","15100","88"
"부산대학교병원","https://vling.net/channel/UCEIt2uHc6gErZ5OhM_4PD1Q","11200","3462"
"한님쌤 필라테스","https://vling.net/channel/UCwmRBz79DCVq3v8FHBcAyZQ","35900","6958"
"습관 교육자 호남두","https://vling.net/channel/UCiUGAEAdFdVklbAuNr4pBjA","100000","15477"
"서울아산병원","https://vling.net/channel/UC08tP3KIyCK9vYNZm5qQuiw","386000","26365"
"Go민정이","https://vling.net/channel/UCkIEhLQ_Qklj_5kI-2CVtLg","52700","3981"
"다이어트독학","https://vling.net/channel/UCYNbAXBuzpf1-EzWxZpxVkw","31600","3894"
"원더풀 마인드","https://vling.net/channel/UC_tSje-LM1-3KBrpnRCx-uA","22300","1164"
"남의철 DEEP & HIGH SPORTS","https://vling.net/channel/UChH-OfsKn49iR5NiFmKqlSg","12200","521"
"DN.Beauty Spanish","https://vling.net/channel/UC6djDPQBnPKgQfabG1AWvVw","170000","14101"
"운동발전소","https://vling.net/channel/UCKcoIgqVJfhkM90ouK8TFaw","16700","315"
"온케어닥터 이찬용: 암.자율신경.통증","https://vling.net/channel/UCrbB5oQTj3o8zkUUQMAOwHg","83000","39116"
"제니원장 요가수련과 철학","https://vling.net/channel/UCoNhtvmUg9TXjaSm9PHiRAg","49700","1588"
"정희원의 저속노화","https://vling.net/channel/UCxRSQfYmcVEI5jP3sOwnlpw","507000","3935"
"자율신경한의사 박원장","https://vling.net/channel/UCLZbDbQXnPlTVIqp9Nf7TdQ","59500","23410"
"내조왕","https://vling.net/channel/UCL6doUTgz_nSC05J5DBMmFQ","23300","79"
"60세 이후 건강","https://vling.net/channel/UC4NBaUA6_-v7Ry4qFVkp5DQ","10800","69"
"지식라디오","https://vling.net/channel/UCOGa-Jq_2wQmcefhlrztCJg","11200","647"
"맨날청춘","https://vling.net/channel/UC0T7zY8PkU80wPYzN-50jFw","22600","1762"
"백세의지혜","https://vling.net/channel/UC0UzIcP-JjKBKZe22Nv_OCw","14300","2763"
"닥터홍선생 (OS Dr.Hong)","https://vling.net/channel/UCv4rzc34JS1pl3CA9RvqXcg","223000","6264"
"우리동네 유방이야기, 우유티비","https://vling.net/channel/UC8nMtNQnCoyo2T4-nz0iXZg","27200","4661"
"아름약사","https://vling.net/channel/UCsF_qb0oB4E3RRZsNtBMbpw","21600","7578"
"박미경TV","https://vling.net/channel/UCqkpNJhqVNLECwRQYSiNFCg","141000","7440"
"약드라이브","https://vling.net/channel/UCCGR6u27kI44_VWM1FJa7mw","11200","2712"
"헬스조선명의","https://vling.net/channel/UCtuElSetSJ8xdK2cSebqyzQ","56300","15489"
"파워 POWER","https://vling.net/channel/UC7656hu-O-1r8XiXU0e68ew","26000","5341"
"닥터 표TV Dr Pyo TV","https://vling.net/channel/UCgFupN0s5eAxvvgAFgvriRA","59900","1931"
"당뇨 극복하기 : 혈당연구소","https://vling.net/channel/UCF3foF-MPoSafImUPvN1etA","28300","9135"
"명상하는작은언니","https://vling.net/channel/UCMHZrwm4m_eKiGLfPFtY04w","11000","850"
"손승도 힐링 TV","https://vling.net/channel/UCLaq_IZgG_w6emiu9FjSgWA","20700","83"
"남성 파워 건강TV","https://vling.net/channel/UCCZtYfsHp_zsM58mMmfWoyA","45900","86"
"KB라이프생명","https://vling.net/channel/UCrKJwnv6-psXk6AMDg5zX7A","21700","4536"
"몸짱 약사 민재원","https://vling.net/channel/UCukEBqgp_pY3VmyWV_MPxXg","94800","14281"
"곱슬전문 필헤어테크","https://vling.net/channel/UCSaqhjR-MsRqblP-tIaRWDg","20000","791"
"박치열의 코멘터리","https://vling.net/channel/UCS1EqlF3NbRsn1rfWL_7_qA","19900","7330"
"Table tennis 빼롱요롱TV","https://vling.net/channel/UClEtrURnmlkh05XYsAroz1Q","61800","5114"
"명지병원-MYONGJI HOSPITAL","https://vling.net/channel/UCIRVUrwZPuVL05S9uBOpx8g","35500","1488"
"노후세계TV","https://vling.net/channel/UCq91_PZCktLCzztCGCEF4pQ","52800","89"
"코비와 나","https://vling.net/channel/UCa1e1gqcJc69XD98HmGcmBQ","20300","14"
"동네 트레이너 문씨 (메꿀다이어트짐 피트니스)","https://vling.net/channel/UClGcmgF68662O9bAmKgi5fA","10400","615"
"굿리치","https://vling.net/channel/UCOywTwTenIqiE3MqlOJQ9Fg","33700","14485"
"필라테스학교_PILATES SCHULE","https://vling.net/channel/UCegPcx8b176ex2LX3oZRKYw","22500","318"
"알약TV-알통키우는약사","https://vling.net/channel/UCPAz1w9i2ajr4935hYNy8bA","31300","15519"
"연치코치","https://vling.net/channel/UCiSIIrRHrNv6muHyNBG7JIQ","34100","2080"
"구해줘암선생","https://vling.net/channel/UCZNP0D2Gr4g4weiWB5ZT_Wg","13100","9731"
"SMART Surgeries_분당서울대학교병원","https://vling.net/channel/UChSgAmSNGBsD-anFLLgaqtw","18900","262"
"지혜백서","https://vling.net/channel/UCTWQLX_se9Go8SJFGQ0xNKQ","158000","464"
"메이트언니들matewedding","https://vling.net/channel/UCMtAX_8rOh7b81TBWaWFEsg","11500","1131"
"am0950 아홉시오십분","https://vling.net/channel/UCcTsc3kxnGnq0FwFlFcNA4w","31900","3702"
"김가은 한의사의 오늘치유","https://vling.net/channel/UC4Qv1IkLa2QgAaDeILgy47A","18700","5021"
"ほのぼのラジオ","https://vling.net/channel/UCoEvqxj4MXmG71XAbWyAkWQ","66900","27018"
"경희신맥한의원","https://vling.net/channel/UCrJG7sgkVfICn-3_MeXiaRA","21500","4461"
"Dr. Robert의 건강 비결","https://vling.net/channel/UCKXeTKG2IZnB0CDx7REd9aQ","11200","1817"
"성선썰","https://vling.net/channel/UC7GZk0oofmBg3CtlFKKeQQg","39600","3647"
"대도농원","https://vling.net/channel/UCrib-_N4qDksH0s3gsJj9cw","12300","1193"
"박광범의 임플란트 수술방","https://vling.net/channel/UC4Nt63aVUVGDwcFMlMOxOyg","13700","550"
"닥터 살루스","https://vling.net/channel/UCIJXye7VhSVT-7agMoZdMpQ","15800","1129"
"부산365mc - 지방이TV","https://vling.net/channel/UCN1A0pT9YtzTQBNPE6KxC8w","17200","7340"
"유소이 Soi makeup","https://vling.net/channel/UCo6ozRtUbiwYaPnf5WIBNNg","14800","551"
"홈트닥터","https://vling.net/channel/UCaNATT80YRUcuCZ3Ln6awaw","19300","501"
"학교체육진흥회","https://vling.net/channel/UCfnaxgFfqsLtv5piDLs12GQ","18200","4973"
"웰빙라이프TV","https://vling.net/channel/UCrOaUvaWKQPnaoUfJqI8Xqw","26200","992"
"옥구","https://vling.net/channel/UCv3MuIE41RrT2m3PXi4kKFw","21200","1458"
"제일리핏케어","https://vling.net/channel/UCf_rpPJVcXa9xJ32s7Q4UEQ","27500","42969"
"Master Healer 성영주","https://vling.net/channel/UCx9owdsdbalU0ejMN0jDbkg","14000","3449"
"헬저씨","https://vling.net/channel/UCSA1fvrRfwWAgN-2iuGlQRQ","17200","2559"
"건국대학교병원","https://vling.net/channel/UCO73y3Xo_W4DB_pUImiYheA","48600","2042"
"참하지외과 CHARM VEIN CENTER","https://vling.net/channel/UCiHlyAgWpFxsedbIkTLtV1A","58900","6332"
"KK건강TV","https://vling.net/channel/UCegFIx1LTAYGAHvvGq8UGng","238000","1175"
"마음챙김TV (최현성)","https://vling.net/channel/UCe_u11uVzBTf76xw_quR1cA","19100","182922"
"정세연의 라이프연구소","https://vling.net/channel/UCj8zZ1a8Lqtj4wY2bHbcIaQ","1110000","33169"
"Healing Studio","https://vling.net/channel/UCbSfuDSl9YPBjubukvchZfQ","38500","7937"
"현실의 코덱스","https://vling.net/channel/UC0Ajz54XeAYdF8MlKLkIJqQ","11700","5643"
"꾸러기 건강닥터","https://vling.net/channel/UC897htqSWjwPSgfCaVmh_XA","282000","7869"
"Doctalk","https://vling.net/channel/UCaCYiweMo3xsNtTRW38icKA","15000","3387"
"별씽튜브","https://vling.net/channel/UC3vuKYYunHhPa9gq9kBWwsQ","17200","2135"
"JM WORKOUT : KIM JUNG MIN 김정민","https://vling.net/channel/UCYajbktFJOUlNeu2cIfGxGw","17900","342"
"50대채널","https://vling.net/channel/UCM5fU-eTFFHkLopBY5tbe1A","76800","7113"
"묘한의사","https://vling.net/channel/UCfoYhXOvlYcQ77DFjoKVShw","43700","2203"
"ほのぼのラジオ","https://vling.net/channel/UCoEvqxj4MXmG71XAbWyAkWQ","66900","27018"
"김가은 한의사의 오늘치유","https://vling.net/channel/UC4Qv1IkLa2QgAaDeILgy47A","18700","5021"
"경희신맥한의원","https://vling.net/channel/UCrJG7sgkVfICn-3_MeXiaRA","21500","4461"
"대도농원","https://vling.net/channel/UCrib-_N4qDksH0s3gsJj9cw","12300","1193"
"원더풀 마인드","https://vling.net/channel/UC_tSje-LM1-3KBrpnRCx-uA","22300","1164"
"다이어트독학","https://vling.net/channel/UCYNbAXBuzpf1-EzWxZpxVkw","31600","3894"
"오쿨리TV","https://vling.net/channel/UC9fmtKeuHczIsFisgYEnW-w","11800","497"
"Go민정이","https://vling.net/channel/UCkIEhLQ_Qklj_5kI-2CVtLg","52700","3981"
"서울아산병원","https://vling.net/channel/UC08tP3KIyCK9vYNZm5qQuiw","386000","26365"
"남의철 DEEP & HIGH SPORTS","https://vling.net/channel/UChH-OfsKn49iR5NiFmKqlSg","12200","521"
"DN.Beauty Spanish","https://vling.net/channel/UC6djDPQBnPKgQfabG1AWvVw","170000","14101"
"운동발전소","https://vling.net/channel/UCKcoIgqVJfhkM90ouK8TFaw","16700","315"
"습관 교육자 호남두","https://vling.net/channel/UCiUGAEAdFdVklbAuNr4pBjA","100000","15477"
"치아재TV","https://vling.net/channel/UCq26t4NQzTUlWJ8CrqHEglQ","16000","11885"
"이건민의 풍성한 이야기","https://vling.net/channel/UCMYFfUu0IHJTF7J4hE-1lGg","91300","25132"
"롯데홈쇼핑 롯튜브 ","https://vling.net/channel/UCwhegDfCyzBBKZnJgs6ggqw","101000","25115"
"에이핏 afit","https://vling.net/channel/UCRGZCFuFCwp2D_YKByrqRfw","859000","42456"
"닥터 표TV Dr Pyo TV","https://vling.net/channel/UCgFupN0s5eAxvvgAFgvriRA","59900","1931"
"약드라이브","https://vling.net/channel/UCCGR6u27kI44_VWM1FJa7mw","11200","2712"
"하다","https://vling.net/channel/UClLrYUwV5coRpu-yLJ_E8uw","13800","269"
"권은구_Kwon eun goo","https://vling.net/channel/UCv8PoI4yS3lLb5P-tGozVRw","15700","126"
"경희의료원","https://vling.net/channel/UCSPd120sfHaijEkMmDNVdKQ","28000","5039"
"동영박사","https://vling.net/channel/UCXPiqdKeaCd1K82ZGg3ccVw","23900","3797"
"책도리TV","https://vling.net/channel/UCbaXu_mTn6ya_pabSkx7xxw","507000","8137"
"닥터 정직왕","https://vling.net/channel/UCK7EFcwENTp8vu42PVdRXGQ","11600","6570"
"맞춤주치의, 닥터JM","https://vling.net/channel/UCnytxIobBmUuWf1kf8GiX4g","13100","38135"
"행복한의사 김정훈의 건강이야기","https://vling.net/channel/UCaPfNqobWHUC9fQTD1MShdg","67100","1793"
"연세신통TV","https://vling.net/channel/UCDp34bAXaJbo7PT1igMMQKg","298000","11534"
"잠백이","https://vling.net/channel/UCT69ogfZc8Io6NiBFwCOZPw","49800","7001"
"빅마우스TV","https://vling.net/channel/UCbMHdUkgLjutpY5tQYP40dw","96000","113749"
"메디맵","https://vling.net/channel/UC_IZTQQ7ScSP9oKbrDb3pMw","13100","517"
"더끌림산부인과","https://vling.net/channel/UCYPiwyWGi-jbkpBAyQnYZSw","123000","11542"
"지혜건강소","https://vling.net/channel/UCYw0_UhBmb_zpu6BxXN8D1A","53200","230"
"민이네다육","https://vling.net/channel/UCpvPF7Nm6dpEmi4WE4j72kQ","11500","3285"
"안과언니","https://vling.net/channel/UCP7OU6koPGdRgk7mCMv5dOQ","68700","13848"
"건강박사","https://vling.net/channel/UC2-gb53qXD1LgyRq0K36l8A","178000","70144"
"JM WORKOUT : KIM JUNG MIN 김정민","https://vling.net/channel/UCYajbktFJOUlNeu2cIfGxGw","17900","342"
"현실의 코덱스","https://vling.net/channel/UC0Ajz54XeAYdF8MlKLkIJqQ","11700","5643"
"시니어생활수첩","https://vling.net/channel/UCupLKcszhhKwxF4rOcnlWYw","36600","1338"
"제일리핏케어","https://vling.net/channel/UCf_rpPJVcXa9xJ32s7Q4UEQ","27500","42969"
"Master Healer 성영주","https://vling.net/channel/UCx9owdsdbalU0ejMN0jDbkg","14000","3449"
"암알지TV방송","https://vling.net/channel/UCzr7QSvnOZ4yPG9GK-8_tUQ","24100","2912"
"퀴즈의 제왕","https://vling.net/channel/UCAfJcM064jZBOSdqnNI73xw","13100","10431"
"Healing Studio","https://vling.net/channel/UCbSfuDSl9YPBjubukvchZfQ","38500","7937"
"에너지힐링 Energy Healing","https://vling.net/channel/UC2qcq4kqvbbdHIoi5dEm-Eg","79900","23147"
"이지약사tv","https://vling.net/channel/UCCMFTDGarjgZLc1DlIbbvRg","15100","3440"
"용닥터","https://vling.net/channel/UCaeONHcrE9ie2ZPdGVv-Yyg","176000","13351"
"종부원리 Jongboo principle","https://vling.net/channel/UC7DmHPJiGzVxOYJt0qy7sUw","49800","15509"
"한국보훈복지의료공단","https://vling.net/channel/UCzU1v5rL8paTs1herRUgOTg","19200","5073"
"에너지힐링 Energy Healing","https://vling.net/channel/UC2qcq4kqvbbdHIoi5dEm-Eg","79900","23147"
"이지약사tv","https://vling.net/channel/UCCMFTDGarjgZLc1DlIbbvRg","15100","3440"
"용닥터","https://vling.net/channel/UCaeONHcrE9ie2ZPdGVv-Yyg","176000","13351"
"종부원리 Jongboo principle","https://vling.net/channel/UC7DmHPJiGzVxOYJt0qy7sUw","49800","15509"
"한국보훈복지의료공단","https://vling.net/channel/UCzU1v5rL8paTs1herRUgOTg","19200","5073"
"나근사설","https://vling.net/channel/UCFIWQ9OqK7FxawPFZEVnQog","55800","48"
"지혜와성실","https://vling.net/channel/UCqUqYA4BKYcLFonQaUjNULQ","32700","291"
"건희로운날들","https://vling.net/channel/UCl6FnZ-V6QJ0Amuwjydmvxg","168000","225"
"초딩입맛자덕","https://vling.net/channel/UCg5uly-aCRfD6N7UgaOV3PQ","134000","4955"
"SOOD_ Edward Park","https://vling.net/channel/UCEcL8vvX2V0z2nM8oXQVIeQ","36700","2633"
"힐링트리뮤직 Healing Tree Music & Sounds","https://vling.net/channel/UC1RG7m8FwFKgB3IpfN3ccew","1590000","170635"
"제우스남성의원 원장 이석영","https://vling.net/channel/UCPULZ1uKpIlx0228uMNFOEA","18700","1344"
"일동제약 그룹","https://vling.net/channel/UCptOgDFSSKYm-bHl7ijd8Lw","14700","51484"
"신경과전문의 박재현","https://vling.net/channel/UCFhliquzU-5I83gMrb-HIVw","87900","12882"
"김경철의 웰케어: 잘먹고, 잘자기","https://vling.net/channel/UC-4yGit6ge_bXpyTqkCBxhA","49000","3254"
"다시 시작하는 재활(Restart Rehabilitation) ","https://vling.net/channel/UCVtnpN5cwtuYF-1EP72SsPw","23800","2530"
"오상신경외과의원","https://vling.net/channel/UCBe0N2MoWhVKHKEoYPl8XvQ","204000","29784"
"강하나 스트레칭_stretching","https://vling.net/channel/UCxHcczukcG21up2MBe8yP_Q","782000","19243"
"요리하는다이어터","https://vling.net/channel/UCUsoowBBnGAmhl0XBaFuQWA","470000","6671"
"행복한 100세 시대 KOREA","https://vling.net/channel/UCznIKH9WdBxpOCjFJ7rdMPA","29900","4054"
"근성장훈련소 MuscleCamp","https://vling.net/channel/UCO32LLnrAUlLuT-0KP4aP3A","12900","481"
"Curistory","https://vling.net/channel/UCVSWDPRFLZZfvNG-KKk3LHQ","49800","4820"
"우주기","https://vling.net/channel/UCMpTteg2C4jYAhoSzFeEtZA","68200","1287"
"하나이비인후과병원","https://vling.net/channel/UCCOty33v-EPEnShT3975ZyA","13000","1440"
"비앤빛TV","https://vling.net/channel/UCHIH-Fu_7HLjE3SHkirGlig","29900","322"
"서울대학교병원 강남센터","https://vling.net/channel/UC7b852QbNlkegn8GdSkYWZw","153000","2346"
"이재성 박사의 식탁보감","https://vling.net/channel/UCUIDRva6N0c3I10d9QOqefw","1280000","28772"
"김주환의 내면소통","https://vling.net/channel/UCYNnQhFGE-EP0HrWRxMGUaw","358000","31020"
"채널당뇨왕","https://vling.net/channel/UCfTj5cD0quVuTpodSZUF73A","14100","2010"
"Yeji Psychology","https://vling.net/channel/UCVtmrt8prEpmjpy6Y7xSwGg","39500","1922"
"이음여성한의원 김우성 원장","https://vling.net/channel/UC-6BfHzSG1_ZfcQZn5PeoMg","136000","21578"
"노트성형외과","https://vling.net/channel/UC2OIyb2serotqDyEzQYyCtA","10300","28856"
"Elsa-log","https://vling.net/channel/UC2Kxg0lVzKB2-N7tXAVQhrw","36300","2004"
"요가강사김선아YOGA_SUNA","https://vling.net/channel/UC1UYZjFfhN9CVdOfRBlGsVA","82400","8848"
"두부다비 Dubu-Dabi","https://vling.net/channel/UC0yB3f_3UxzoCf-X36KhQ9Q","11100","1057"
"산개","https://vling.net/channel/UC1aqaZ-BRf5bjZzXs3enCvg","19100","1198"
"Practical Pain Management with Dr. Lee","https://vling.net/channel/UC1vLAG4_4x45e4BtXBZoIWg","14200","485"
"촛불배정규, 재은심리상담센터","https://vling.net/channel/UC6O_TSHwRzE8WdjsOC5jfJw","12700","1471"
"쉬운건강 (구 안지현TV) Health","https://vling.net/channel/UC3afH7DW6Pb4wEHdlNlOKQw","39800","3344"
"권원장 근육관리 [치유가]","https://vling.net/channel/UCDjkAMGMzaYqmDuQUTD-vbQ","62800","6075"
"찐한의사","https://vling.net/channel/UCQt6bki_yeKaMS4hLm6YWlA","120000","28047"
"리틀약사","https://vling.net/channel/UC3iSLVH0MxHfwO69oHKpvog","553000","25921"
"JJ Linedance제이제이","https://vling.net/channel/UCeWNThqBvZOJi69eZkos2fQ","11600","2627"
"박민선 원장의 콩팥튜브","https://vling.net/channel/UCTRZZvftT1IuVyry1V9E1-A","10000","2096"
"이학민의 가슴 따뜻한 이야기","https://vling.net/channel/UCUnV1FVWY3u92tEYGqy17qA","216000","38146"
"클레어채 ClaireChai","https://vling.net/channel/UCsv1hWoDQNBkTnAJOQacXbw","81200","2577"
"건강되찾기 프로젝트 | EMS 근력PT","https://vling.net/channel/UCX-xku_pieGjA-PAxP02BIA","269000","53828"
"치아살리기 최용훈원장","https://vling.net/channel/UC4kdPomQaD-9gz0NynY_ddw","13600","631"
"척추관절 바른TV-연세바른병원","https://vling.net/channel/UCWk_4bcnHBfO4V2syOOgo5g","14000","1951"
"카이안과","https://vling.net/channel/UCZ76XVvVdIMLuoMmgilklzQ","22600","676"
"상쾌한의사 김성찬 ","https://vling.net/channel/UC9bhIPpJZFJhMh7e7BP7l9w","28400","10970"
"시니어건강회관2","https://vling.net/channel/UC34-Orqw21kiUkwR-v3scaw","12000","3019"
"ADHD 대표채널","https://vling.net/channel/UCi3bGxt2tQoGaTH2Wmbh81w","14300","10662"
"피지컬에셋","https://vling.net/channel/UCKgnUtkVL8o9U2h3451sBVA","166000","12585"
"멘탈탄탄 | 정신과의사의 멘탈 관리 채널 ","https://vling.net/channel/UCsZTB_r7ffbXIcnZmav2AFg","47700","6135"
"여의사의 산부인과 이야기.","https://vling.net/channel/UC-jDMqzWRJj16_HHyi4OX1Q","153000","7705"
"물리치료사.PT재석","https://vling.net/channel/UCsyhk1jx2eeafzMSYhQc9Mg","531000","3172"
"아침동산","https://vling.net/channel/UCuZQ7lJnqe-LBCVjy9OYBKw","10200","490"
"Tempo:rest","https://vling.net/channel/UCSBBghDcPUpWl7ietzdL6EA","14800","6553"
"Relax Gently","https://vling.net/channel/UCHLxiySp_bOSL0TsUcPV0Iw","180000","15098"
"남녀의학연구소","https://vling.net/channel/UC9Bb-XcWooi5yVCng46xaZg","10000","5977"
"힐링루미나 Healing Lumina","https://vling.net/channel/UCY-OANuBvks2lBMgAfZgh6g","39000","23306"
"뇌가 편안해지는 시간","https://vling.net/channel/UC28xZyNPM9109MTC-QZ9etA","11800","3155"
"지혜백세","https://vling.net/channel/UCi3H9NCIKQ4IzcLBTGyD_1w","61500","18484"
"든든라디오","https://vling.net/channel/UC6dzCW8IGCSpRRP9lpBn_Ag","36000","3747"
"하루 당뇨식사","https://vling.net/channel/UCZqZNpYCBkjS3b59YW27BkA","64600","686"
"1분팁","https://vling.net/channel/UCH4Recm0sHhd3bEc_r54YmA","19300","1229"
"Key Meditation","https://vling.net/channel/UCfulSi1BlEu5wETySe-EiHQ","19800","6012"
"내과전문의 닥터케이 Dr.K","https://vling.net/channel/UC9p63MYZE5nUKmr2RS0fNwA","374000","7890"
"Likesweetmango - Beautiful & Powerful Life","https://vling.net/channel/UC4Z0SLdvRc7s6oVO0ZpuQgw","86800","1788"
"시니어 지혜","https://vling.net/channel/UCZbGKOabnuCDGgfNlKqxm0g","17000","14177"
"한국인의 건강","https://vling.net/channel/UCgXALihpISmnxe7FDptwvlw","38200","6038"
"백세의 비밀","https://vling.net/channel/UCNtfFNmmBnjypX-XnDHeSjw","20700","1876"
"연세재활운동센터","https://vling.net/channel/UCdThhoXBOMyTLbaKz-tFgSQ","18500","2170"
"박서희 정신과의사","https://vling.net/channel/UCfW5yhlUy-DeU5tPym8xDNQ","95500","4378"
"박경숙 원장의 온통보감","https://vling.net/channel/UCKCLI9BYUThLn6MY23haVjA","37200","434"
"은빛동행 • 야담라디오","https://vling.net/channel/UCOdIE71pG1agFdj2sUBKWkQ","14200","2"
"투덜거리는 노년","https://vling.net/channel/UCGP--wfmNmih4GgyslHGwmQ","38900","573"
"백세건강채널","https://vling.net/channel/UCyb1ZjcHhqZm4_XDMAFB4Hw","51000","494"
"건강박사의 장수노트","https://vling.net/channel/UCNvZm2nE9jzGmJwHC7ZnjpQ","90400","46760"
"근거중심이약사","https://vling.net/channel/UC_1FUQM1JpDniNWHP_7ua1A","18500","4195"
"키다리형","https://vling.net/channel/UChWJavW1PbvAkPTcB06EeIg","508000","117861"
"국민건강보험","https://vling.net/channel/UC7tsTpx4Ra-oJrjIb9ItBUA","96600","163479"
"당뇨TV#","https://vling.net/channel/UCXfilB-iiwh3jlew8eVzKRg","62100","1067"
"시니어빵빵","https://vling.net/channel/UCzgS8oh8QTjVwMbIPg4DKsQ","68200","17250"
"SNPE TV","https://vling.net/channel/UCyXuz3cs51oRt5i56MUQ7ow","66700","1048"
"지혜로운 당신 TV","https://vling.net/channel/UC2WzpFRsIJcN1drQdIbczQw","17600","383"
"JUNGDAYEON","https://vling.net/channel/UCUyTqfwiT2sRpjxbfPyQF7g","349000","9098"
"YJ Care Clinic","https://vling.net/channel/UCRY4kdkYSPtsy6to4FEAaog","14900","602"
"천약사의건강과 약이야기","https://vling.net/channel/UC4KS40p1OWvyA5kRNroC4Bg","23600","412"
"네츄럴보디빌딩학과","https://vling.net/channel/UCHQj5T2MD6vD4K6Zc3We6pg","19700","428"
"이상구박사의 뉴스타트강의","https://vling.net/channel/UCcf-zuaFCeROvAATf5UI0uA","20200","1573"
"인생이시트콤_고구마 VLOG","https://vling.net/channel/UCHYv07UtJkjSu3qDoo2he_Q","84900","9120"
"모멘트핏 록코치","https://vling.net/channel/UChku6cgDNkiIQWlyi1TgA8g","1150000","96804"
"우리들병원TV","https://vling.net/channel/UC2ATsiBGQuX_ON58mu3utWw","93100","17553"
"اعمال يدويه وافكار حلوه كتير","https://vling.net/channel/UCAQFDZGmQQeZS4_2q5GZR9Q","320000","63"
"약사남편","https://vling.net/channel/UCfrI61io4dNFArWf8DGOaDw","88900","974"
" 건강한tv","https://vling.net/channel/UCtqwpBL2jE66ZpcWylbv08w","13300","267"
"실버라디오_노후건강_시니어정보_노후지혜","https://vling.net/channel/UC7YpVJjhPta4sJcvGUutM_g","329000","20850"
"보담티비","https://vling.net/channel/UC66diRcDsDtXqFffHD3zcVQ","10100","188"
"정형외과  전문의  선지호","https://vling.net/channel/UC6vLOP7CPkAdfA9qD9ViqiA","30000","2549"
"은빛동행 • 야담라디오","https://vling.net/channel/UCOdIE71pG1agFdj2sUBKWkQ","14200","2"
"투덜거리는 노년","https://vling.net/channel/UCGP--wfmNmih4GgyslHGwmQ","38900","573"
"백세건강채널","https://vling.net/channel/UCyb1ZjcHhqZm4_XDMAFB4Hw","51000","494"
"인생이시트콤_고구마 VLOG","https://vling.net/channel/UCHYv07UtJkjSu3qDoo2he_Q","84900","9120"
"YJ Care Clinic","https://vling.net/channel/UCRY4kdkYSPtsy6to4FEAaog","14900","602"
"동아쏘시오그룹","https://vling.net/channel/UCjvjF9hnjwXUgig5EZxADyQ","12400","847"
"JUNGDAYEON","https://vling.net/channel/UCUyTqfwiT2sRpjxbfPyQF7g","349000","9098"
"Dentiumworld","https://vling.net/channel/UCvKSX42Fxb9t48Td8neg4YA","27900","470"
"서울의료센터","https://vling.net/channel/UCBuNljfs8MtTpcRlG8YvD2Q","10400","642"
"헝그리스포츠","https://vling.net/channel/UCE9sh6noNA7vBPSWPA4VFZg","45200","13120"
"다이어터윤","https://vling.net/channel/UCjf97H7AtbVfrX8-35Z302Q","12500","511"
"바른의사 백승우","https://vling.net/channel/UCDy8IPYmRu6WbDUyAs1ffyg","62500","7576"
"임현우의 이어앤썰","https://vling.net/channel/UC-vK7SFuT0ZI4t4e9T7SOrw","31000","3263"
"좋은균 연구소","https://vling.net/channel/UCgDOVDGCIxLgrG34_rrjMjQ","11400","1071"
"여의사의 산부인과 이야기.","https://vling.net/channel/UC-jDMqzWRJj16_HHyi4OX1Q","153000","7705"
"비핏Bfit","https://vling.net/channel/UCUXlYdszhFOnKev2fdqZ7iA","35800","107621"
"뇌가 편안해지는 시간","https://vling.net/channel/UC28xZyNPM9109MTC-QZ9etA","11800","3155"
"지혜백세","https://vling.net/channel/UCi3H9NCIKQ4IzcLBTGyD_1w","61500","18484"
"나헌식TV","https://vling.net/channel/UCBfF9OOAAc-Vxv48qno9Tpg","16200","31841"
"볼매의사@닥터 히포크라타","https://vling.net/channel/UCyR65hQEudqUWENG5yNgTGw","49900","759"
"시니어라디오TV","https://vling.net/channel/UCwa7pdbWG2PdpT6jqZc_fKw","47200","12239"
"야생화의신비 Wildflower Mystery","https://vling.net/channel/UCF9Ks4KdgTwnA6MuLboQESQ","22800","208"
"고마온TV 건강자립","https://vling.net/channel/UCsRT6RCiTNrBvsJ_rJgJkYQ","38700","3982"
"카니비비안 carni_vivien","https://vling.net/channel/UCR8J54wOMKVKfuLIECaBFGQ","12000","3373"
"Dental Bean","https://vling.net/channel/UCXX2GqXsMEXnFRSxewFcGOA","90300","4711"
"유경쌤의 미소학개론","https://vling.net/channel/UCl1wbnBjMxh0Zw38FnAS7ng","37500","5971"
"Relax Gently","https://vling.net/channel/UCHLxiySp_bOSL0TsUcPV0Iw","180000","15098"
"연세재활운동센터","https://vling.net/channel/UCdThhoXBOMyTLbaKz-tFgSQ","18500","2170"
"아는성님","https://vling.net/channel/UCU4Y6hJ3GaAu0BBE4z8maRA","22500","288"
"[ATOMY KOREA Official]애터미 공식 제품 채널","https://vling.net/channel/UCHwi1XQ7a0hWJ7RoDn9MAjQ","13900","1690"
"백세지혜연구소","https://vling.net/channel/UCWQcdyZjvns8Lg2WerORUQQ","18900","84"
"시니어건강회관2","https://vling.net/channel/UC34-Orqw21kiUkwR-v3scaw","12000","3019"
"남녀의학연구소","https://vling.net/channel/UC9Bb-XcWooi5yVCng46xaZg","10000","5977"
"힐링루미나 Healing Lumina","https://vling.net/channel/UCY-OANuBvks2lBMgAfZgh6g","39000","23306"
"상쾌한의사 김성찬 ","https://vling.net/channel/UC9bhIPpJZFJhMh7e7BP7l9w","28400","10970"
"선잘의 FM 라디오","https://vling.net/channel/UCnBGIDINHIxmvjA-14cmMwg","166000","88"
"명탐정 쿠키","https://vling.net/channel/UC7KNZD0DkgDtAnZm0KCdhZQ","58400","8069"
"우리 아이 마음 해결사, 우아해","https://vling.net/channel/UCc2258li2l4AUN25pIxXFTQ","19000","3404"
"DR.유미의 성(性)세포들","https://vling.net/channel/UCJkmwh-4kFkhxT_fNEGkhnw","51300","15552"
"매력적인 노년 이야기","https://vling.net/channel/UCRf1axswcRFRbFtpR1LqdkA","19100","457"
"무강이","https://vling.net/channel/UCaMWoM36v8pKgVmyVn8W-1A","229000","324"
"행복한기다림 미희TV","https://vling.net/channel/UCBfQfFkKkMCYjJ4aj0FqI8A","18000","5398"
"내귀에닥터","https://vling.net/channel/UCVYrNBxy9BiRseD5EtZGTng","25800","3976"
"엠디TV [20년 Only 가슴성형]","https://vling.net/channel/UCEKTF51I3UiM19UetQqLxMQ","15900","2116"
"일타치의 임종우","https://vling.net/channel/UC65gC-98pIZzVtdHXI1zx7g","17300","2835"
"양악김선생","https://vling.net/channel/UCO3XpA23Aiw2sNXO0BPisLQ","11700","3515"
"통증안녕 기승전운동","https://vling.net/channel/UCpbJgWQKayHVUJMxDbV5o-g","81300","435"
"체질닥터ㅣ8체질ㆍ추나요법 ASMR","https://vling.net/channel/UCtSDStpQsON-35lDKPl6hpw","77900","2265"
"힐링트리뮤직Healing Tree Music","https://vling.net/channel/UCP9coB9wlpJkqMHj8lXI5aw","130000","9839"
"튼튼백서","https://vling.net/channel/UCo0zgbbB9S00lvRUCQDFxyQ","68000","30429"
"HBS약초방송","https://vling.net/channel/UCdRcubzVjtptKPG6nJ773wA","395000","19188"
"KBS 생로병사의 비밀","https://vling.net/channel/UCiV4_cGVt-t-j6jMQ7RCrXw","845000","162339"
"플러스S맨","https://vling.net/channel/UCV9B-O-WMMBqA1LVKnonROA","10200","1737"
"난임닥터 비커밍","https://vling.net/channel/UCmVQQ7fvBU7gmLhC4a3oaNQ","26200","4830"
"카니비비안 carni_vivien","https://vling.net/channel/UCR8J54wOMKVKfuLIECaBFGQ","12000","3373"
"시니어 닥터 톡스","https://vling.net/channel/UC4S5_P35PS22tT4CLVohSfw","19100","1695"
"뇌똑똑TV","https://vling.net/channel/UCQ7-HAZFih8Xi-iFiBL_0hg","20200","1025"
"안과 전문의 조성원","https://vling.net/channel/UC_xOayxX27Zbrqhh3h5-uuw","22700","5002"
"대교 뉴이프Plus / 뉴플 / Daekyo Newif Plus","https://vling.net/channel/UCrxsM1BYjOkGvBl_ic40uLQ","50200","51667"
"어떤약사","https://vling.net/channel/UCpY0_3SqKzxttWPaptnkBfQ","91700","32133"
"힘찬병원","https://vling.net/channel/UCyqvSbrRyaRq1TuRlwVXrzw","119000","52228"
"나다운 Wellness","https://vling.net/channel/UCZdgP1qedWzdm0ybhIz14Fw","44400","166"
"고쳐줘 NOW","https://vling.net/channel/UCGyYH219gPS8hXJmaaZ0DeA","213000","2060"
"차병원 CHA Medical Center","https://vling.net/channel/UCHDoVNV6NkgjuiCyLIMmdqQ","49000","10235"
"대찬병원","https://vling.net/channel/UC8RE8q5jZfXUTw39dot8Sug","27900","2492"
"미소담한의학의 담적병","https://vling.net/channel/UCTLeIrdxl5-_pfV67kpvF3A","13400","1190"
"건강을 읽어드려요","https://vling.net/channel/UCXOgEhSgaJEVv9U5QMEjF8Q","35100","30"
"Dental Bean","https://vling.net/channel/UCXX2GqXsMEXnFRSxewFcGOA","90300","4711"
"유경쌤의 미소학개론","https://vling.net/channel/UCl1wbnBjMxh0Zw38FnAS7ng","37500","5971"
"톡투건강TV","https://vling.net/channel/UCVC21HvJs4W6FclmYr7pFGw","119000","8938"
"Basant","https://vling.net/channel/UCg_s4nYsikIr2X-f3T8JF7g","13200","12707"
"야생화의신비 Wildflower Mystery","https://vling.net/channel/UCF9Ks4KdgTwnA6MuLboQESQ","22800","208"
"디지털 정원장","https://vling.net/channel/UCzoL9iedyHYxsE8mcliAH4g","37000","9229"
"수와진💗안상진TV","https://vling.net/channel/UCDrG6kIO-NiN80sQM8F9roQ","25800","15452"
"내친구 씽씽이","https://vling.net/channel/UC_Z8oaHxlxb95uVofCvg9NQ","19400","8202"
"매력적인 노년 이야기","https://vling.net/channel/UCRf1axswcRFRbFtpR1LqdkA","19100","457"
"일타치의 임종우","https://vling.net/channel/UC65gC-98pIZzVtdHXI1zx7g","17300","2835"
"의사친[의사사람친구]","https://vling.net/channel/UC8EMF6H5YOCk-BdNEuYnkbA","244000","82670"
"효초TV","https://vling.net/channel/UCOoLHHnlDOU9yAPs2dcYNVA","514000","48171"
"비정상토크","https://vling.net/channel/UC7PnJvFZMMzzlA_H8f8sE6w","42600","25020"
"Isla Rune Pilates","https://vling.net/channel/UC1ll_4DblySYDARZcbOt3xg","452000","370959"
"내귀에닥터","https://vling.net/channel/UCVYrNBxy9BiRseD5EtZGTng","25800","3976"
"Dr. Lee Min Soo","https://vling.net/channel/UCIPLKPZ1wUNiU2h3zc4iYSw","28300","46595"
"이웃집닥터","https://vling.net/channel/UCuikDblzbJZK2zkC1EDTKgQ","94100","10663"
"지혜호수","https://vling.net/channel/UC0bQR4Ad60pOmNYL8tSX0BA","181000","2561"
"시니어라디오TV","https://vling.net/channel/UCwa7pdbWG2PdpT6jqZc_fKw","47200","12239"
"모티브성형외과","https://vling.net/channel/UCXxA2tZh_noY5OwfruPt5sA","10900","1300"
"민티런 MintyRun","https://vling.net/channel/UCmafuqR6Iya-c0CPMOgApYA","28700","2045"
"이대영의 새길TV [척추·관절]","https://vling.net/channel/UCb9w7aVmVpPCS-S2Y6Zf7AA","59800","142029"
"두발로병원","https://vling.net/channel/UC3gt-EL1djoai8qhtQVbqWA","23800","6490"
"앙광희","https://vling.net/channel/UCmp6jXENvNH-KUgRHNe-H0A","77200","747"
"프리미티브의 전래식단 이야기","https://vling.net/channel/UCqaSH5Js_s80nIY3P_wqCcg","32000","1052"
"DR.유미의 성(性)세포들","https://vling.net/channel/UCJkmwh-4kFkhxT_fNEGkhnw","51300","15552"
"우리 아이 마음 해결사, 우아해","https://vling.net/channel/UCc2258li2l4AUN25pIxXFTQ","19000","3404"
"양악김선생","https://vling.net/channel/UCO3XpA23Aiw2sNXO0BPisLQ","11700","3515"
"통증안녕 기승전운동","https://vling.net/channel/UCpbJgWQKayHVUJMxDbV5o-g","81300","435"
"체질닥터ㅣ8체질ㆍ추나요법 ASMR","https://vling.net/channel/UCtSDStpQsON-35lDKPl6hpw","77900","2265"
"힐링트리뮤직Healing Tree Music","https://vling.net/channel/UCP9coB9wlpJkqMHj8lXI5aw","130000","9839"
"삼보리 명상원","https://vling.net/channel/UCrpGdXuJtGZqI8reS52iIZg","18300","1450"
"안과 전문의 조성원","https://vling.net/channel/UC_xOayxX27Zbrqhh3h5-uuw","22700","5002"
"Likesweetmango - Beautiful & Powerful Life","https://vling.net/channel/UC4Z0SLdvRc7s6oVO0ZpuQgw","86800","1788"
"시니어 지혜","https://vling.net/channel/UCZbGKOabnuCDGgfNlKqxm0g","17000","14177"
"에스더기도운동","https://vling.net/channel/UC-SsCweblwxALNIMkoHCiPQ","235000","37144"
"다이어트하는 사람들","https://vling.net/channel/UCq4et6CG5dmP8f0xKJDYQ3g","113000","20411"
"류영석TV","https://vling.net/channel/UCtqzRZGIxJ3vFYcwMCl7HWQ","55600","1863"
"든든라디오","https://vling.net/channel/UC6dzCW8IGCSpRRP9lpBn_Ag","36000","3747"
"김훈하의 열방상담소","https://vling.net/channel/UCyBpgOlxyqZtb9Rxe6fAjJw","31300","7066"
"긍정닥터","https://vling.net/channel/UC-BXTTBjj5j5G_hIjEMyLEQ","77700","1561"
"우리동네 난임전문의이재호","https://vling.net/channel/UC2-LIM5Zz7_wKT4Q2Iu8GTA","49200","12922"
"수와진TV ","https://vling.net/channel/UC1nOUSU9iFgJ4vNHoS_spOQ","138000","3716"
"닥터까막눈","https://vling.net/channel/UC-NkfwYT0xOj0HFPctiRvtw","12600","235"
"권도수","https://vling.net/channel/UC2kre6C4AHnLxiHhRlMKx6g","77900","2866"
"건기남TV","https://vling.net/channel/UCzqCV-5wGCu9jyJj1qJ_CHw","115000","167834"
"가정사건파일","https://vling.net/channel/UCctSb7vzR2Vbo1ZTlVPT_jw","11500","2158"
"나다운 Wellness","https://vling.net/channel/UCZdgP1qedWzdm0ybhIz14Fw","44400","166"
"고쳐줘 NOW","https://vling.net/channel/UCGyYH219gPS8hXJmaaZ0DeA","213000","2060"
"차병원 CHA Medical Center","https://vling.net/channel/UCHDoVNV6NkgjuiCyLIMmdqQ","49000","10235"
"대찬병원","https://vling.net/channel/UC8RE8q5jZfXUTw39dot8Sug","27900","2492"
"미소담한의학의 담적병","https://vling.net/channel/UCTLeIrdxl5-_pfV67kpvF3A","13400","1190"
"건강을 읽어드려요","https://vling.net/channel/UCXOgEhSgaJEVv9U5QMEjF8Q","35100","30"
"이성미의 나는 꼰대다","https://vling.net/channel/UC4_CjZORO_saInjqd74Y7Sw","105000","24556"
"꿀서린","https://vling.net/channel/UC-YGAXCJEwNcTiEQahOQjVg","14500","54"
"간들간들","https://vling.net/channel/UCHB_MKGzSK_NsfIDnErUJDw","16400","1100"
"디지털 정원장","https://vling.net/channel/UCzoL9iedyHYxsE8mcliAH4g","37000","9229"
"Basant","https://vling.net/channel/UCg_s4nYsikIr2X-f3T8JF7g","13200","12707"
"안경고수 최병무","https://vling.net/channel/UCVACuI_hASpxT4KwQ98Vtdg","117000","5862"
"청아TV-아토피를 이겨낸 한의사 임은교","https://vling.net/channel/UCVkDsPSpnIeMoYuUZ_Gjw_w","10600","7130"
"캔서프리월드(암없는세상)","https://vling.net/channel/UCTNRWtirVs4VcB4W5xyzITA","39300","6864"
"Dr. 배의 진료실","https://vling.net/channel/UCTZpc7F_5WBQlrUMK4DX7ug","21500","519"
"하이안과TV-안질환 연구소","https://vling.net/channel/UCTjIyCaFYg3Mw35Am0v0JHA","20700","46334"
"두발로병원","https://vling.net/channel/UC3gt-EL1djoai8qhtQVbqWA","23800","6490"
"프리미티브의 전래식단 이야기","https://vling.net/channel/UCqaSH5Js_s80nIY3P_wqCcg","32000","1052"
"앙광희","https://vling.net/channel/UCmp6jXENvNH-KUgRHNe-H0A","77200","747"
"지식밥상","https://vling.net/channel/UCUjimmVTQo9sPl8mL5Y15dg","14800","25"
"코루쇼","https://vling.net/channel/UCLOxiP0uHdpnJx3Orxc2R5A","11000","509"
"닥터프렌즈","https://vling.net/channel/UCVfLNEch9YxD4tX1L-crkMQ","1420000","108134"
"브레이너 제이의 숙면 여행","https://vling.net/channel/UC5jSCU8FpKGr8P5Z-p-70lw","796000","64921"
"지혜담기","https://vling.net/channel/UC-jNukedHn0eyNPu1ACF49A","14800","1166"
"예서니까","https://vling.net/channel/UCgIjEp8G3-NVlboQuydlRvg","16700","2322"
"요가소년","https://vling.net/channel/UCkTRKCuFrRiXQm_gMG1uDvg","506000","15127"
"진약사톡","https://vling.net/channel/UCxA3KmxmYj6arNJJ4N8mJpA","393000","22658"
"동아제약 OFFICIAL","https://vling.net/channel/UCCMDP4zxreqQ3v5BAYK6KRg","42000","1399586"
"자연드림","https://vling.net/channel/UCAcSJWSGz_oeIdKFNn8tI2g","18300","639"
"유어리아 your ria","https://vling.net/channel/UC9KoN-Yb1swVddjsezLegxA","15000","186"
"이복자챔피언 ","https://vling.net/channel/UCMvUCXTPcPEa7mf82Nt02WQ","16200","636"
"[대한결핵 및 호흡기학회] 건강한 숨, 행복한 삶","https://vling.net/channel/UCNEe0b1NWaZeYXyg238v0lg","16600","935"
"오체안 TV","https://vling.net/channel/UC_2YuQN8sl7yFBj9BN-BVYQ","12700","6486"
"궁금햄","https://vling.net/channel/UC2cWSW3BEEnXunyYXURH2jA","20700","13765"
"올라운더 장박사 ","https://vling.net/channel/UCEu0i8clLZcIIREJTa3HfEA","70100","12293"
"뮤직힐링테라피 MJ MUSIC HEALING THERAPY","https://vling.net/channel/UCFenHjfqkwDFalw73fHvjww","254000","1277"
"김춘식의 시니어라디오","https://vling.net/channel/UCja6IeCP44IBnTkgx5xSovA","12700","187"
"실버건강TV","https://vling.net/channel/UCuI--bHbfz94ohBQhCzwhDQ","16800","1862"
"건강지식TV","https://vling.net/channel/UCzDs6GlAZsYlGbd_OUBdjmA","165000","10441"
"의사딸약사아빠","https://vling.net/channel/UCsZOzy-7j0uCb2ollAyDdSg","18300","7601"
"응꼬형","https://vling.net/channel/UCziD567hCcs0adzB1uaeGUw","25100","3455"
"Inner Healing Music","https://vling.net/channel/UCEoZf-AWt-L9m3pPEK6ywzA","14000","32"
"바둑퀸","https://vling.net/channel/UCHDOgUy_a26vyO7jaGn7XmQ","22100","3269"
"매일매일 두뇌퀴즈","https://vling.net/channel/UCeuJyafhKHKe905pU0T1P1g","21700","4761"
"민쓰운초 Min's","https://vling.net/channel/UCKO29oHODNoM9uAtjk4VlTg","422000","3129"
"테리기자가 만난 베스트닥터","https://vling.net/channel/UC9UIlMm5Yk-ZDJIdTzoVYvg","14300","488"
"조선일보 의학·건강","https://vling.net/channel/UCXg2PYJwE1cfhzxxei0DGmw","112000","19632"
"퀴즈백화점","https://vling.net/channel/UCVV33htEnK3wdDLo8nmnLVA","27100","524"
"삐약이 퀴즈 / Chick Check Quiz","https://vling.net/channel/UCp96LDaTTajrILzaOA0wO2w","14800","493"
"인생과행복스토리","https://vling.net/channel/UCGSsNs2drBT-rXjsT9Qf2ow","57800","394"
"권의시선 : 치과의사 권낙현","https://vling.net/channel/UCdRgh9GCeMs8Bo86QMSuiuA","11900","2975"
"해부학적운동","https://vling.net/channel/UCTWX1gbz0zKIAdpWaBDudVw","11700","242"
"줌마Hip","https://vling.net/channel/UCvETlb8vZ6c79ehLctLJIbg","15000","1230"
"하루백서","https://vling.net/channel/UCGRj74lcFcXF5V_NreIe8mA","10700","211"
"천의마신 I Dr Glacier I 마취통증의학과 교수","https://vling.net/channel/UC9E5K_nlzKfdNqXpEI9ktpg","12500","464"
"백년청춘","https://vling.net/channel/UCUCodQGkYPqph8AS40uy5pA","31200","50"
"사랑과 생명","https://vling.net/channel/UC21OCqYEvXVbYf_n0pwlatQ","43000","465"
"닥터힐러 최준하","https://vling.net/channel/UCMc61QsqMMWWajw7m9kZtFg","21500","19161"
"minimalize scars Korean -lumpdoctor이사부","https://vling.net/channel/UCFQtb7VzPKnRisKxAqO1wjw","132000","17857"
"정신건강의 숲 TV","https://vling.net/channel/UCsy_6x53CNBqdB3hMl9i_FQ","13500","725"
"심밧드","https://vling.net/channel/UClyYfaJWHdCcZyg7fKFui-A","18200","4291"
"노후지혜","https://vling.net/channel/UCBvHgAwju2EvQnFl12NlVkg","29500","1062"
"건강생활","https://vling.net/channel/UCeae_8zNL3z0iDOZyIpAskA","234000","27683"
"Time Medic (타임메딕)","https://vling.net/channel/UCYqdIlpFlB6uh_cpIYgo85g","37400","81"
"비만탈출 연구소 - 다이어트 가이드","https://vling.net/channel/UCCkj5yY_oT24IXyBtkMUKUA","319000","7883"
"시니어 활력소","https://vling.net/channel/UC9v4OXZQEabcGzqfImbITpA","16000","60"
"피지컬프로 Physical Pro","https://vling.net/channel/UC64f2yVYQsU1eILFcf65e7g","30300","2622"
"이명난청완치학교","https://vling.net/channel/UCY1mmvLNfLy_q_zBZ7IRsCQ","54800","8967"
"3분 건강 - 보약 같은 음식 소개","https://vling.net/channel/UCj_0hHY38sHNi_AN56UYm8A","12000","557"
"백세지혜 라디오","https://vling.net/channel/UCL6Zzbr4z7o--eGUuFTWgJg","19300","181"
"노후구조대","https://vling.net/channel/UComLZm2S10ZrzVbJahBnXqQ","23100","662"
"하늘마을 힐링센터 TV","https://vling.net/channel/UCAjG6hYW3bTQIhNMXRZrrUg","238000","5650"
"피카토 Phycato","https://vling.net/channel/UCBaf_e26fqirvbTAX2H40Hg","396000","7187"
"책읽는 헬레네","https://vling.net/channel/UCt05Ox0ZndGh3rrDaNMx7RA","27100","278"
"금단미인 GOLDBEAUTY","https://vling.net/channel/UC1JRg1-V2hKxEVzGV5_yrag","653000","12575"
"디어다빈_영양사의 다이어트","https://vling.net/channel/UC0NazDJj6HZnqXR9x9HiXEg","55700","8592"
"크고싶은다람쥐","https://vling.net/channel/UCxa00N4-xMuNZqPbTfnwYww","10400","606"
"닥터 코뿔소 Dr. Rhino","https://vling.net/channel/UC92kH-aQbWRSLW2fhYwlSEg","39900","9577"
"스튜디오 상상인","https://vling.net/channel/UCEqaIYcv-1ES142qB8-xAjw","215000","63179"
"건강산책","https://vling.net/channel/UCfYcEPkXbrH7U5UhIA6YPmg","53500","3044"
"흥따Heungdda","https://vling.net/channel/UCbuNfuYVnPIRIce8VEzntGw","85400","2277"
"소년간호사","https://vling.net/channel/UCMbbDgoXKietxiTP16_3lFg","54600","2646"
"비뇨의학 TV- 이웅희","https://vling.net/channel/UCGFMlJcTiThlU379QG1nTJQ","36300","2839"
"닥터쓰리 - 한미일의사의 쉬운 의학","https://vling.net/channel/UCkpAw1Z13syiCKj_igxK_xA","432000","48167"
"메디신","https://vling.net/channel/UCrZcOEeiGy9aNKTQubd0uxg","10600","3786"
"Lotus Relaxing Music","https://vling.net/channel/UCSKZIx1DcvALon4jHTCxblA","13900","1061"
"허준할매건강TV","https://vling.net/channel/UCkYODaB_KpINXDiZSkJoI9A","648000","2636"
"LJ비뇨기과_장수연 의학박사 확대, 조루 중점","https://vling.net/channel/UCfkXtllwgHldHAvoqe4BLSA","78400","954"
"교정과 전문의 오소리TV","https://vling.net/channel/UCYCrDtDHcwQgMQs_awg56aw","17400","941"
"디에이성형외과 D.A Plastic Surgery Korea","https://vling.net/channel/UC0wlA-w5JIt0G0EeWQf65AQ","41100","10385"
"지혜달빛","https://vling.net/channel/UCgfv-2OQwlBbTk1utIzXNjw","71100","445"
"백년청춘","https://vling.net/channel/UCUCodQGkYPqph8AS40uy5pA","31200","50"
"소년간호사","https://vling.net/channel/UCMbbDgoXKietxiTP16_3lFg","54600","2646"
"하루백서","https://vling.net/channel/UCGRj74lcFcXF5V_NreIe8mA","10700","211"
"천의마신 I Dr Glacier I 마취통증의학과 교수","https://vling.net/channel/UC9E5K_nlzKfdNqXpEI9ktpg","12500","464"
"건강산책","https://vling.net/channel/UCfYcEPkXbrH7U5UhIA6YPmg","53500","3044"
"노후지혜","https://vling.net/channel/UCBvHgAwju2EvQnFl12NlVkg","29500","1062"
"즐거운 노년 생활","https://vling.net/channel/UCZNcfiTmdzge15Fxd4CLXKw","23700","2154"
"스튜디오 상상인","https://vling.net/channel/UCEqaIYcv-1ES142qB8-xAjw","215000","63179"
"비뇨의학 TV- 이웅희","https://vling.net/channel/UCGFMlJcTiThlU379QG1nTJQ","36300","2839"
"다까는 안까 [강남브랜드안과]","https://vling.net/channel/UCzF54hfpyHnOppq386t9njw","56700","33086"
"행복한꽃현아다육 Korean succulent plants","https://vling.net/channel/UCqC7PBcsyC1RjWYghkZLOZQ","24600","11271"
"이은아의 치매를 부탁해","https://vling.net/channel/UCL80zgXZuKgOt54-KUWeSqw","79700","6717"
"오엘디 티비 - O,LD! TV","https://vling.net/channel/UCgay59pIcwhCHVprFjxXqfA","16400","198"
"닥터고의 쓰리고TV","https://vling.net/channel/UCvpo0SeWU4WHYr4fnGXS__A","44000","5218"
"통찰의학 돈건통","https://vling.net/channel/UCQFbawnpUomGlls8SUq7uCg","186000","1438"
"암정복TV","https://vling.net/channel/UCydZ0hPnUI0n9tCFa3kJXnw","66700","21571"
"하루플란트치과","https://vling.net/channel/UCifZbsAK7qRZZI11PLAaQ0g","35300","523"
"지혜담기","https://vling.net/channel/UC-jNukedHn0eyNPu1ACF49A","14800","1166"
"Dr.인수 팩트클리닉","https://vling.net/channel/UCgCBlyYP7tnQoFp4gjJvydw","13200","2670"
"머라클 MURACLE","https://vling.net/channel/UCfmYdGYK5yZkXehmxKsaLRw","42300","6862"
"[대한결핵 및 호흡기학회] 건강한 숨, 행복한 삶","https://vling.net/channel/UCNEe0b1NWaZeYXyg238v0lg","16600","935"
"예서니까","https://vling.net/channel/UCgIjEp8G3-NVlboQuydlRvg","16700","2322"
"요가소년","https://vling.net/channel/UCkTRKCuFrRiXQm_gMG1uDvg","506000","15127"
"닥터프렌즈","https://vling.net/channel/UCVfLNEch9YxD4tX1L-crkMQ","1420000","108134"
"뇌를 넘어서","https://vling.net/channel/UCmZidjvCGD4sOaQTuWLPN3g","15100","4351"
"히써니데이 Heesunny Day","https://vling.net/channel/UCbvVFf6f1NjAj2ItRlCnMEA","111000","74513"
"브레이너 제이의 숙면 여행","https://vling.net/channel/UC5jSCU8FpKGr8P5Z-p-70lw","796000","64921"
"이슈왔당","https://vling.net/channel/UCYraWJcpDCC8AAunseHbJcQ","20800","2146"
"닥터장 채널","https://vling.net/channel/UCxwcZvx0ydoH1Xr-Vk3QNjQ","29300","778"
"진약사톡","https://vling.net/channel/UCxA3KmxmYj6arNJJ4N8mJpA","393000","22658"
"오체안 TV","https://vling.net/channel/UC_2YuQN8sl7yFBj9BN-BVYQ","12700","6486"
"당뇨스쿨","https://vling.net/channel/UCZcVBt_bK384j_0iW1ARQtQ","267000","32968"
"한입건강","https://vling.net/channel/UCevBKgl8-nLrSfW59s92xcQ","212000","924"
"유어리아 your ria","https://vling.net/channel/UC9KoN-Yb1swVddjsezLegxA","15000","186"
"동아제약 OFFICIAL","https://vling.net/channel/UCCMDP4zxreqQ3v5BAYK6KRg","42000","1399586"
"건강생활","https://vling.net/channel/UCeae_8zNL3z0iDOZyIpAskA","234000","27683"
"시니어 활력소","https://vling.net/channel/UC9v4OXZQEabcGzqfImbITpA","16000","60"
"테리기자가 만난 베스트닥터","https://vling.net/channel/UC9UIlMm5Yk-ZDJIdTzoVYvg","14300","488"
"비만탈출 연구소 - 다이어트 가이드","https://vling.net/channel/UCCkj5yY_oT24IXyBtkMUKUA","319000","7883"
"사랑과 생명","https://vling.net/channel/UC21OCqYEvXVbYf_n0pwlatQ","43000","465"
"줌마Hip","https://vling.net/channel/UCvETlb8vZ6c79ehLctLJIbg","15000","1230"
"민쓰운초 Min's","https://vling.net/channel/UCKO29oHODNoM9uAtjk4VlTg","422000","3129"
"Time Medic (타임메딕)","https://vling.net/channel/UCYqdIlpFlB6uh_cpIYgo85g","37400","81"
"닥터 코뿔소 Dr. Rhino","https://vling.net/channel/UC92kH-aQbWRSLW2fhYwlSEg","39900","9577"
"정신건강의 숲 TV","https://vling.net/channel/UCsy_6x53CNBqdB3hMl9i_FQ","13500","725"
"몸이 예슬이야","https://vling.net/channel/UClGkQjxyUlq1trn9TlfQF4g","14700","4155"
"올라운더 장박사 ","https://vling.net/channel/UCEu0i8clLZcIIREJTa3HfEA","70100","12293"
"Inner Healing Music","https://vling.net/channel/UCEoZf-AWt-L9m3pPEK6ywzA","14000","32"
"닥터힐러 최준하","https://vling.net/channel/UCMc61QsqMMWWajw7m9kZtFg","21500","19161"
"심밧드","https://vling.net/channel/UClyYfaJWHdCcZyg7fKFui-A","18200","4291"
"퀴즈백화점","https://vling.net/channel/UCVV33htEnK3wdDLo8nmnLVA","27100","524"
"생활특성","https://vling.net/channel/UCmqDKYGQw0h9XYGaRbUuy7g","20600","2540"
"뉴스타트 박학근tv","https://vling.net/channel/UCGFPgroNdTYwy2j3KH5w14A","12200","239"
"지혜의 편지","https://vling.net/channel/UCgk2IenDMIf53j-6WJB0Usg","57600","3020"
"무조건당신편","https://vling.net/channel/UCTp5fJVTDuFmf_dVfIMF7Nw","417000","64299"
"지금 명의","https://vling.net/channel/UCgGns5mTguUQYAZvVZ-wWpg","53500","34086"
"의사가 말하는 건강","https://vling.net/channel/UC5_R-HyIVAbvssbBvEQntUQ","42000","5816"
"스무디 다이어트 | 해독 장선생의 건강 루틴","https://vling.net/channel/UCDkbjIaqkEAQugZcWo4O_DA","15800","23557"
"건강백세뉴스","https://vling.net/channel/UC4XSoDFDKr8GOLtIOs1RW-Q","21000","7497"
"건강 스케치","https://vling.net/channel/UCDGiDdclwBxH0xWWSIyA4zA","282000","13576"
"일타퀴즈 표선생","https://vling.net/channel/UCg5Aq9v1veNYHA87l7I7PRg","13600","672"
"건강 똑소리","https://vling.net/channel/UC_ZpSj2WGAEg_BnD1UpOUgw","389000","12252"
"건강백세TV","https://vling.net/channel/UCtu0acuC9eJeonExvLdybRw","98100","10933"
"박민수박사","https://vling.net/channel/UCc-6X3Z4msYR9Qt1vF4XH2g","574000","5265"
"Mellow Night","https://vling.net/channel/UCv3nPc6ezhkU2ydrSljiXHQ","14100","130"
"당뇨병의 정석","https://vling.net/channel/UCsVB1GWF-NH-RTxJax8XA_Q","181000","3804"
"약초로 백세","https://vling.net/channel/UCC-eABUxQLWErgabW-IM0nQ","38800","356"
"여네모","https://vling.net/channel/UC2ay36g9UbHyVHs4goETc8w","57700","10924"
"지혜로운 동행","https://vling.net/channel/UCktVWoECIiq_1o2dyUwG2Qg","126000","5514"
"소우주한방병원","https://vling.net/channel/UCfkI7-mN-3N2KFy88ddxfvA","10500","467"
"서울예스병원","https://vling.net/channel/UCuIbvJLil8H5v-lGw5OIZbQ","21800","5653"
"낭만호구","https://vling.net/channel/UChKuP7Iw0bLekMRr4skZPuA","162000","8700"
"슬기로운 일상","https://vling.net/channel/UCeDdpKwew8y5xK7mrWNtV4A","21800","417"
"우리 모두 튼튼","https://vling.net/channel/UCOUzm2Kw5nKAwyDd1ewjXwA","262000","74024"
"싴 - 내가 찾는 지식의 모든 것","https://vling.net/channel/UCjRFJmI_lFlLkEu0i2gCZtQ","143000","72418"
"분당차병원_CHA Bundang Medical Center","https://vling.net/channel/UCQnbEcKjCBh-lEdX18Jimgg","44800","5103"
"건강한 하루","https://vling.net/channel/UC4iSYAD44__BOG5MDuksOgw","11400","712"
"몸신한의사 한진우","https://vling.net/channel/UCI-rCNlQcB1Z1XksQxMSBKA","69200","8959"
"김현욱의 지식의길","https://vling.net/channel/UC682EBeAEpHuXHcUAZ7IVjA","108000","56961"
"닥터리TV_비만 치료만 30년","https://vling.net/channel/UCIjwtJ_Ib0hMkarB2j9zYQg","141000","17731"
"명상가의 쉼터","https://vling.net/channel/UCofrUcsfPeC6rsJaLfstiSw","13000","6354"
"토킹닥터스, 토닥","https://vling.net/channel/UCjy9K1vCRO73pFawKOLq1MA","72500","14425"
"메디신","https://vling.net/channel/UCrZcOEeiGy9aNKTQubd0uxg","10600","3786"
"닥터쓰리 - 한미일의사의 쉬운 의학","https://vling.net/channel/UCkpAw1Z13syiCKj_igxK_xA","432000","48167"
"지혜백년","https://vling.net/channel/UCE27Igr1GIxF3OVqsLyZQVQ","21800","50"
"권혁수의 알러지스쿨","https://vling.net/channel/UCrilcgsaQxYFSPDuxORRL8A","68900","6288"
"epilates","https://vling.net/channel/UCbAzZlYBcFEG4F346NUpYtg","11500","128"
"귀사남","https://vling.net/channel/UCMah8P8PJBAy8kXbrVgedqw","71700","1358"
"압구정서울성형외과","https://vling.net/channel/UCqNtVCL2u5Xvx74ymboxDyg","25300","88131"
"운동하는의사, 닥터스핏","https://vling.net/channel/UCZ183HjAS3gpO0tpasKoSOA","21600","478"
"김진오의 뉴헤어 프로젝트","https://vling.net/channel/UCB1_zmwX--s9ccT0dNNFe8g","398000","56775"
"지식팡팡","https://vling.net/channel/UC57BIGNyMlnD1T3jlYE02lQ","53600","3071"
"김약사TV","https://vling.net/channel/UCbnee-jEedrcVIAzO9vr8oQ","323000","57852"
"시니어 가이드","https://vling.net/channel/UCcibY0ceQKmlz6eOkOLx1Ig","26200","8045"
"새힘라디오","https://vling.net/channel/UCPkU9Vm1tNsQVT-LpuT_Ifg","13500","4954"
"노인 건강습관","https://vling.net/channel/UC51ZcfIoWR-FQR4AOLQ4Z1Q","17500","43883"
"발레하는 펄리나 PEARLINA","https://vling.net/channel/UCJSp4GqXKkQB2Um0hhgeM3Q","54200","19962"
"닥터덕 Dr Duk","https://vling.net/channel/UC9NCnL0ZJmx33uL5GtkvsyQ","222000","9512"
"지혜 안내서","https://vling.net/channel/UCdLYgYQU3W3XO8Z7Ov7TDUg","29000","5871"
"건강채널 민트TV","https://vling.net/channel/UCySY2OPx0a6dwa-VgF26Hog","132000","32711"
"강찬 교수와 함께하는 '정형외과와 발' 이야기","https://vling.net/channel/UCbFZGQ30KGGDGXu-M2ouC3Q","15500","545"
"송도신도시 청춘4구당구TV","https://vling.net/channel/UC44IU9FLOYWYdA31ST-ZTvQ","10000","6663"
"알기쉬운 이비인후과 (Easy ENT)","https://vling.net/channel/UCym5PVQyD12kIRART5VI-Cg","14600","610"
"초기증상 자가진단","https://vling.net/channel/UC11DPi0BtPv7avqHlOGK2Zg","77500","385"
"아만보! 아는 만큼 보인다","https://vling.net/channel/UCwqWwzG89LFOkZuODlT25gQ","97900","28214"
"닥터이걸의학TV","https://vling.net/channel/UC0uDCG39HbyPybXq--q4vfw","157000","12882"
"헬스인뉴스","https://vling.net/channel/UC4CeK6-TyIxmdY8GsTuGwow","39600","519"
"재활의학과탑팀","https://vling.net/channel/UCWW--vYvkR604lbGg92J2_A","10600","206"
"송준영","https://vling.net/channel/UChNDIHBxpkgcR1SqURb0MJg","32900","3564"
" 요가배 | 뇌과학 치유요가&마인드  ","https://vling.net/channel/UCSPI5jM1Y4-QeU5twweENJA","14800","3006"
"KSMO TV_그암이 알고 싶다","https://vling.net/channel/UCMAXvVcwlqs4hk4FnWBYO7A","28600","939"
"탱자마미","https://vling.net/channel/UCMd7fLTSsu3R9POCqNPNXSQ","109000","75572"
"힐링무브 Healing move TV","https://vling.net/channel/UCjkTFSjTlZ3HfTYsh6axzSA","83000","2475"
"너너블리","https://vling.net/channel/UCyO1bz7I5ftf8V0FtSfKrqA","25700","59"
"Dr.도도라파","https://vling.net/channel/UCRUf2cB7BnbJhjcEmDYsPEA","23300","433"
"기역","https://vling.net/channel/UCaukJS52o7NLChYNUNC1RpQ","110000","2323"
"다시서다 - 체질한의사 장원장","https://vling.net/channel/UC9jtRNQ1W1ltvYL7iR03Hbw","10200","9918"
"광교 휴내과의원","https://vling.net/channel/UCb2nSnOVFmd2ziYz9QXxPHQ","29400","6824"
"박쌤의 개발새발","https://vling.net/channel/UCxOhohy2cZHuJ67leDWZMPw","82600","27108"
"재밌는 게임플레이","https://vling.net/channel/UCfrVbTUXWWYSps_OR-j8n0Q","54700","84"
"질첵언니","https://vling.net/channel/UC63STh0D1LiBvKf7FPOgyyg","93000","17462"
"신재활의 무릎재생 ▶","https://vling.net/channel/UCI2XyZ4i_5ui7vM4QO95EIA","21800","20953"
"착한언니","https://vling.net/channel/UCLVrqcbE0yH-gJnhHnU3VIg","11600","1088"
"안아파연구소","https://vling.net/channel/UCucuiFF6L8tHrhbwfPe_Zcg","125000","4171"
"마이나슈TV","https://vling.net/channel/UCGdJG9d0OaF--aSYdB23ZMw","20800","109"
"영양과학자 양과자","https://vling.net/channel/UCY-mXLM6DsS9cmSwlh0tqSA","234000","26945"
"하개월 hamonthly","https://vling.net/channel/UCYnxGaBJ2NrdBhjqjW1mtFQ","21000","1044"
"훈요가x요가트리니티 대치","https://vling.net/channel/UCaj3-or-1r_FgFDz1M_az0A","17900","130"
"Queen Solmee","https://vling.net/channel/UCahWSp7DQGJfXU1UX2BuqBA","240000","2033"
"돈키호테박서흥","https://vling.net/channel/UCOSvlw3JVFZzl00NlQsR8BQ","57200","25783"
"Healthy Life Journal","https://vling.net/channel/UC_xYZxg-iR-7dvRq5lgELXw","114000","6369"
"노후지혜TV_노후지혜, 노후이야기, 노후지식","https://vling.net/channel/UC6FvkZJBSdggqFvedVvrlpQ","64800","153"
"별빛노후","https://vling.net/channel/UCkppaBlDkqm_wwbBbiH0CHw","77500","1800"
"Dr.고정아","https://vling.net/channel/UCoi9u6GXET-Oh4y81ooO31Q","11500","9777"
"민들레한의원 다이어트 피부","https://vling.net/channel/UCVQzUdTQcc_ziEphUsD3g0A","11400","322"
"레이델","https://vling.net/channel/UCkYpGCnJfxXqJL80HxHZQng","21900","48782"
"8체질연구소","https://vling.net/channel/UCQXnPewQ9MDYJKlp_3gvVOg","25000","331"
"한국심리교육원","https://vling.net/channel/UCsH24sxk9CMIwtsjqodI55A","29100","651"
"실비스 SILVIS","https://vling.net/channel/UCuYbo04q59jhMWw9uPwVY0g","33700","3020"
"한동하채널-HANDONGHA Channel","https://vling.net/channel/UCAsZox6EymL3vaLqW69sSyw","78200","7832"
"One Day(어느날)","https://vling.net/channel/UCCHjvngcFIEYLvypeHLvrpQ","108000","9245"
"암쏘왓","https://vling.net/channel/UC7MBoaHG-aV3_MRIrPMzahA","10600","3654"
"허브누리","https://vling.net/channel/UCvFWiQVFDPCahy2bs_G0sYg","28400","3256"
"푸드닥터 심선아TV ","https://vling.net/channel/UCb9bg9e0IZ0ToLtuLOR0img","13300","1490"
"허브누리","https://vling.net/channel/UCvFWiQVFDPCahy2bs_G0sYg","28400","3256"
"습관연구소","https://vling.net/channel/UCZv4sCOPzI-1lj5nc78Pcbw","23300","698"
"with EUNJI 은지","https://vling.net/channel/UCwPCE1Ct9KkbGRudNCfURVw","29800","975"
"임지윤라인댄스 Jiyun Linedance","https://vling.net/channel/UCad-DXhhQL3WYdK_OjM4ulg","11800","2354"
"비니BINEE","https://vling.net/channel/UC8tr6-Eys0CjF9h-yAte9Gg","139000","22977"
"분석좌","https://vling.net/channel/UCvAcpJ1pNb_BtW5uO_zrL1Q","75700","1953"
"Gillette Korea 질레트코리아","https://vling.net/channel/UCsLPMQ1AUrQPduAV3RaPzWw","11400","735412"
"자생한방병원","https://vling.net/channel/UCpwd_VdrwtnanBP5V_ZK1Hg","148000","50746"
"연세우리병원TV","https://vling.net/channel/UC8FmfF0Lts4iq13nxKWwzBg","13400","2584"
"노년건강이야기","https://vling.net/channel/UCTFax5gXUo12B1NUFsAT4_Q","24200","5739"
"One Day(어느날)","https://vling.net/channel/UCCHjvngcFIEYLvypeHLvrpQ","108000","9245"
"암쏘왓","https://vling.net/channel/UC7MBoaHG-aV3_MRIrPMzahA","10600","3654"
"다이어트 해커 이서울","https://vling.net/channel/UC2CmamCD9CTWs4vo_t_gt9Q","262000","87955"
"산돌의 사랑방","https://vling.net/channel/UCcSOP99SWdfWWJjI1Cpm4JA","30300","69"
"이세나 의사","https://vling.net/channel/UCg-FXS9pTbM4sNe4IfWymKw","23100","36907"
"신비한 지식","https://vling.net/channel/UCnrM8A56BoILYgaEAOJCZnA","14500","336"
"아름다운 노년","https://vling.net/channel/UC7CeVJcJsKZZ2QOOh9n1srg","11800","546"
"윔 스튜디오","https://vling.net/channel/UCcCCMZwS2XuPB9U1-ImGrKg","11200","2463"
"ミドリの間違い探し","https://vling.net/channel/UCyd3PoCl_I6nhjT_ebosXuw","18500","6312"
"닥터윤의 바디코드","https://vling.net/channel/UC9VvD7mZmX9AKPKMnlkMc-Q","22100","759"
"박민천 채널 TV","https://vling.net/channel/UCLubZlH0ndj2sXlIl_UpesQ","10400","33"
"분당서울대학교병원","https://vling.net/channel/UCzp_EKglYlon4-hOCF6tdfw","270000","28228"
"하제용대한민국 가장 힘 쎈 남자","https://vling.net/channel/UCFJEWuZbFj2eyD5FKcBlZnw","81700","1851"
"실비스 SILVIS","https://vling.net/channel/UCuYbo04q59jhMWw9uPwVY0g","33700","3020"
"조은날하루 Joeunday","https://vling.net/channel/UCyN0Jud0f0xrrIwNsVYDU-g","62800","1445"
"유해헌터 강상욱 교수","https://vling.net/channel/UChvjYwcfwd_ZSpBgLlkoGpw","47600","3832"
"몸이편안하니 ","https://vling.net/channel/UC9gxwX8JWPGConRI1rW75Ug","20200","1212"
"황해연의 죽염건강법","https://vling.net/channel/UCTnMxgDGfaeEphIEoaCrm5Q","16300","9148"
"혈관구조대_청맥","https://vling.net/channel/UCGNtVzTi0VM4T_fOrXstv8w","10000","5819"
"지방쿸","https://vling.net/channel/UCDOgMBIqlZRyyImVB5U3ZMQ","104000","105332"
"여강사의운전교실","https://vling.net/channel/UCYM8YM6m_U-GURom-mQ4GUA","32000","6325"
"Wanhee 완희","https://vling.net/channel/UCOual_eH_ddguQGKbWc36YQ","481000","11650"
"폐암 무엇이든 물어보세요","https://vling.net/channel/UCUTt7wfoueMsWsqZup9CfvQ","44500","2769"
"CloudHospital TV","https://vling.net/channel/UCmk5WDc1-ZMPrzvjSpkAA2g","28700","668"
"올리브 다육","https://vling.net/channel/UChsDyaSqUy1cbqw5CrmWP4g","10400","51"
"울아들 _행복을 위한 빛나는 지혜","https://vling.net/channel/UCq3blAW0AsusU9nqmcXnRgA","53600","22138"
"다시봄안과 Dasibom Clinic","https://vling.net/channel/UCoTYFFk_IIhxRL6DNPhdKuQ","179000","39898"
"닥터딩요","https://vling.net/channel/UCedNxnMK3b2-_hzqLyo4stg","848000","101518"
"dahye Jeon 다혜밍","https://vling.net/channel/UC-yOit3UEMP454VsHaqf8ZA","11300","1485"
"대한심장TV","https://vling.net/channel/UCiDyclfrDIHe11ve7Gtdw_A","49000","20847"
"블랭크유 BLANK YOU","https://vling.net/channel/UCdo9o2TIHWX7PkS84Ez7cTA","35600","280"
"가비쌤","https://vling.net/channel/UCdn9O0bDIC8lZtGkYePR5QQ","20700","27850"
"바른세상병원","https://vling.net/channel/UCBdio0WCeRqN6iSzODb_KOw","126000","28517"
"민이맘의다육산책","https://vling.net/channel/UCf35hICUHra9_xMSvI-9NCQ","13400","475"
"네오바이오텍 / Neobiotech","https://vling.net/channel/UCutJAdRH5iOCff0mhP-JFHQ","19300","880"
"질병관리청 아프지마TV","https://vling.net/channel/UCa7-3Zvxg-5Rfxgu3RQY_gw","101000","16027"
"자하연TV","https://vling.net/channel/UCsHHEnpc9lUZXPQZ5I8c-wA","213000","22420"
"새마을운동중앙회","https://vling.net/channel/UCr3zzzCBXhRjUTN5W0TqMRw","26300","3179"
"이재형원장의 통합 암 정보센터","https://vling.net/channel/UCkLmpaX74uSlp0Renj9va-A","13700","718"
"샘 saem","https://vling.net/channel/UCyWSTXEurIIRwpNV9_iqovA","12100","292"
"굿닥터인부산","https://vling.net/channel/UCvpwvsqUijWVIExvXfshWEA","134000","16415"
"아이루미TV","https://vling.net/channel/UC_nRrn_riuQbOKgAyb_IOWA","40400","1351"
"이화여자대학교 의료원","https://vling.net/channel/UCzg1Ive5NEVKeTEfiopLSUA","15100","2091"
"바른몸교수ㅣ목어깨 치료사","https://vling.net/channel/UC-cek_fEjw_l8gX9Ke0Q6Rg","112000","43565"
"통증요정 김학조","https://vling.net/channel/UCo_JzTom6eRlh7UttLZq4rg","130000","32687"
"양닥터","https://vling.net/channel/UCZMl1lsaz3HqqLWye8_VLdw","96500","30591"
"두뇌활력 연구소","https://vling.net/channel/UCDsHMTplRfN3voJtSV2X0rQ","28800","35467"
"린다이어트 Lean Diet","https://vling.net/channel/UCt4P18eL_MPmTpuTFA5xHCw","140000","1614"
"시니어건강학교","https://vling.net/channel/UCflvs-PqUNjSGvH9_QGKP3g","384000","5371"
"다육이노리터 succulent noriter TV","https://vling.net/channel/UCkkPLRLFmIbHdi0J9qAb8jg","10600","1298"
"귀코목수비대","https://vling.net/channel/UCjD40Jy0I0VOxfE_NmJE9Qw","15400","10026"
"건강구조대","https://vling.net/channel/UCatDnMlI2LI2dDb15BuZbAg","678000","127072"
"에일린 mind yoga","https://vling.net/channel/UCKmEDAD5k5KFMcY5wvGIeGQ","809000","69326"
"김소형채널H","https://vling.net/channel/UCuFGPhfJlIngZaC2BjLaJdQ","1740000","229994"
"사랑합니다","https://vling.net/channel/UCLYKBuBeAFt12Bzy0X-aWMw","23600","255"
"명언모음아","https://vling.net/channel/UCrtI5OJjXboG_oBUbzKuiRg","13800","498"
"GREAT DETECTIVE COOKIE","https://vling.net/channel/UCKxQOhOP24zDieuNHDhPzZg","17200","38313"
" 시니어건강","https://vling.net/channel/UCgm7G6iEnUqX2IudIH2tiKQ","52000","30268"
"장길성","https://vling.net/channel/UCY6wFlA8TR2lRDXR_52kc0w","114000","287"
"나는의사다","https://vling.net/channel/UCjegsOAf5nOCfLfMpLyNj0A","218000","46264"
"PM11 Studio - Relaxing Music","https://vling.net/channel/UCP4WsWqUQAWZb7e6J9G9YxA","58800","81882"
"엄마들을 위한 대사 다이어트 /  매일감비환 ","https://vling.net/channel/UC6Mf-wiyKvWup51wgGzjE4A","38400","5689"
"Sunny Funny Fitness","https://vling.net/channel/UCTAcO7MyXetuvExV7Lo_L6Q","1470000","8870"
"김자영의 미토TV","https://vling.net/channel/UCBj6yA2pg3nVr4EjDcybHYA","73500","4104"
"유노튜브","https://vling.net/channel/UCrEe-LfBLXA1-bTGS4bWmtg","16200","4137"
"국가암지식정보센터","https://vling.net/channel/UCnHq2L1NAGMpb_VE_4wiSUQ","26000","958"
"김범수교수의 발편한세상","https://vling.net/channel/UCwyQf2cWzx1xm7JWZrXcnUw","153000","8885"
"eunn ","https://vling.net/channel/UCtvF3qOM4qN3HKhDBt6Nhmw","11300","471"
"대한건강","https://vling.net/channel/UC5etMYZqJUG_gS9F2wSc5Aw","12600","3543"
"우리동네산부인과, 우리동산","https://vling.net/channel/UCpgoxljexZ23-K5dN0-6hVA","378000","65841"
"바른건강","https://vling.net/channel/UCkARt3BEOlHCNtLPVuKZgQA","460000","100295"
"엑스플랜트 (xplant.co.kr)","https://vling.net/channel/UCEaJHTyVOTy-EnSiPojvQJg","29100","11131"
"Resoul Relaxing Music","https://vling.net/channel/UCNfx3Lk4eHKHIG9na9wxoTw","29600","168"
"옥이네다육이","https://vling.net/channel/UCF89PBPRAyqDtps-IvAV6cg","23600","1794"
"이재영 박사","https://vling.net/channel/UCkfkyYKAQ_NoZWVuBM7eh4g","16900","555"
"다시 청춘","https://vling.net/channel/UCWupWRVfGxqARiSDqZkMhog","124000","12819"
"백세시니어","https://vling.net/channel/UCRIEZCglywEHWUgti3zcnzA","35700","1009"
"음경확대, 조루증 중점 비뇨기과 닥터코넬","https://vling.net/channel/UCcFfwiQzKWfSXPRm2uwTmmQ","212000","13935"
"탱크약사","https://vling.net/channel/UCnHz9L-dDd_snUdOoHnq_4Q","89300","7121"
"MSK MRI Jee Eun Lee","https://vling.net/channel/UC4bw7o0l2rhxn1GJZGDmT9w","13600","1131"
"지방흡입멘토","https://vling.net/channel/UC_-fuPCHE0FqKYxyzhiD39Q","17500","23181"
"스타씨드-starseed","https://vling.net/channel/UCm_iwtc0e3VbiTFRdsrzzPA","18700","452"
"안까의사 [강남이오스안과]","https://vling.net/channel/UCLH1kOXC0wBah9o6NeOroYw","141000","15010"
"포디랩 구원장","https://vling.net/channel/UC8kg8qjjXCe2r27AduZzE4A","37500","5049"
"와꾸짱쭈늬시즌2","https://vling.net/channel/UC8ioxxWdxfUq8cUKjozBkgg","20300","12136"
"씩씩TV SickSeekTV","https://vling.net/channel/UC8TdJIAyDUcuYr2AJ7UzCNg","15500","4271"
"JTBC Life","https://vling.net/channel/UCe-gh0jfKlR_EvsNyzYphww","478000","655492"
"이지아이 언어치료","https://vling.net/channel/UClZK1xZCHZl--IIB6K1nuHg","25000","3361"
"유방건강TV","https://vling.net/channel/UCaKrG62q19ueUKDo751PePg","47300","13651"
"닥터 조커","https://vling.net/channel/UCDEG9dOfuBfvUZHnV03fsTA","13600","6949"
"지방쿸","https://vling.net/channel/UCDOgMBIqlZRyyImVB5U3ZMQ","104000","105332"
"WITHPOP","https://vling.net/channel/UCmAu1qMmRgStKu1bewXOmOg","25000","488"
"조우네 마음약국","https://vling.net/channel/UCUxmgtFk6xEoMz6OVqNIgxA","19200","513"
"네오바이오텍 / Neobiotech","https://vling.net/channel/UCutJAdRH5iOCff0mhP-JFHQ","19300","880"
"가비쌤","https://vling.net/channel/UCdn9O0bDIC8lZtGkYePR5QQ","20700","27850"
"린다이어트 Lean Diet","https://vling.net/channel/UCt4P18eL_MPmTpuTFA5xHCw","140000","1614"
"사랑합니다","https://vling.net/channel/UCLYKBuBeAFt12Bzy0X-aWMw","23600","255"
"시니어건강학교","https://vling.net/channel/UCflvs-PqUNjSGvH9_QGKP3g","384000","5371"
"음경확대, 조루증 중점 비뇨기과 닥터코넬","https://vling.net/channel/UCcFfwiQzKWfSXPRm2uwTmmQ","212000","13935"
"닥터 조커","https://vling.net/channel/UCDEG9dOfuBfvUZHnV03fsTA","13600","6949"
"바른세상병원","https://vling.net/channel/UCBdio0WCeRqN6iSzODb_KOw","126000","28517"
"유노튜브","https://vling.net/channel/UCrEe-LfBLXA1-bTGS4bWmtg","16200","4137"
"민이맘의다육산책","https://vling.net/channel/UCf35hICUHra9_xMSvI-9NCQ","13400","475"
"바른몸교수ㅣ목어깨 치료사","https://vling.net/channel/UC-cek_fEjw_l8gX9Ke0Q6Rg","112000","43565"
"김범수교수의 발편한세상","https://vling.net/channel/UCwyQf2cWzx1xm7JWZrXcnUw","153000","8885"
"국가암지식정보센터","https://vling.net/channel/UCnHq2L1NAGMpb_VE_4wiSUQ","26000","958"
"에일린 mind yoga","https://vling.net/channel/UCKmEDAD5k5KFMcY5wvGIeGQ","809000","69326"
"굿닥터인부산","https://vling.net/channel/UCvpwvsqUijWVIExvXfshWEA","134000","16415"
"새마을운동중앙회","https://vling.net/channel/UCr3zzzCBXhRjUTN5W0TqMRw","26300","3179"
"질병관리청 아프지마TV","https://vling.net/channel/UCa7-3Zvxg-5Rfxgu3RQY_gw","101000","16027"
"옥이네다육이","https://vling.net/channel/UCF89PBPRAyqDtps-IvAV6cg","23600","1794"
"자하연TV","https://vling.net/channel/UCsHHEnpc9lUZXPQZ5I8c-wA","213000","22420"
"백세박사의 장수라이프","https://vling.net/channel/UC-XDC7d8CaIZmWQ4pxIOUqA","32300","16893"
"씩씩TV SickSeekTV","https://vling.net/channel/UC8TdJIAyDUcuYr2AJ7UzCNg","15500","4271"
"우리동네산부인과, 우리동산","https://vling.net/channel/UCpgoxljexZ23-K5dN0-6hVA","378000","65841"
"최일례tv","https://vling.net/channel/UCoJptJ2l3VYXdsE5xgz6RlQ","38800","7412"
"와꾸짱쭈늬시즌2","https://vling.net/channel/UC8ioxxWdxfUq8cUKjozBkgg","20300","12136"
"김소형채널H","https://vling.net/channel/UCuFGPhfJlIngZaC2BjLaJdQ","1740000","229994"
"마이리즈스토리","https://vling.net/channel/UC_e0wZaIe8Z5e2ZSqN77B4g","39300","3967"
"건강구조대","https://vling.net/channel/UCatDnMlI2LI2dDb15BuZbAg","678000","127072"
"PM11 Studio - Relaxing Music","https://vling.net/channel/UCP4WsWqUQAWZb7e6J9G9YxA","58800","81882"
"이지아이 언어치료","https://vling.net/channel/UClZK1xZCHZl--IIB6K1nuHg","25000","3361"
"엄마들을 위한 대사 다이어트 /  매일감비환 ","https://vling.net/channel/UC6Mf-wiyKvWup51wgGzjE4A","38400","5689"
"Sunny Funny Fitness","https://vling.net/channel/UCTAcO7MyXetuvExV7Lo_L6Q","1470000","8870"
"FitBurst","https://vling.net/channel/UC00-W8j2qHJy83ONqoaM5xQ","56700","31485"
"귀코목수비대","https://vling.net/channel/UCjD40Jy0I0VOxfE_NmJE9Qw","15400","10026"
"GREAT DETECTIVE COOKIE","https://vling.net/channel/UCKxQOhOP24zDieuNHDhPzZg","17200","38313"
" 시니어건강","https://vling.net/channel/UCgm7G6iEnUqX2IudIH2tiKQ","52000","30268"
"엑스플랜트 (xplant.co.kr)","https://vling.net/channel/UCEaJHTyVOTy-EnSiPojvQJg","29100","11131"
"샘 saem","https://vling.net/channel/UCyWSTXEurIIRwpNV9_iqovA","12100","292"
"나는의사다","https://vling.net/channel/UCjegsOAf5nOCfLfMpLyNj0A","218000","46264"
"바른건강","https://vling.net/channel/UCkARt3BEOlHCNtLPVuKZgQA","460000","100295"
"유방건강TV","https://vling.net/channel/UCaKrG62q19ueUKDo751PePg","47300","13651"
"Resoul Relaxing Music","https://vling.net/channel/UCNfx3Lk4eHKHIG9na9wxoTw","29600","168"
"대한건강","https://vling.net/channel/UC5etMYZqJUG_gS9F2wSc5Aw","12600","3543"
"코비진스","https://vling.net/channel/UC3l1qgrRx8vPan82wDc3kNg","67400","723"
"질좋은 언니들","https://vling.net/channel/UCMyHgLyD-7EODGT4V7XATtw","23100","11503"
"Oneness Healing Sounds","https://vling.net/channel/UC3Yhzr4IRUyIPl0m_L1bkDw","31200","1970"
"루이빈치과 류지헌","https://vling.net/channel/UCmzK71U9c8w--ejwOTiELgg","362000","179697"
"쿠크닥스 : 멘탈 바사삭 클리닉","https://vling.net/channel/UCRU0BQP9sA2UAZYMsZdEyuA","152000","50965"
"시니어 튼튼생활","https://vling.net/channel/UC4k9vS4YntHp7mR3Qpl8CGg","64900","10334"
"강북연세병원","https://vling.net/channel/UCUjLTnftBc1ju9R6hah1lsw","96600","25622"
"무브나 Movena","https://vling.net/channel/UCTDFr-lur2d3dNBRwF0N_HA","28700","5125"
"1분도수 | 목 전문 도수치료사","https://vling.net/channel/UCWywSxMIVgYcE8lqPCwHWfg","111000","122968"
"정신과의사 정우열","https://vling.net/channel/UCXe8kMnNwdBFgW3Kb7baFcA","233000","10008"
"척추보안관TV","https://vling.net/channel/UCVfdslG41OZ7lEYjbfgIPrw","17700","814"
"일지의 브레인TV","https://vling.net/channel/UCX7JS79iJ0AjpeP_21SpD3A","287000","8332"
"광벽의 소소행","https://vling.net/channel/UCLWGXTfHBcdV-nHhaXqBRwg","34700","957"
"수호신당구레슨","https://vling.net/channel/UCkl4YH6GVz6QwT-XLXSMw-w","96800","12041"
"김아랑 Alang Kim","https://vling.net/channel/UCqLpXUYCykYLInJycJ9W3rA","128000","24259"
"DJ저요","https://vling.net/channel/UC2TkjSrLoQi8PgOTDwJzWgg","20200","586"
"배석철의 비타민B3 LAB","https://vling.net/channel/UC_UTXwnRNWyyOpW2VH81GNg","25100","5328"
"당뇨, 꺼져","https://vling.net/channel/UCrYkMzMwPwzEipZpXSedJJg","130000","73"
"또이어트","https://vling.net/channel/UCxKLvDDM3gXxAvI5J8SGBsA","12200","451"
"비비 진주 bb Jinju","https://vling.net/channel/UCuCQDwkymJKmMAk64x1Q9mA","13700","333"
"뜯다","https://vling.net/channel/UCQxLSQdfRHevLsQstMsTa3g","149000","5603"
"발명 [롤토체스]","https://vling.net/channel/UCcJliZnsRbNw4I4uWSGq_wA","44600","1764"
"정토종淨土宗  Pure Land Buddhism Korea","https://vling.net/channel/UCVgs5xVU3EoEvR6yNJoxQ_w","16500","1741"
"정우석","https://vling.net/channel/UCM5PEAoFtNy4GCL5WYAd1oA","130000","577"
"나디연세외과Nadiclinic","https://vling.net/channel/UC10AAy7YJ5Qbq5rJyH6JW_w","17400","133"
"Korean Heart Sutra","https://vling.net/channel/UCQeMqUr-7SfHTGAJo0mwE3g","16600","311"
"쏙닥터 류수형","https://vling.net/channel/UCB19vKHElP-PgrUnSjtxeDw","10100","1898"
"닥터라이블리 - 모어댄뷰티","https://vling.net/channel/UCFfa_-Gvxe2yocNTTgwThyQ","73400","10062"
"빛나리_성악힐링마스터","https://vling.net/channel/UCRYnUUK7uJYO29FVz8T4e_A","18400","1609"
"만두형 정지현  JUNG JI HYUN","https://vling.net/channel/UCzSHnaKi1jVYmCeqmkTYkUQ","25300","795"
"닥터광사부","https://vling.net/channel/UCtddk8OgBk2ijy7S4zkqoOQ","88500","6875"
"통증닥터백선생","https://vling.net/channel/UCDumz0HIZCJ9yQRf72KpN3w","23400","1535"
"중국탁구연구소","https://vling.net/channel/UCEn_SuU2BIzIzu7-x1vFv4A","36400","8389"
"Gabriel Dye","https://vling.net/channel/UC25yyLjZhqDaXarwOz-JjvA","15900","22"
"퍼니헤어 본점","https://vling.net/channel/UC6qKucW_u3H-Wm7BI3uxogg","11600","57"
"약사 메디슨맨 TV","https://vling.net/channel/UCr8tJHAIz4MOOwgdt8H0ceQ","249000","31153"
"닥터스토리","https://vling.net/channel/UCP5YHr1g0MoVPGfIR-w2p7g","10700","641"
"굿닥터 김태균","https://vling.net/channel/UCuqvo3Sona-273f0XK2qbXw","42000","19047"
"닥터BTS의 유선방송","https://vling.net/channel/UCwumnYuvftvHHQcC9A3EexA","12200","3461"
"지식한상 ","https://vling.net/channel/UCw8hsZYZcasyyLrfOFP8D-w","1380000","125827"
"육아한방","https://vling.net/channel/UCfCmwd1TAshuvZ5br2lBr1Q","10200","764"
"올바른TV","https://vling.net/channel/UC4KBmiJIUVwV4-8Ah9NlJcA","17500","3175"
"용인세브란스병원","https://vling.net/channel/UCe7f-PQyyW8t31z9dhVGYMw","23100","10733"
"콩튜브","https://vling.net/channel/UCkF8erW7v2pDtWHkUsPbmPg","37800","2697"
"페이보릿 퀴즈 • Favorite Quiz","https://vling.net/channel/UCEVNDiFkaojXxgvYRmb9CHw","15800","9607"
"시니어 건강습관 ","https://vling.net/channel/UC6Luq_KN_-1L2TvWTEWzXoQ","13800","1618"
"휴바스코리아 HUBAS KOREA","https://vling.net/channel/UCPYwLhVKQ7X0l66Q2jUp2FQ","16900","1257"
"백세 인생 이야기","https://vling.net/channel/UC4rz8qyTQb_UGmRLuEgIacg","82300","80204"
"체인지TV ChangeTV","https://vling.net/channel/UCkX_5MkrSLN03J1rRyB2BNA","29600","405"
"YoungsamKimDDS치과의사김영삼","https://vling.net/channel/UCuDuuJSFZPhzDnhXWZFuPTA","14900","425"
"박지영박사의 건강돋보기TV","https://vling.net/channel/UCrc--8Z5wbsx5w4AWhdP8xw","68400","8386"
"수산나Dance & Fitness","https://vling.net/channel/UCyUyT0W276JnExRciVw764A","13800","2927"
"라리약사","https://vling.net/channel/UCtpOLiqLwtq9NCFTNiqL1gQ","23700","876"
"옥황궁 장군신당","https://vling.net/channel/UCPxdUQxQ0mdcqrSgQSvEUwg","17400","2005"
"주유천하tv(번개)","https://vling.net/channel/UClU89e_lsxVDqWcCinKF3fg","58900","1464"
"더스완성형외과","https://vling.net/channel/UCcdT51I_qiOr6wzw8F0ARAA","18000","3195"
"sarangkang_강사랑","https://vling.net/channel/UCPdxttikGBpKqnqteyCrh_w","30200","609"
"홍순래 박사 TV (사주.작명.꿈해몽)","https://vling.net/channel/UCKGiDTAcG-TkT5v6gBCoEEQ","12500","418"
"더건강연세 재활운동센터","https://vling.net/channel/UCJBIx-AyBTe0lLfr9ssEe2Q","14200","10630"
"교보라이프플래닛","https://vling.net/channel/UCQuD_FVxA12mWP0V8hZjuEA","11400","104"
"채찍단","https://vling.net/channel/UCV-h8UJ12Ed-pTi4_X9mDEA","161000","14093"
"백투에덴TV","https://vling.net/channel/UCoZihnVnmw1tMsXOgw0C_Pw","137000","947"
"DJ저요","https://vling.net/channel/UC2TkjSrLoQi8PgOTDwJzWgg","20200","586"
"노후 예찬","https://vling.net/channel/UCgxx0kTeop5NUUjrHOiM0eg","16600","206"
"허벌라이프","https://vling.net/channel/UCwm1cv3sQZkKVsUWvkPZafA","111000","1661"
"Music Drawing","https://vling.net/channel/UCe_z-lf1t3vPM0FE61ILj9A","948000","69918"
"RELAXING - 편안해지는 음악","https://vling.net/channel/UCl6lvhQwAPChMxvGtkXWHgg","179000","812"
"오쿠ocoo","https://vling.net/channel/UCN-KjQV6Q1uNEjcFx8jZvHQ","10700","1725"
"더홈트","https://vling.net/channel/UCuiM9mzDJi1_R15rHepZyGg","15900","483"
"유안티비","https://vling.net/channel/UCoYIXnzEHlfoKn9DSIqug3A","116000","1112"
"탁트임언어치료 (탁트임언어치료)","https://vling.net/channel/UCSu-dq88EeczcuyQCSWUVkQ","15700","570"
"제애정형외과 (구 금메달정형외과)","https://vling.net/channel/UCYlDZTMBeZeKRJkDs41uHFA","103000","9728"
"발명 [롤토체스]","https://vling.net/channel/UCcJliZnsRbNw4I4uWSGq_wA","44600","1764"
"쏙닥터 류수형","https://vling.net/channel/UCB19vKHElP-PgrUnSjtxeDw","10100","1898"
"황혼의 사랑","https://vling.net/channel/UCOFZMYjmT1SDAYjxS_P-y3w","10500","2815"
"닥터스토리","https://vling.net/channel/UCP5YHr1g0MoVPGfIR-w2p7g","10700","641"
"배석철의 비타민B3 LAB","https://vling.net/channel/UC_UTXwnRNWyyOpW2VH81GNg","25100","5328"
"당뇨, 꺼져","https://vling.net/channel/UCrYkMzMwPwzEipZpXSedJJg","130000","73"
"지방흡입의 법칙-빼TV ","https://vling.net/channel/UCa_lZt0iz0hAoob_O1l3onQ","11200","241"
"백세지혜길잡이","https://vling.net/channel/UCKm4_DlQnY6U6SXVeDGDMhw","60100","47715"
"백세시대건강","https://vling.net/channel/UC1eNPF-cAKFg-qzgmCsWC3Q","23200","1575"
"닥터라이블리 - 모어댄뷰티","https://vling.net/channel/UCFfa_-Gvxe2yocNTTgwThyQ","73400","10062"
"을지대학교병원","https://vling.net/channel/UCfoxBn16vNhDeOktAuya17Q","27900","1407"
"치아의본질 강정호","https://vling.net/channel/UCKRu9cuY5GZcpTBKxF4_nfw","68100","76382"
"서울부민병원","https://vling.net/channel/UCGvEE_C5SVxXL5qW0_UhZqA","31300","4498"
"전대미문스튜디오","https://vling.net/channel/UCv6nXR8A-wSidnF6H-2wQYg","14900","13588"
"김수진 Sujin Kim","https://vling.net/channel/UCl6OVdZRMW9RftYczBBXbjA","18700","13393"
"다고침TV","https://vling.net/channel/UCjGx_2Uou9af1Zzn2l8M3LQ","161000","3370"
"열강","https://vling.net/channel/UCU57eXJqnLIIra0FxiBVQ0Q","38100","8467"
"고운","https://vling.net/channel/UCermBTTTr559dzLc0QMlTSQ","16500","22798"
"닥터로미의성형노트","https://vling.net/channel/UCO_MXYZzB5vNkdcCWUXz5Rg","38500","4602"
"요가선생","https://vling.net/channel/UCwSqWpGQhwOM2GiibDsilww","10500","220"
"K군 연애홀릭","https://vling.net/channel/UCI6XQ-Z1DWlkQqIf7RyEq4Q","48000","997"
"이경희 TV","https://vling.net/channel/UC8kd0NdrjnZ2Ka2steSnsSA","54000","645"
"간보는 의사언니 유정주","https://vling.net/channel/UClnndXUYc3AMKqIUN6BwefA","54300","9919"
"밀끌당구tv","https://vling.net/channel/UCky40rg5PLsCm7pbSWf1YTQ","41300","9974"
"강남 강원장","https://vling.net/channel/UCXLd-4PmJoGDOJxZqWp7GYw","174000","1044"
"백세건강TV","https://vling.net/channel/UCYHpIvm36CCixqH-svJDDaA","29000","6545"
"손제용의사생활","https://vling.net/channel/UC4Gs81NQVfqfnfxYXm5bJ0g","89400","3989"
"김아랑 Alang Kim","https://vling.net/channel/UCqLpXUYCykYLInJycJ9W3rA","128000","24259"
"365노후건강","https://vling.net/channel/UCQPvsX6gTWhwMu1XXZULrsA","16000","9838"
"건나물TV","https://vling.net/channel/UC6xugt5HrbJpVMUQvnTkulw","1270000","88339"
"티키타카 Tiki-Taka","https://vling.net/channel/UC_Gj-OX-QeE814ttqYbJ30A","29900","3751"
"부민병원","https://vling.net/channel/UCTXUOcXH33AxRSMInyVLriA","17500","327"
"써보니 GOODZ","https://vling.net/channel/UCBRrutwXjvivU0anquUr8Sg","15500","71"
"모디헤어플란트-모발이식·헤어라인교정","https://vling.net/channel/UCtjTk7R9heRWnVNS-KdgpxQ","19000","2608"
"뽀그리 bbori","https://vling.net/channel/UCRq4EGdUsNwepOHGoZgOUfw","16300","2498"
"선한목자병원 이창우 TV","https://vling.net/channel/UC-_CuutNtAACqG97cZMNUZg","55800","1801"
"콕선생님 (콕통증의학과)","https://vling.net/channel/UC-deqx7nwzcJzRxQjUtMPiA","291000","20366"
"창원복지재단","https://vling.net/channel/UC16GoMyX3ViQYfBDGrTrAYQ","16400","742"
"구동명TV","https://vling.net/channel/UC0Bt5U9hYnJujp8SeznYcsA","10000","1443"
"후후비당고한의원 - 대사질환 性지식채널","https://vling.net/channel/UC08pbeuzAK3uRsdrma3Gx0Q","102000","5895"
"닥터스TV_Central Seoul Eye Center","https://vling.net/channel/UC-lxBJ5w49nJyQZ1XeEpfSA","18400","1136"
"힐링과 건강의 시간","https://vling.net/channel/UC3--BXTHVDUvkPIfQs0xxXA","13800","325"
"KBDCA 한국혈액암협회","https://vling.net/channel/UC20TsL1C5nhfcAx3JlgkZLQ","91600","3563"
"자율신경상담약사 이지향TV","https://vling.net/channel/UC0i_lpWj-xNPbLFqcpSaS6w","33000","1275"
"간현배 KanHyeonBae","https://vling.net/channel/UC3cSU8yLcDNZ419JNX--o4A","56200","4617"
"놀러와 약국","https://vling.net/channel/UC3WZiUWd3RRPOdBSQH0cJLw","30600","1562"
"이동욱의 백세건강 TV","https://vling.net/channel/UCpKHS8_xkkS23d23n3Wk8yw","56200","82842"
"운동하는코끼리","https://vling.net/channel/UC4e4ETQSeiKGXKhS-9zNjwQ","20100","4514"
"육아한방","https://vling.net/channel/UCfCmwd1TAshuvZ5br2lBr1Q","10200","764"
"올바른TV","https://vling.net/channel/UC4KBmiJIUVwV4-8Ah9NlJcA","17500","3175"
"Dr. Dylan의 건강 비결","https://vling.net/channel/UC3454ef0lSLjBSjmKH0bs9A","200000","35050"
"시니어톡톡","https://vling.net/channel/UCoqkowjp8Fju5pB5DXrxlEQ","136000","8413"
"알쓸물치","https://vling.net/channel/UCm3IV_RvXMOWczBbarPSQSg","654000","34428"
"백세지혜클리닉","https://vling.net/channel/UCXoYS_H6BKhRtWr9OSCuGjQ","17600","16551"
"시니어시니어!","https://vling.net/channel/UCHhtRT2BHQvgIuxpuKiSLkw","13100","11813"
"백년의 약속","https://vling.net/channel/UCMH-1eX2Gc7R1lO0iTEdgxQ","12700","405"
"내면의 각성","https://vling.net/channel/UCjWdV85QsIWEQcXiBwH42Ag","23500","142"
"닥터BTS의 유선방송","https://vling.net/channel/UCwumnYuvftvHHQcC9A3EexA","12200","3461"
"지식한상 ","https://vling.net/channel/UCw8hsZYZcasyyLrfOFP8D-w","1380000","125827"
"관절 알려주는 의사_뼈선생","https://vling.net/channel/UCgSEPdXabgtvuqTKK9k5FGA","73700","2746"
"맥스 리포트","https://vling.net/channel/UCzslvCCAlV_rhP_3CjAV3mQ","14200","329"
"브레인바이츠","https://vling.net/channel/UC54kBMge_LJ6VtljXMOFvDQ","15900","5635"
"시그니처 테라피","https://vling.net/channel/UCbhJIg7hyNxVkn430nIAQbA","126000","117"
"시니어 건강습관 ","https://vling.net/channel/UC6Luq_KN_-1L2TvWTEWzXoQ","13800","1618"
"Beautiful Relaxing Piano","https://vling.net/channel/UCvhNnJwQzJzQL_-AI3L7jgg","123000","3066"
"페이보릿 퀴즈 • Favorite Quiz","https://vling.net/channel/UCEVNDiFkaojXxgvYRmb9CHw","15800","9607"
"용인세브란스병원","https://vling.net/channel/UCe7f-PQyyW8t31z9dhVGYMw","23100","10733"
"콩튜브","https://vling.net/channel/UCkF8erW7v2pDtWHkUsPbmPg","37800","2697"
"예스건강티비","https://vling.net/channel/UCuVMBtgTvfP3E1-r7Xb7kTQ","17200","7460"
"입튜브","https://vling.net/channel/UCRgIczggxkiuMiOk1NOGF5A","63200","1065"
"밝음나눔안과","https://vling.net/channel/UCSFKRy_oaRKNVWLBuCRxS2g","26500","17941"
"닥터진TV","https://vling.net/channel/UCpEh_i7YoCmTGw0gQoPkO1A","113000","1335"
"건강해","https://vling.net/channel/UC9tzL_CdwT4wOMt5gdxmdEA","20400","21682"
"HIRA건강보험심사평가원","https://vling.net/channel/UCUAkzi_UHvcRBtePXePfsqA","40100","42378"
"너와 나의 은퇴학교","https://vling.net/channel/UCCgMUqWfLg3plThNaIemW8Q","678000","41898"
"지식의 맛","https://vling.net/channel/UCG5LBY-JUvHYotJ8ODBNsNw","399000","248993"
"EBS 건강","https://vling.net/channel/UCKdvqF-mmgiifS_pinO_bRA","438000","306815"
"소리탐정_쉽고 친절한 발성","https://vling.net/channel/UCKPQTCyNbavWRvuI61EPikA","32400","2520"
"제철건강","https://vling.net/channel/UCedl3ClIwMtTdmHeiiS1czg","245000","67949"
"Brain Quiz","https://vling.net/channel/UCvAV4gD1Ocgtp572RTwEjyw","25900","23029"
"의사가 말하는 습관","https://vling.net/channel/UCjIGsvWW_UOGJWTMzZ12qdw","32900","4505"
"닥터벨 DRBELL","https://vling.net/channel/UCdIdgmrsh3h40jvxDDbSu5Q","63400","24104"
"위담한방병원","https://vling.net/channel/UC0_vsuVa274JQur3FraxuaA","53300","8505"
"세브란스","https://vling.net/channel/UCIqNAJC8l8rCAXOZPyfyG0Q","357000","21111"
"보여주는 약사[ showing pharmacist ]","https://vling.net/channel/UCtX7uYBau7hGA05yWWhW4hA","10800","514"
"한국 비뇨기과 의사","https://vling.net/channel/UCFvqCNfCGvVsuU-DpNcIXNQ","10100","13047"
"백세지혜길잡이","https://vling.net/channel/UCKm4_DlQnY6U6SXVeDGDMhw","60100","47715"
"백세시대건강","https://vling.net/channel/UC1eNPF-cAKFg-qzgmCsWC3Q","23200","1575"
"모디헤어플란트-모발이식·헤어라인교정","https://vling.net/channel/UCtjTk7R9heRWnVNS-KdgpxQ","19000","2608"
"써보니 GOODZ","https://vling.net/channel/UCBRrutwXjvivU0anquUr8Sg","15500","71"
"을지대학교병원","https://vling.net/channel/UCfoxBn16vNhDeOktAuya17Q","27900","1407"
"서울부민병원","https://vling.net/channel/UCGvEE_C5SVxXL5qW0_UhZqA","31300","4498"
"다고침TV","https://vling.net/channel/UCjGx_2Uou9af1Zzn2l8M3LQ","161000","3370"
"전대미문스튜디오","https://vling.net/channel/UCv6nXR8A-wSidnF6H-2wQYg","14900","13588"
"치아의본질 강정호","https://vling.net/channel/UCKRu9cuY5GZcpTBKxF4_nfw","68100","76382"
"김수진 Sujin Kim","https://vling.net/channel/UCl6OVdZRMW9RftYczBBXbjA","18700","13393"
"고운","https://vling.net/channel/UCermBTTTr559dzLc0QMlTSQ","16500","22798"
"이경희 TV","https://vling.net/channel/UC8kd0NdrjnZ2Ka2steSnsSA","54000","645"
"티키타카 Tiki-Taka","https://vling.net/channel/UC_Gj-OX-QeE814ttqYbJ30A","29900","3751"
"요가선생","https://vling.net/channel/UCwSqWpGQhwOM2GiibDsilww","10500","220"
"뽀그리 bbori","https://vling.net/channel/UCRq4EGdUsNwepOHGoZgOUfw","16300","2498"
"밀끌당구tv","https://vling.net/channel/UCky40rg5PLsCm7pbSWf1YTQ","41300","9974"
"K군 연애홀릭","https://vling.net/channel/UCI6XQ-Z1DWlkQqIf7RyEq4Q","48000","997"
"닥터로미의성형노트","https://vling.net/channel/UCO_MXYZzB5vNkdcCWUXz5Rg","38500","4602"
"열강","https://vling.net/channel/UCU57eXJqnLIIra0FxiBVQ0Q","38100","8467"
"백세건강TV","https://vling.net/channel/UCYHpIvm36CCixqH-svJDDaA","29000","6545"
"손제용의사생활","https://vling.net/channel/UC4Gs81NQVfqfnfxYXm5bJ0g","89400","3989"
"강남 강원장","https://vling.net/channel/UCXLd-4PmJoGDOJxZqWp7GYw","174000","1044"
"황혼의 사랑","https://vling.net/channel/UCOFZMYjmT1SDAYjxS_P-y3w","10500","2815"
"Yunchan Lim - 수면 음악 프로듀서","https://vling.net/channel/UCdbicYdErYTR-J4ZTVz6kUg","38600","46663"
"부민병원","https://vling.net/channel/UCTXUOcXH33AxRSMInyVLriA","17500","327"
"이동욱의 백세건강 TV","https://vling.net/channel/UCpKHS8_xkkS23d23n3Wk8yw","56200","82842"
"구동명TV","https://vling.net/channel/UC0Bt5U9hYnJujp8SeznYcsA","10000","1443"
"후후비당고한의원 - 대사질환 性지식채널","https://vling.net/channel/UC08pbeuzAK3uRsdrma3Gx0Q","102000","5895"
"닥터스TV_Central Seoul Eye Center","https://vling.net/channel/UC-lxBJ5w49nJyQZ1XeEpfSA","18400","1136"
"선한목자병원 이창우 TV","https://vling.net/channel/UC-_CuutNtAACqG97cZMNUZg","55800","1801"
"콕선생님 (콕통증의학과)","https://vling.net/channel/UC-deqx7nwzcJzRxQjUtMPiA","291000","20366"
"창원복지재단","https://vling.net/channel/UC16GoMyX3ViQYfBDGrTrAYQ","16400","742"
"KBDCA 한국혈액암협회","https://vling.net/channel/UC20TsL1C5nhfcAx3JlgkZLQ","91600","3563"
"자율신경상담약사 이지향TV","https://vling.net/channel/UC0i_lpWj-xNPbLFqcpSaS6w","33000","1275"
"힐링과 건강의 시간","https://vling.net/channel/UC3--BXTHVDUvkPIfQs0xxXA","13800","325"
"백년의 약속","https://vling.net/channel/UCMH-1eX2Gc7R1lO0iTEdgxQ","12700","405"
"관절 알려주는 의사_뼈선생","https://vling.net/channel/UCgSEPdXabgtvuqTKK9k5FGA","73700","2746"
"맥스 리포트","https://vling.net/channel/UCzslvCCAlV_rhP_3CjAV3mQ","14200","329"
"브레인바이츠","https://vling.net/channel/UC54kBMge_LJ6VtljXMOFvDQ","15900","5635"
"시그니처 테라피","https://vling.net/channel/UCbhJIg7hyNxVkn430nIAQbA","126000","117"
"간현배 KanHyeonBae","https://vling.net/channel/UC3cSU8yLcDNZ419JNX--o4A","56200","4617"
"놀러와 약국","https://vling.net/channel/UC3WZiUWd3RRPOdBSQH0cJLw","30600","1562"
"건강 다다다 ㅣ 종근당건강 공식 유튜브","https://vling.net/channel/UCQZMRnlvOPXLKfQ0a0MdTIg","27400","468409"
"불교 노래 모음","https://vling.net/channel/UCT32yJHkouI8pecc0KJgd9A","60800","14894"
"서울대 보라매병원","https://vling.net/channel/UCUEoRTcgmZbaHY9BGw_iduA","16100","5177"
"진푸티 종사","https://vling.net/channel/UCWLFdU87k8fWTVGjTHdmhpA","72900","887"
"노년의 건강","https://vling.net/channel/UCj73QsrCce1wx6B3SnZ1-aw","82700","45768"
"제이수란","https://vling.net/channel/UCQb2SRRFEODl1bygGiMJGlg","116000","2902"
"Dr.살빠체 | 살빠지는 체질","https://vling.net/channel/UCXdiVIF47obg_2RodbrMI9Q","20700","8588"
"비타민신지니 VitaminJINY","https://vling.net/channel/UC9trbyGOOjJmMea3w6c-e2A","1300000","54338"
"정하윤-개구리누나","https://vling.net/channel/UCJBVI_x_ecMZMFk-8zkxt8Q","22500","190"
"지혜롭다 : 삶의 지혜와 인생사연을 담다","https://vling.net/channel/UCBqUpQhb5nVOI2g86TANmvA","56500","9"
"서진원소장의 바른수면연구소","https://vling.net/channel/UCuDldvhPJRC3dzBICSsfNJQ","22000","2732"
"디아지트","https://vling.net/channel/UCJjwunfIpTvVsJrWIeiprlA","11000","577"
"강북삼성병원","https://vling.net/channel/UClp4EdAwhySzqnMWjKnh0gw","64400","2384"
"무나홈트 Moona Workout","https://vling.net/channel/UCMA_DTVCzlALpD8hfGmYAlg","137000","669"
"창발검사 [기생충검사]","https://vling.net/channel/UCapWuAFvGYLUpQ5yD4ogpnA","50200","529"
"박성준풍수연구소","https://vling.net/channel/UC0klmuY3t26aZDJ2nMUIMQA","119000","3458"
"대한뇌졸중학회 Korean Stroke Society ","https://vling.net/channel/UC2b86qNxANE_0lQ71WIS06w","35800","854"
"라이브치과병원-LIVE dental hospital","https://vling.net/channel/UCQfnv5_Rrq7NPXMsuxu3Bpg","38300","2867"
"황상민의 심리상담소 : 황심소","https://vling.net/channel/UC7uH82-KbrcVDESEcOdR-Lg","41000","468"
"울산대학교병원tv","https://vling.net/channel/UC8ROuDBSY2ZU5Vn-67dvLyA","10800","4526"
"라일락향기","https://vling.net/channel/UCAlsJY36tW83R5whyqXHZRQ","12600","39"
"꽃차교실","https://vling.net/channel/UCBZFAkHXGvOH5QFsWNAUpTw","13500","347"
"대웅제약","https://vling.net/channel/UCYYPkaH7fNysLdBjJa19v0Q","96400","477"
"근막의 신 수키원장","https://vling.net/channel/UC9jP3qBjMc6Vfpxrt2BEd7g","160000","1447"
"서효원목사 말씀치유기도","https://vling.net/channel/UCCgMy7YlE8GOgb4OgFLHZzg","90500","4474"
"김둥 Kdoong","https://vling.net/channel/UCgg7EhQMvdAOnsDWtYShk8A","15700","7050"
"Pyeongkang","https://vling.net/channel/UCQIQp2EH6nOI8tjdOSmGujA","13000","860"
"엘빅쭈","https://vling.net/channel/UCY1He4bONsPMrk42HkFaK7A","11400","968"
"통증 해방일지","https://vling.net/channel/UC4fXvuz0piEYPKRQJzLJDJA","20700","636"
"연세사랑병원","https://vling.net/channel/UCWoQqwKkrSm0ximdovQ0BGw","107000","3758"
"Michael Sealey","https://vling.net/channel/UC9GoqHypa-SDrGPMyeBkjKw","2050000","79020"
"아이엠TV_마음공부","https://vling.net/channel/UCa8wnCd7PgB5ohcxwnl5zXw","43800","1766"
"이어드림","https://vling.net/channel/UCkjUtRF0YCo6JC9hpNn6XrA","31700","1118"
"불량청춘","https://vling.net/channel/UCtdOoRIMA4IXGc27INBiZiQ","120000","5003"
"디앤디댄스 & 홈핏 ","https://vling.net/channel/UCVoM4YN4pwYiQjv_OpMFEAg","19700","816"
"유사나헬스사이언스코리아","https://vling.net/channel/UCy85dXvlDH-9H9puNRRGuxA","11800","619"
"엔젤요가 hm yoga","https://vling.net/channel/UCGinIE64fsCIHQAV7qJGG0A","17800","2723"
"지혜를 구하다 : CBS 지식교양 채널","https://vling.net/channel/UCiUGplFMBmDuA1f9RNpoNwA","158000","891"
"닥터U와 함께","https://vling.net/channel/UCDxgrjdpI7TWVf1G8uJOztQ","542000","3673"
"율무차","https://vling.net/channel/UCHP7gG3B9QE9DSEoBRXmDyQ","16800","694"
"YURA LIFE","https://vling.net/channel/UCFnx5pb5KhDBfPwJiTq5M-w","18200","2461"
"세계적으로 유명한 운동 정보","https://vling.net/channel/UCo_-ny9SP5Pbz8KM1KKchbA","525000","14259"
"몸수리 (구 운동한입) ","https://vling.net/channel/UCJX6qbVj0RvvrjlumQBHGtQ","95400","5041"
"홍시약사 ","https://vling.net/channel/UCnLco7OATOdpjUNteNYtsfw","34800","12972"
"Music Therapist","https://vling.net/channel/UCQ1BvUkWenb7uSnLuM5wxgA","20100","3229"
"호감코드","https://vling.net/channel/UC0bvOTfZywOvh_1jCUB62Pw","12800","1703"
"최현규프로[Think 골프]","https://vling.net/channel/UCRX6YLuWkLKbXfoWmZ3OF-Q","28000","1328"
"백세건강 상담실","https://vling.net/channel/UCtf7gOSRMLSTa_RwgZ-F67A","26900","8350"
"유웰의 쾌뇨드림","https://vling.net/channel/UCakdT6MrZrDTXrbgnpZtV_A","11800","35448"
"해통소 | 통증 해결해주는 연구소","https://vling.net/channel/UCoce22wGdMFOxvStdEruWyA","69800","23144"
"신바람건강정보","https://vling.net/channel/UCPjQRj2W1zYyrNYJQQwj4HA","174000","4655"
"Dr.전미경의 닥전TV","https://vling.net/channel/UCiYigCQLXMaTQ6GTatBAYPg","27100","892"
"실버담소","https://vling.net/channel/UCbSh5s-riJpRuVyOI2uYTMA","11700","9098"
"닥터포유","https://vling.net/channel/UCKnp3hst7gwx47lyR3jqi6w","13800","3107"
"김예현_YEPI ","https://vling.net/channel/UCFtY0rnLZD6Ihy9YW2N4RfA","13600","331"