channel_name,Channel Link,channel_id,Subscribers,Average Daily Views
한국문화예술교육진흥원,https://vling.net/channel/UC5Ecd7719wyFQMiopTToWIw,UC5Ecd7719wyFQMiopTToWIw,20600,880
도공스님의 목탁소리,https://vling.net/channel/UCATRd_fhlgYRFHJtzba5DHg,UCATRd_fhlgYRFHJtzba5DHg,10100,805
TV벽운사 (벽운사 지산스님),https://vling.net/channel/UCfunI3GFjqOdfduT8xWEbOw,UCfunI3GFjqOdfduT8xWEbOw,87000,1028
슈Tube,https://vling.net/channel/UCUg58oE6uAvegvfKtzD6AJw,UCUg58oE6uAvegvfKtzD6AJw,26700,3249
KAHEVA Universe,https://vling.net/channel/UC9VKvuGihgywp6eCRDo7dIA,UC9VKvuGihgywp6eCRDo7dIA,352000,7524
여의덕,https://vling.net/channel/UCw1MmZNOe3GQXr3yMaEANxA,UCw1MmZNOe3GQXr3yMaEANxA,76800,9856
TV하늘문,https://vling.net/channel/UCBudsXahvCbbGNOQ6JZ-dDA,UCBudsXahvCbbGNOQ6JZ-dDA,48800,52
815광복TV 2채널[청교도 복음채널],https://vling.net/channel/UCL4A30ACm6PNnTPsdBoQG0w,UCL4A30ACm6PNnTPsdBoQG0w,54400,1972
이정훈교수,https://vling.net/channel/UCX66fk-SAhnj0M8UAj7e6jw,UCX66fk-SAhnj0M8UAj7e6jw,157000,6177
민주진보티비,https://vling.net/channel/UCNQiHvGuXzjSzLI_Tk9ZI_Q,UCNQiHvGuXzjSzLI_Tk9ZI_Q,43100,5732
Fat Little Asian Man,https://vling.net/channel/UC7hVEBYDz2bn54TyjKv7aSw,UC7hVEBYDz2bn54TyjKv7aSw,64200,11090
Damascus TV,https://vling.net/channel/UCFedtwqkwPCAI5oh1XO2NHA,UCFedtwqkwPCAI5oh1XO2NHA,56800,2808
가을인생,https://vling.net/channel/UC6SZ7KSlPrecXoEPflZGEnA,UC6SZ7KSlPrecXoEPflZGEnA,55100,665
이스라엘TV정실,https://vling.net/channel/UCfFioh-xDBkzfyFd0F1UR4g,UCfFioh-xDBkzfyFd0F1UR4g,28300,204
다이치 사장 ダイチ社長,https://vling.net/channel/UC0XMOPdhoMnb7ZwC7E2Kd3g,UC0XMOPdhoMnb7ZwC7E2Kd3g,12300,3682
임사체험간증메시지,https://vling.net/channel/UCP3D5O3VgtDVeiymBtfUD8w,UCP3D5O3VgtDVeiymBtfUD8w,42300,3754
정유나TV,https://vling.net/channel/UCoZV4nxgJnn-6w9dZMvDDgQ,UCoZV4nxgJnn-6w9dZMvDDgQ,255000,11339
참종불교tv,https://vling.net/channel/UCgqT7rKdtfiQ0RvWdCdQhMw,UCgqT7rKdtfiQ0RvWdCdQhMw,44800,1014
옛이모 / 옛날 이야기 모음집,https://vling.net/channel/UCXteplAfqvJYf4TXabq3GxA,UCXteplAfqvJYf4TXabq3GxA,41300,10169
도연사010-2968-1525,https://vling.net/channel/UCPLAYUfWygga0AxYU656Glg,UCPLAYUfWygga0AxYU656Glg,17900,3143
NCMN 공식 유튜브,https://vling.net/channel/UCfz3xkNWe_9KlL9sLDUfPeA,UCfz3xkNWe_9KlL9sLDUfPeA,18200,592
지혜의 길,https://vling.net/channel/UCnh_iyPrmoucwK4BjYDm0NQ,UCnh_iyPrmoucwK4BjYDm0NQ,16300,34915
건국TV,https://vling.net/channel/UCSNQKJE-xZSeR70tcMuUzzQ,UCSNQKJE-xZSeR70tcMuUzzQ,77000,742
전쟁기념사업회,https://vling.net/channel/UClEbJ_3EMk26pJ3Qun7QRMw,UClEbJ_3EMk26pJ3Qun7QRMw,14100,1740
심리 톡톡,https://vling.net/channel/UCUEyV9wWFVYjPJRJM8oOQjw,UCUEyV9wWFVYjPJRJM8oOQjw,22800,20568
피보다진한이야기,https://vling.net/channel/UCKPD484IYN8FiUMiYTkpBlg,UCKPD484IYN8FiUMiYTkpBlg,10400,17835
온누리교회 월요치유집회,https://vling.net/channel/UCHbhx9ufu26GvfSxnKKvIrA,UCHbhx9ufu26GvfSxnKKvIrA,13200,775
조제돌,https://vling.net/channel/UCtkcLbPdsMg018xOAU7kGdA,UCtkcLbPdsMg018xOAU7kGdA,11200,7005
Church of God Media,https://vling.net/channel/UCYJ3ZTBXsk1XIfjACZRE4yg,UCYJ3ZTBXsk1XIfjACZRE4yg,120000,6836
가정선교회The Holy Family Mission,https://vling.net/channel/UCOiHmVE20PgyVoPjpRhjVmA,UCOiHmVE20PgyVoPjpRhjVmA,44700,326
하나만TV-하나님나라 만들기,https://vling.net/channel/UCRMLi3Myh-hRMwF_t76rlIw,UCRMLi3Myh-hRMwF_t76rlIw,16300,23
안디옥교회 Antioch Church,https://vling.net/channel/UCleQoiUFmXaqlPu_GSzRNww,UCleQoiUFmXaqlPu_GSzRNww,15100,814
WTC행복한 국제결혼,https://vling.net/channel/UCbYYDTY20wY0BcXc4re3Xag,UCbYYDTY20wY0BcXc4re3Xag,54000,60362
Choi Esther,https://vling.net/channel/UCGKLqlrr4fIEinpedne_KxQ,UCGKLqlrr4fIEinpedne_KxQ,25100,215
진선미TV,https://vling.net/channel/UCJjg88xb_nV020aichTln3A,UCJjg88xb_nV020aichTln3A,19700,89
동명암 별상장군 태산,https://vling.net/channel/UC6429ygpCvxyXVN_EEiRh-g,UC6429ygpCvxyXVN_EEiRh-g,13800,418
정치숏컷,https://vling.net/channel/UCl6s8dwzB15Y_1Px2fQ4DyQ,UCl6s8dwzB15Y_1Px2fQ4DyQ,60900,858
sjctv,https://vling.net/channel/UC_0a9Q_SLJfY1V2KJg0Mbvg,UC_0a9Q_SLJfY1V2KJg0Mbvg,11300,175
리움미술관,https://vling.net/channel/UCyXVnJijxHsBrzN9AAZ-Yxw,UCyXVnJijxHsBrzN9AAZ-Yxw,14400,413
To. Ministry 투 미니스트리,https://vling.net/channel/UCIBeXIOOmHrXJ90yjQVgANg,UCIBeXIOOmHrXJ90yjQVgANg,42800,17869
성서나라tv,https://vling.net/channel/UCIk_6_-gigkPhRolVeREsSg,UCIk_6_-gigkPhRolVeREsSg,156000,29470
AmazingGrace큰은혜교회,https://vling.net/channel/UC9An5mbRfyPep6LRKKvK-bA,UC9An5mbRfyPep6LRKKvK-bA,10000,1278
Inner Kosmos ,https://vling.net/channel/UCXiAIswmvBAbuivXl1w3T9A,UCXiAIswmvBAbuivXl1w3T9A,23100,521
고수의 생각,https://vling.net/channel/UCia6ZMGmi67OTVcl5-hlvaw,UCia6ZMGmi67OTVcl5-hlvaw,10700,8
박보명의임재TV,https://vling.net/channel/UC9NJrDozNXmMOkCDu8gopCQ,UC9NJrDozNXmMOkCDu8gopCQ,17800,6382
열린교회,https://vling.net/channel/UCpjCseYRqBXGLdOXWw8K1pg,UCpjCseYRqBXGLdOXWw8K1pg,19800,821
오래된정원TV,https://vling.net/channel/UCPJxK9zjrJFdvkuiP32cwuA,UCPJxK9zjrJFdvkuiP32cwuA,84500,38395
문희정의 국제정치,https://vling.net/channel/UCq_sQk_0Tf5VwxPuptKInXQ,UCq_sQk_0Tf5VwxPuptKInXQ,17300,1149
민주특검단,https://vling.net/channel/UCHjpKwGh7BEB72oTK4qqKhw,UCHjpKwGh7BEB72oTK4qqKhw,16200,62555
노회찬재단,https://vling.net/channel/UCGFpyYudIbPlQwABGJXtUQQ,UCGFpyYudIbPlQwABGJXtUQQ,19300,184
진제사 진제스님,https://vling.net/channel/UCi40bauGJYSzn9XLoTsWY0w,UCi40bauGJYSzn9XLoTsWY0w,28100,1172
인생드라마,https://vling.net/channel/UCNYCzjT3jcTB0JaKoXgCCtw,UCNYCzjT3jcTB0JaKoXgCCtw,55300,161285
노태정,https://vling.net/channel/UCp-qEsEB9INBU8pHykJSNuQ,UCp-qEsEB9INBU8pHykJSNuQ,50400,7360
테네트,https://vling.net/channel/UCBqqROw4mQiNkYsGfVm0Vjw,UCBqqROw4mQiNkYsGfVm0Vjw,22100,24027
부자로살기,https://vling.net/channel/UCIWeUjJMnPxhfX1NH7DqOeg,UCIWeUjJMnPxhfX1NH7DqOeg,15100,1385
황경구 시사파이터,https://vling.net/channel/UCR-RJLCiS2SpX6s8hsFPYrQ,UCR-RJLCiS2SpX6s8hsFPYrQ,108000,7374
옆집딸래미,https://vling.net/channel/UCE4Ppyrl9aZeWVkDs_Wo_8A,UCE4Ppyrl9aZeWVkDs_Wo_8A,16800,41
한소망 류영모목사 유빛,https://vling.net/channel/UCAF67mzMqpKdnbtzCCY4cag,UCAF67mzMqpKdnbtzCCY4cag,150000,3912
기찬성,https://vling.net/channel/UCGciQ9ODnnFsgKRJOlHaadw,UCGciQ9ODnnFsgKRJOlHaadw,16700,455
"장길자, Zahng Gil-jah",https://vling.net/channel/UCTjCY9MqqNZWctUuzH6Eh9w,UCTjCY9MqqNZWctUuzH6Eh9w,76900,3722
황혼노후별별사연,https://vling.net/channel/UCFy7AdL6tJsjBXy4q39FupQ,UCFy7AdL6tJsjBXy4q39FupQ,12000,8005
신광두레교회,https://vling.net/channel/UCMo0NuJYRJUNXHbSYdfoQvQ,UCMo0NuJYRJUNXHbSYdfoQvQ,12500,313
이종인Tv,https://vling.net/channel/UCiVx0Mx7xYf05qB6Z-xwfew,UCiVx0Mx7xYf05qB6Z-xwfew,10000,98
정영진의 나쁜질문,https://vling.net/channel/UCmkOpe3VTehtoIVUuHvdhOw,UCmkOpe3VTehtoIVUuHvdhOw,18800,488
봉황선녀TV,https://vling.net/channel/UCFw00RemJhSkAW9ltFzMwlQ,UCFw00RemJhSkAW9ltFzMwlQ,19500,2041
일월정사 정일경,https://vling.net/channel/UCcploE6RT7cYKeex4Lbkc1Q,UCcploE6RT7cYKeex4Lbkc1Q,73700,12469
육군훈련소(K.A.T.C.),https://vling.net/channel/UC_FGopKf5IVUpGs4EFb-pSQ,UC_FGopKf5IVUpGs4EFb-pSQ,26300,3850
무당 레전드 용군TV,https://vling.net/channel/UCNWXQRJSSY-hYMC_z7ddfDw,UCNWXQRJSSY-hYMC_z7ddfDw,154000,15590
괴들남 공포이야기,https://vling.net/channel/UCvGO8vT_oklXTssireAiaOQ,UCvGO8vT_oklXTssireAiaOQ,201000,14364
제보자X의 [제보공장],https://vling.net/channel/UCHB7Lfc-tsx_lVWBMoekgIQ,UCHB7Lfc-tsx_lVWBMoekgIQ,52600,1230
새마을방송,https://vling.net/channel/UCPKAW8V7W4c7TRyZCDQUIrQ,UCPKAW8V7W4c7TRyZCDQUIrQ,165000,2222829
말씀지도,https://vling.net/channel/UCJOUUOT2OnPbirlExl7ZPbQ,UCJOUUOT2OnPbirlExl7ZPbQ,41500,9115
이낙연의 사유,https://vling.net/channel/UCdvx_SAlHQoEgGPr4VD2bFA,UCdvx_SAlHQoEgGPr4VD2bFA,22500,2866
WAVE PROJECT TEAM,https://vling.net/channel/UCEmGi8sOKMsBvsvXtD-Mlcw,UCEmGi8sOKMsBvsvXtD-Mlcw,14100,1435
세계문화이야기,https://vling.net/channel/UCX9fzfNpUt_GrVb-Gy6_Pvg,UCX9fzfNpUt_GrVb-Gy6_Pvg,21800,94418
"그 시절, 역사 속",https://vling.net/channel/UCttP8RTpeP0v2sWsyXNb6nw,UCttP8RTpeP0v2sWsyXNb6nw,15000,7414
성 베네딕도회 왜관수도원-Waegwan Abbey,https://vling.net/channel/UCJekkplFI8w22YRV4xQUqSg,UCJekkplFI8w22YRV4xQUqSg,11200,647
KBS 히스토리,https://vling.net/channel/UCjPqSbyqm5IZEoXu7I-KPag,UCjPqSbyqm5IZEoXu7I-KPag,1040000,215316
CGN SOON,https://vling.net/channel/UCMqsPR3RFYP2L7iLeMQhUDQ,UCMqsPR3RFYP2L7iLeMQhUDQ,128000,16897
고성국TV,https://vling.net/channel/UCM8BcGB6BWKq3utIMhGKnUA,UCM8BcGB6BWKq3utIMhGKnUA,1340000,615757
우인스: 우리의 인생 스토리 - 해외감동사연,https://vling.net/channel/UCFbLL1YDEd1Kz5OKZw8tFTw,UCFbLL1YDEd1Kz5OKZw8tFTw,71000,3502
청교도 찬양 목사TV,https://vling.net/channel/UCJgrRF3bAYnYcvKT1fmJ7PQ,UCJgrRF3bAYnYcvKT1fmJ7PQ,12800,281
역사원정대,https://vling.net/channel/UCTPgz41d8xPMDjrvUIa5nSA,UCTPgz41d8xPMDjrvUIa5nSA,44400,225926
김용민TV,https://vling.net/channel/UCljnbFCt-4doBr7wtEIIbbw,UCljnbFCt-4doBr7wtEIIbbw,887000,540048
SIB 불교교육방송,https://vling.net/channel/UCiEKCXdvTP8kOE2KGJpasPA,UCiEKCXdvTP8kOE2KGJpasPA,13300,372
미제사건 미스터K,https://vling.net/channel/UCo4fLlpMKSaq_jgp7xW0BMA,UCo4fLlpMKSaq_jgp7xW0BMA,17500,37494
박세현의 크로스뷰,https://vling.net/channel/UCfSrVtspmA_8rSeNuCOvyag,UCfSrVtspmA_8rSeNuCOvyag,43000,11444
CGN 생명의 삶,https://vling.net/channel/UCbaI7e7lhkfLSdMUfd5Fy0Q,UCbaI7e7lhkfLSdMUfd5Fy0Q,84200,26451
용부인당 지나보살,https://vling.net/channel/UCRBIW6VGzhx5cpPV464uwOw,UCRBIW6VGzhx5cpPV464uwOw,14700,1055
감동을 더하다,https://vling.net/channel/UCWbtoy8dK7DEDxaCO2eqG8Q,UCWbtoy8dK7DEDxaCO2eqG8Q,35500,40626
소망교회,https://vling.net/channel/UCIItIEnZPjKo0eqvq9qIJAg,UCIItIEnZPjKo0eqvq9qIJAg,30700,7715
황씨부인당,https://vling.net/channel/UCQq8i4cIllrsAxzZDXlHX9g,UCQq8i4cIllrsAxzZDXlHX9g,85800,4093
너머의음성,https://vling.net/channel/UC0WBE73Wz_N3Wf7kDvkzLQw,UC0WBE73Wz_N3Wf7kDvkzLQw,10200,7442
KTN한국방송,https://vling.net/channel/UCCDR82XXlqgHREhdVU7-yOA,UCCDR82XXlqgHREhdVU7-yOA,60700,5855
그리스도의 대사들 교회,https://vling.net/channel/UC_Xh-3k21u_6cNJi12qgLFQ,UC_Xh-3k21u_6cNJi12qgLFQ,10400,984
만신tv,https://vling.net/channel/UCI2hKj3EhSwYNUm_cOwbF5g,UCI2hKj3EhSwYNUm_cOwbF5g,82000,16884
Just Like Jesus 선교회,https://vling.net/channel/UCgDTMigAvpKJzStVkiDzNXA,UCgDTMigAvpKJzStVkiDzNXA,12600,6260
임마누엘,https://vling.net/channel/UCfY7XL2ON1YhPJdAA-OGaZQ,UCfY7XL2ON1YhPJdAA-OGaZQ,526000,278437
베이직교회,https://vling.net/channel/UCGrMG52egZF3j0CUv9c5FUA,UCGrMG52egZF3j0CUv9c5FUA,222000,42655
바람의사연,https://vling.net/channel/UC6vq0sz62drPgUNRlriNBRQ,UC6vq0sz62drPgUNRlriNBRQ,14800,431
싱싱파파551,https://vling.net/channel/UC4BmGN5BAbDkUOg7FEqNuJQ,UC4BmGN5BAbDkUOg7FEqNuJQ,16800,95591
민주누리,https://vling.net/channel/UCQSeXLCFXm6D-gC2NYqVAIw,UCQSeXLCFXm6D-gC2NYqVAIw,22400,125158
서른일기,https://vling.net/channel/UCYYPvecmdGQgzIfghtdWhGQ,UCYYPvecmdGQgzIfghtdWhGQ,28200,23590
새가나안교회(NCC),https://vling.net/channel/UCGLaz30SXnxXhYR8wrTpbXg,UCGLaz30SXnxXhYR8wrTpbXg,13400,624
이승원의 지식의 전당,https://vling.net/channel/UCGr5Iru97RqRQXMwThKTkEQ,UCGr5Iru97RqRQXMwThKTkEQ,23000,1084
파이디온 Paidion,https://vling.net/channel/UCePjHumvAonV3aZ7fBh4SCg,UCePjHumvAonV3aZ7fBh4SCg,37600,31228
시사김치전,https://vling.net/channel/UCKIyfHqMrvQWNnHgop0VVjQ,UCKIyfHqMrvQWNnHgop0VVjQ,10500,43678
전한길뉴스 1waynews,https://vling.net/channel/UC_iT-dQV96rPviS4G4p5b9A,UC_iT-dQV96rPviS4G4p5b9A,836000,2482051
김규현 변호사 | 정의규현TV,https://vling.net/channel/UCKpuKGBnoUbnp4o35IE5vFA,UCKpuKGBnoUbnp4o35IE5vFA,260000,7848
그안에진리교회,https://vling.net/channel/UCBE4ONS-Fpbv_K1BDqmY0Rg,UCBE4ONS-Fpbv_K1BDqmY0Rg,10600,1668
CTS BEST 설교,https://vling.net/channel/UCZZBJ7eh0xmXmjs8y8WIzvw,UCZZBJ7eh0xmXmjs8y8WIzvw,51800,6577
정치오락실,https://vling.net/channel/UC9a0BE4Txo1u_nKDa1nmXMA,UC9a0BE4Txo1u_nKDa1nmXMA,126000,1489
예술교회,https://vling.net/channel/UCiCpaaeB5xTn3x2sMh5gmlQ,UCiCpaaeB5xTn3x2sMh5gmlQ,11700,6910
임오경tv,https://vling.net/channel/UC4zn1ypqQL0TH0xbsH9ycKQ,UC4zn1ypqQL0TH0xbsH9ycKQ,10600,58
상상프리,https://vling.net/channel/UCWJTlUFmdbISixxc6ZGAOHQ,UCWJTlUFmdbISixxc6ZGAOHQ,40600,22
연희신궁,https://vling.net/channel/UCkSn8pe3mqOw9Ch3UW2RXBg,UCkSn8pe3mqOw9Ch3UW2RXBg,60000,694
Brotherhood,https://vling.net/channel/UCvb6BSXZT111ViDj84in9XA,UCvb6BSXZT111ViDj84in9XA,53300,832
피안가는길 (the way to nirvana),https://vling.net/channel/UCipqVC1m5yUnltS6kJxa9SQ,UCipqVC1m5yUnltS6kJxa9SQ,20500,3119
소종섭의 상식학교,https://vling.net/channel/UCAIKDpvvn7MdwS4hP99763g,UCAIKDpvvn7MdwS4hP99763g,107000,4741
더푸른교회,https://vling.net/channel/UCyBasF9bs6pM7G1fxKluIMA,UCyBasF9bs6pM7G1fxKluIMA,50000,11831
소래눈,https://vling.net/channel/UCVie2L1HIi8177Y9VYMh4Hg,UCVie2L1HIi8177Y9VYMh4Hg,96800,356
시사의품격,https://vling.net/channel/UCv923HGDWMBrnHpC-dkQ3hQ,UCv923HGDWMBrnHpC-dkQ3hQ,211000,10682
국가유산청 Korea Heritage Service,https://vling.net/channel/UCxWZbyZ-UhohFp3BYNh2d7Q,UCxWZbyZ-UhohFp3BYNh2d7Q,57800,3903
가양제일감리교회,https://vling.net/channel/UCulPhWtT5bXqf93rByMJgIw,UCulPhWtT5bXqf93rByMJgIw,29200,237
묵상코치,https://vling.net/channel/UCkQ3ZTwqQhKn9-Cfvpd4FqQ,UCkQ3ZTwqQhKn9-Cfvpd4FqQ,15300,1171
Talisman /엘리사네 별장타로,https://vling.net/channel/UChyW1smH43x4xjLQBQiqRew,UChyW1smH43x4xjLQBQiqRew,13500,11471
빨대포스트,https://vling.net/channel/UCpeD0mJAezRBRPieCBzV-Kg,UCpeD0mJAezRBRPieCBzV-Kg,295000,56728
인생튜브,https://vling.net/channel/UCj_KDKEDgnXkeh0KlNpSL8A,UCj_KDKEDgnXkeh0KlNpSL8A,140000,58015
한빛감리교회,https://vling.net/channel/UC5rJi-E3aMkb46vVHJArvYg,UC5rJi-E3aMkb46vVHJArvYg,16100,7452
이소연TV,https://vling.net/channel/UCzbKzE-cQKgeC0sZLylcWkA,UCzbKzE-cQKgeC0sZLylcWkA,71000,16543
주님의 손길,https://vling.net/channel/UCb3pCq_7N3QFwk1mzXnGTFg,UCb3pCq_7N3QFwk1mzXnGTFg,39400,1274
군단의심장,https://vling.net/channel/UCMvaAtYYCwCoHAA39VnigRw,UCMvaAtYYCwCoHAA39VnigRw,73300,7979
일요서울TV,https://vling.net/channel/UCchCbWi1Mvibb6ddcZrrOHQ,UCchCbWi1Mvibb6ddcZrrOHQ,588000,52089
두레김진홍,https://vling.net/channel/UCeqd4-XcxdxES08-5Im8oZg,UCeqd4-XcxdxES08-5Im8oZg,237000,47625
KoryoTV,https://vling.net/channel/UCgMcsFexb6AWhkr7HzXUrCQ,UCgMcsFexb6AWhkr7HzXUrCQ,14800,4921
뉴스피릿 탐사추적,https://vling.net/channel/UCClJnXy1t1jmGIwgZkBvDGg,UCClJnXy1t1jmGIwgZkBvDGg,38200,1288
"Go&Come, Church of God",https://vling.net/channel/UCFx5krpZE3Bk4JMP2xfgJoA,UCFx5krpZE3Bk4JMP2xfgJoA,63800,6712
전등사 TV,https://vling.net/channel/UCXzmwy-Zt-8DaIfN29jPOVg,UCXzmwy-Zt-8DaIfN29jPOVg,57600,2221
민병덕TV,https://vling.net/channel/UCIOhLDkpNcQyHsHSBwd5y_Q,UCIOhLDkpNcQyHsHSBwd5y_Q,14300,1350
K-VIBE,https://vling.net/channel/UCerAzgrPETJVqX1XZQRaXvw,UCerAzgrPETJVqX1XZQRaXvw,10900,6391
사랑의교회,https://vling.net/channel/UCceXHeKTEwpcA7MmDvScXNQ,UCceXHeKTEwpcA7MmDvScXNQ,265000,34347
에필로그 찬양 선교단,https://vling.net/channel/UCC5rO_gtKq6RjawahnDhhTA,UCC5rO_gtKq6RjawahnDhhTA,10000,1189
사선하이킥tv,https://vling.net/channel/UC6ELAautipgIhZkMKaQrFxg,UC6ELAautipgIhZkMKaQrFxg,29200,11480
감동오디오북,https://vling.net/channel/UCPC5_FI75PAxTodlXWF5eNw,UCPC5_FI75PAxTodlXWF5eNw,31600,8126
노영희티비(영친이들),https://vling.net/channel/UCfOOXJ19YkLbegZIepsIR6g,UCfOOXJ19YkLbegZIepsIR6g,253000,45425
발견,https://vling.net/channel/UCmTlIBDbE9FvcAzthJzPnAA,UCmTlIBDbE9FvcAzthJzPnAA,12000,6148
정승기 작가의 [아는척],https://vling.net/channel/UC5kpAktK58a_NWZJqNK28mA,UC5kpAktK58a_NWZJqNK28mA,24000,136
한동훈삼촌tv,https://vling.net/channel/UCbcXQcXLty2rzrv2fUR_mzg,UCbcXQcXLty2rzrv2fUR_mzg,150000,253310
보수미,https://vling.net/channel/UCquq5sz9cHmSNIShEBVK4MA,UCquq5sz9cHmSNIShEBVK4MA,27300,49368
저널리스트,https://vling.net/channel/UCG_Gth20Rt4pgoVxVjWsSqg,UCG_Gth20Rt4pgoVxVjWsSqg,260000,48647
기도명언,https://vling.net/channel/UCx1k4PW-NXZU0pG2LAUKlUg,UCx1k4PW-NXZU0pG2LAUKlUg,20500,9335
한시간야담,https://vling.net/channel/UCl6pOT9s-CKnCY3rKNxH9qw,UCl6pOT9s-CKnCY3rKNxH9qw,18600,17134
Ho-line,https://vling.net/channel/UCGz8SXbeMFrDE-gSuXjBXNw,UCGz8SXbeMFrDE-gSuXjBXNw,16200,581
장변호,https://vling.net/channel/UCU2qJERAoxY1emjHNspunog,UCU2qJERAoxY1emjHNspunog,35300,111982
두만강감동극장,https://vling.net/channel/UCPCQdsfcvWEf5QuaNQf2S3w,UCPCQdsfcvWEf5QuaNQf2S3w,30200,28371
서정욱TV,https://vling.net/channel/UCNzWZmsJ2QmBss30LeZZTdg,UCNzWZmsJ2QmBss30LeZZTdg,726000,775527
감동편지함,https://vling.net/channel/UC51Im4em7RQXezT9BQ_J0XA,UC51Im4em7RQXezT9BQ_J0XA,62400,48711
[Samuel Kim Ministry],https://vling.net/channel/UCgQBBk_XtKAvO3sZlq0kp_A,UCgQBBk_XtKAvO3sZlq0kp_A,16300,1251
박홍근TV,https://vling.net/channel/UCaVYvfVsC1ns3_aE66i6ZIQ,UCaVYvfVsC1ns3_aE66i6ZIQ,20500,6780
국가유산채널(K-Heritage Channel),https://vling.net/channel/UCRO-l6Fli7rtpY2O9Y5NIzw,UCRO-l6Fli7rtpY2O9Y5NIzw,1980000,111662
나두잼,https://vling.net/channel/UCAmko1lU7UpU8mv_xezC7zg,UCAmko1lU7UpU8mv_xezC7zg,294000,10014
배기성 역사강사의 10분 지식북창고,https://vling.net/channel/UCZCxmG_lSV0FCeDKuzUKlwQ,UCZCxmG_lSV0FCeDKuzUKlwQ,33800,155
감빵인도자,https://vling.net/channel/UCDE0dbY2d9f3q1zFcm218fQ,UCDE0dbY2d9f3q1zFcm218fQ,189000,13527
ZOA,https://vling.net/channel/UCqi_9xjH1cK7C1o9x-zrF6A,UCqi_9xjH1cK7C1o9x-zrF6A,31000,163
신앙과 애국 ,https://vling.net/channel/UCd59A_8S0bR5-t7yB4JTE8A,UCd59A_8S0bR5-t7yB4JTE8A,31900,300
CJ문화재단 채널아지트 CH AZIT,https://vling.net/channel/UCK8trmiolxU00XV2fNEUyVw,UCK8trmiolxU00XV2fNEUyVw,120000,4059
감동띵동,https://vling.net/channel/UC-mMd02AqEpLfyy948R5lyg,UC-mMd02AqEpLfyy948R5lyg,27100,15993
정민철의 진짜예요?,https://vling.net/channel/UC8PtMK-mkqIan3t9Se9pjyQ,UC8PtMK-mkqIan3t9Se9pjyQ,31000,8065
빈집여지도,https://vling.net/channel/UCPxB0IiFkRduwsQWlt3ilxQ,UCPxB0IiFkRduwsQWlt3ilxQ,14800,1477
광화문운동TV,https://vling.net/channel/UCML-USEtD8jO_I9m7I1oLIg,UCML-USEtD8jO_I9m7I1oLIg,59600,11886
심규진교수TV,https://vling.net/channel/UCfQ48kTjXDiNwuDkU-Mz3WQ,UCfQ48kTjXDiNwuDkU-Mz3WQ,31100,1824
레전드사연맛집,https://vling.net/channel/UCiYdsZBKOxhTpARXdetfpaw,UCiYdsZBKOxhTpARXdetfpaw,27500,15491
찬란한인생사연,https://vling.net/channel/UC8bu8ujjC3YH8W66d6l-LDQ,UC8bu8ujjC3YH8W66d6l-LDQ,54800,53574
김샬롯,https://vling.net/channel/UCWILj9rQwdhPogcdYIlzrXw,UCWILj9rQwdhPogcdYIlzrXw,178000,44220
99세 지구인,https://vling.net/channel/UCCV72NJ7cru9flg9xaeorHg,UCCV72NJ7cru9flg9xaeorHg,15700,1
SPNS TV,https://vling.net/channel/UC2Iko5L69mFarhDJX3htJPg,UC2Iko5L69mFarhDJX3htJPg,77900,133708
알고싶은 이야기 J,https://vling.net/channel/UCnadEa_q_nXTpgEDNRWlbaA,UCnadEa_q_nXTpgEDNRWlbaA,69700,13726
해인스님의 마음법당,https://vling.net/channel/UC7yJldGjDNDp2D5OhOgkuVw,UC7yJldGjDNDp2D5OhOgkuVw,39800,12332
Dark Case Mongolia 🐞,https://vling.net/channel/UC7Y8Kv3Z58I0HTeN4rU6BSA,UC7Y8Kv3Z58I0HTeN4rU6BSA,12200,6411
붉은달 미스테리,https://vling.net/channel/UC_cLbKZyFJlaMEby5JQYlGw,UC_cLbKZyFJlaMEby5JQYlGw,33700,30456
오른손쏭,https://vling.net/channel/UCS_GZSOUf1ZlEhNRa-Y3XxA,UCS_GZSOUf1ZlEhNRa-Y3XxA,11100,28
슬기로운 이혼수업,https://vling.net/channel/UCLCZcDF0ztS6L7ZVQ4b8leQ,UCLCZcDF0ztS6L7ZVQ4b8leQ,23300,8554
역사의 재원쌤,https://vling.net/channel/UCAuVZQmTHmog-Eo_Mpf9pJw,UCAuVZQmTHmog-Eo_Mpf9pJw,47600,28178
제니 사탐,https://vling.net/channel/UCul_vrsVKqanG_vsLMkMPHg,UCul_vrsVKqanG_vsLMkMPHg,10900,10791
홀라이프워십 | Whole Life Worship | WLWorship,https://vling.net/channel/UCw1NaP2FmWAqIS7AvhnJh6A,UCw1NaP2FmWAqIS7AvhnJh6A,20100,2161
이지선의 이지고잉,https://vling.net/channel/UCSca3PSMwiQzUd_PMcUwNVQ,UCSca3PSMwiQzUd_PMcUwNVQ,16600,377
어머니 하나님,https://vling.net/channel/UCcWDbGaEyy0kG5NBmQv1-dA,UCcWDbGaEyy0kG5NBmQv1-dA,46000,4988
현실 참여 캐릭터 까뿌까,https://vling.net/channel/UCC3yr_asVhvxnDgiSQ9WP5w,UCC3yr_asVhvxnDgiSQ9WP5w,16900,775
이야기 뚝딱,https://vling.net/channel/UCJPO9yjTh0enyxjhKhGb8tw,UCJPO9yjTh0enyxjhKhGb8tw,36200,402
강태웅,https://vling.net/channel/UC0xDiZa7Jbty1XqYL2SdvIA,UC0xDiZa7Jbty1XqYL2SdvIA,22200,322
노후의 빛나는 지혜,https://vling.net/channel/UCvEbmWiQa7SDft9pb_GocgQ,UCvEbmWiQa7SDft9pb_GocgQ,29300,585
이언주,https://vling.net/channel/UCrvk-ou3xpqP8cJsekpeRTQ,UCrvk-ou3xpqP8cJsekpeRTQ,59200,9787
bpmcpg,https://vling.net/channel/UCTleh456GChX4bbmHXbkDwA,UCTleh456GChX4bbmHXbkDwA,27700,4241
세종문화회관 Sejong Center,https://vling.net/channel/UCCqaPJqI5q1kfO51qWWOjrQ,UCCqaPJqI5q1kfO51qWWOjrQ,33600,5542
우학스님 K-BuddhaVillage(부처님마을),https://vling.net/channel/UCHBQWrUtTuEDX0r-rqAn0eA,UCHBQWrUtTuEDX0r-rqAn0eA,22700,16735
대한불교조계종 불광사,https://vling.net/channel/UCX9uDlgel1WsSkEzLzbRTdg,UCX9uDlgel1WsSkEzLzbRTdg,36500,5488
청초야담-조선에서 온 이야기,https://vling.net/channel/UCL_PDcQIPId1iCe2IO-vEiA,UCL_PDcQIPId1iCe2IO-vEiA,20700,26460
장예찬TV,https://vling.net/channel/UCce3VBcnFf67Xv0Wj2PWMZw,UCce3VBcnFf67Xv0Wj2PWMZw,160000,3805
Johnny Talkshow,https://vling.net/channel/UChUZoNUeN5I2GmY_d3caaSA,UChUZoNUeN5I2GmY_d3caaSA,14600,6058
천주교대구대교구,https://vling.net/channel/UCHorzVlHRUOffaxkYUY8qLw,UCHorzVlHRUOffaxkYUY8qLw,14800,974
김유미 TV,https://vling.net/channel/UCPUwzOj4Qhv7sFpvvD1ASuA,UCPUwzOj4Qhv7sFpvvD1ASuA,28800,10709
불교방송 용화미륵부처님 TV,https://vling.net/channel/UCuUuExDFAwfJiTmAR7m1ryw,UCuUuExDFAwfJiTmAR7m1ryw,1960000,77325
총회교육개발원 하나바이블,https://vling.net/channel/UCXONTak7SmI8gR1rhzjAh8w,UCXONTak7SmI8gR1rhzjAh8w,32300,14175
수원중앙침례교회,https://vling.net/channel/UC5JFLdlLe5_XMkVQuT6t7NQ,UC5JFLdlLe5_XMkVQuT6t7NQ,10900,1507
너만몰라TV,https://vling.net/channel/UCsRUxc7mcOchfVPQmdP-miQ,UCsRUxc7mcOchfVPQmdP-miQ,484000,145312
주판만신송화,https://vling.net/channel/UCwFZv_VXCqzxDbjae8FSwJA,UCwFZv_VXCqzxDbjae8FSwJA,36500,2183
높은뜻푸른교회,https://vling.net/channel/UCaQGk2guxAG3VxsNbv77w2Q,UCaQGk2guxAG3VxsNbv77w2Q,14200,1366
하리운TV,https://vling.net/channel/UC7_qYAPvc1jKbTKWJ4k0iJg,UC7_qYAPvc1jKbTKWJ4k0iJg,13700,444
테힐라TV,https://vling.net/channel/UCxOhqGd44wVu3Ec52D9Ek1Q,UCxOhqGd44wVu3Ec52D9Ek1Q,12400,1841
인생지혜,https://vling.net/channel/UCT7HiGxGduQHpFpoCsQkcEQ,UCT7HiGxGduQHpFpoCsQkcEQ,58900,16844
전원책TV망명방송,https://vling.net/channel/UCepZn-yku0hP4WGp1htXg-g,UCepZn-yku0hP4WGp1htXg-g,448000,11968
감성대디 Dennis,https://vling.net/channel/UCraFvs6dqAMkWgxuZUVrlgg,UCraFvs6dqAMkWgxuZUVrlgg,396000,22690
Holy Jazz Vibes,https://vling.net/channel/UCZ1Msox6fGXvk7WDmDgf2UA,UCZ1Msox6fGXvk7WDmDgf2UA,37900,16927
인생뭐있슈,https://vling.net/channel/UC89WFckRAl_KhUHLDhZ25bA,UC89WFckRAl_KhUHLDhZ25bA,29700,21814
이삿갓 ,https://vling.net/channel/UCniNGWJbEuzHvqfiePC5GKw,UCniNGWJbEuzHvqfiePC5GKw,193000,7578
유목민이야기,https://vling.net/channel/UC8TW2XUCCJ5CAOvsoVRSwcQ,UC8TW2XUCCJ5CAOvsoVRSwcQ,33400,14216
우국이세 월명스님,https://vling.net/channel/UCwlf6E2f3b2ddE1Y8GjKq4w,UCwlf6E2f3b2ddE1Y8GjKq4w,10000,562
문종형의 온마이크,https://vling.net/channel/UC6pbecjgGeIVfUp-o1wxA0g,UC6pbecjgGeIVfUp-o1wxA0g,11900,4089
지광스님의 운수대통,https://vling.net/channel/UCxJXnm8uFSlDkjWy_ATl81A,UCxJXnm8uFSlDkjWy_ATl81A,56100,6012
잡학게티,https://vling.net/channel/UCa5c474zwav6yij1MCB8dQg,UCa5c474zwav6yij1MCB8dQg,134000,57885
당첨돼지,https://vling.net/channel/UCPKHlH9T00dqJtoYZx2zDjg,UCPKHlH9T00dqJtoYZx2zDjg,16200,10797
매일성경읽기,https://vling.net/channel/UCcaJkupoF4CsxDGIBPBQ77Q,UCcaJkupoF4CsxDGIBPBQ77Q,160000,24683
그림읽기,https://vling.net/channel/UCJUoChU3NbNHqYyzVHEzYUQ,UCJUoChU3NbNHqYyzVHEzYUQ,45000,6635
민주보좌관,https://vling.net/channel/UCAoSVcAzo82fAZhYD8Mevvw,UCAoSVcAzo82fAZhYD8Mevvw,143000,58196
비텐 조이,https://vling.net/channel/UCeMPgo_YXIH58JVYlurURoQ,UCeMPgo_YXIH58JVYlurURoQ,250000,24185
안산제일교회,https://vling.net/channel/UCCTPkC9-7MKSSM1GxnAPGkw,UCCTPkC9-7MKSSM1GxnAPGkw,13000,4687
지공선사TV,https://vling.net/channel/UCmJhtlywGmlfM2BbqQagX2A,UCmJhtlywGmlfM2BbqQagX2A,52600,3625
김경수,https://vling.net/channel/UCU-MgC6F4651fGGIr2iw6AA,UCU-MgC6F4651fGGIr2iw6AA,18500,1642
한국 주먹 100년 이야기,https://vling.net/channel/UCD3-jqyj4plWD3yz2GKmfUg,UCD3-jqyj4plWD3yz2GKmfUg,62400,56994
행복한교회,https://vling.net/channel/UCD2vJi6-7c4ZimTetyjVnRQ,UCD2vJi6-7c4ZimTetyjVnRQ,53700,10956
진정한 애국자 tv,https://vling.net/channel/UCJNIJsUluHhuikAost77oCw,UCJNIJsUluHhuikAost77oCw,46300,4318
열반 사운드 Nirvana Sound,https://vling.net/channel/UCczVQjtvv9zisTka4tIUxYA,UCczVQjtvv9zisTka4tIUxYA,10300,5976
승리의힘TV,https://vling.net/channel/UC7rgFIt3tcJrcXEvhddMsuA,UC7rgFIt3tcJrcXEvhddMsuA,13800,16759
간다효,https://vling.net/channel/UCgOrq46HHPLETItXdQzG0Og,UCgOrq46HHPLETItXdQzG0Og,735000,162094
지박스TV,https://vling.net/channel/UC-rNOfC5KB7iOsPft9CqjYQ,UC-rNOfC5KB7iOsPft9CqjYQ,24500,25328
J안나방송,https://vling.net/channel/UC9SqDZBWgTWmmJ5M8JXyj5Q,UC9SqDZBWgTWmmJ5M8JXyj5Q,14100,2989
Jesus91 [구원91],https://vling.net/channel/UCOMmEozrRVi9KgtoVWl3HIA,UCOMmEozrRVi9KgtoVWl3HIA,13300,14096
21일간 열방과 함께하는 다니엘기도회,https://vling.net/channel/UC8J8ZN2Wl6jPsdgCvRmXi4g,UC8J8ZN2Wl6jPsdgCvRmXi4g,491000,21624
열린공감TV,https://vling.net/channel/UC4y2Jx26qCb7CrSt_i5bf1A,UC4y2Jx26qCb7CrSt_i5bf1A,1180000,207430
한성교회 Happy People,https://vling.net/channel/UCwg1mSaYYvY4zzxyCnjgo7A,UCwg1mSaYYvY4zzxyCnjgo7A,173000,37728
대한민국 해군 R.O.K. Navy,https://vling.net/channel/UCPlDH4oHFI_lC7ayQG9NuMg,UCPlDH4oHFI_lC7ayQG9NuMg,106000,26610
MinJu_One,https://vling.net/channel/UCMSqv11vtt4oUmR_wyQ1VAw,UCMSqv11vtt4oUmR_wyQ1VAw,10300,5772
오륜교회 oryunchurch,https://vling.net/channel/UCCATFGVyXoa361VN6lELz3w,UCCATFGVyXoa361VN6lELz3w,121000,18833
이용우TV,https://vling.net/channel/UClH3vRBs9ZgIAlBs7iQ6-8A,UClH3vRBs9ZgIAlBs7iQ6-8A,42500,2564
미디어C ,https://vling.net/channel/UCfJL7n4QkRh8OaYlbF_FcYw,UCfJL7n4QkRh8OaYlbF_FcYw,16900,1222
아리랑국제결혼,https://vling.net/channel/UCZsVN_CMZFXQCyp4TlKuJ3A,UCZsVN_CMZFXQCyp4TlKuJ3A,25000,1491
생존연구소 [동심파괴],https://vling.net/channel/UCsU3fr78Lyzjp2RGLoQIdbw,UCsU3fr78Lyzjp2RGLoQIdbw,1020000,131144
매거진동아,https://vling.net/channel/UCt3YddAGOURQyG4rifm56Bg,UCt3YddAGOURQyG4rifm56Bg,127000,7926
역사속이야기,https://vling.net/channel/UCV9DuGfS5xuE1u89MbtnCSQ,UCV9DuGfS5xuE1u89MbtnCSQ,10400,8036
불심과 동행하기,https://vling.net/channel/UC-6e7Y6p8L--Ib4iwjnCVqA,UC-6e7Y6p8L--Ib4iwjnCVqA,14400,18998
네모선장함tv,https://vling.net/channel/UCQ7CDpDOyxPU51s2DQ_TExA,UCQ7CDpDOyxPU51s2DQ_TExA,20100,2425
무궁화방송,https://vling.net/channel/UCdDLPWS_2mc5X5J4l-cckKw,UCdDLPWS_2mc5X5J4l-cckKw,66400,2693
설교듣기,https://vling.net/channel/UCr0vA_DXKO5mrc3g7eIsTvg,UCr0vA_DXKO5mrc3g7eIsTvg,34800,608
반야월교회,https://vling.net/channel/UCZbVZCb16HqvyT3RHPbveYQ,UCZbVZCb16HqvyT3RHPbveYQ,41100,1633
테리우스마이,https://vling.net/channel/UCpXjV9ljdj1mwr2BJ-2r62w,UCpXjV9ljdj1mwr2BJ-2r62w,40800,1741
영종도헤브론교회목사김정아(Hebronchurch),https://vling.net/channel/UCdPDEq2K-tobMUuGBszDuYA,UCdPDEq2K-tobMUuGBszDuYA,22100,1267
부케렐라-국제커플채널,https://vling.net/channel/UCPsoQwqbcVkQlVae8LF7wPw,UCPsoQwqbcVkQlVae8LF7wPw,38700,40808
갈렙선교회 calebmission,https://vling.net/channel/UCSA1IDogbvDfdc32WLchviA,UCSA1IDogbvDfdc32WLchviA,79500,1569
고논,https://vling.net/channel/UC4DAnnB2ZAbZFjjgNd2SzgA,UC4DAnnB2ZAbZFjjgNd2SzgA,134000,128577
심하윤TV,https://vling.net/channel/UCedmZb6YSW5kbMtHdWKejpw,UCedmZb6YSW5kbMtHdWKejpw,173000,14726
박시은 진태현 작은 테레비,https://vling.net/channel/UCi7rUWlYC_S0-MHfhLZgfCQ,UCi7rUWlYC_S0-MHfhLZgfCQ,115000,1572
고향 교회를 찾아서 go Home Church,https://vling.net/channel/UC8A69oUkm84-8oqce096X5Q,UC8A69oUkm84-8oqce096X5Q,15200,226
위대한 지혜,https://vling.net/channel/UC9llC1TNTSmVgAEKYN7uqOw,UC9llC1TNTSmVgAEKYN7uqOw,13400,851
chanmi worship 찬미워십,https://vling.net/channel/UCyMOXcrCUlQWHWjMhqHc8Rw,UCyMOXcrCUlQWHWjMhqHc8Rw,23900,8376
소소한 고대사,https://vling.net/channel/UCcWv9uciua4VYSPeneP17Ww,UCcWv9uciua4VYSPeneP17Ww,117000,1844
자항TV [자유로의 항해],https://vling.net/channel/UC4yOeRzCWCiqglwyIFmA8Gw,UC4yOeRzCWCiqglwyIFmA8Gw,79600,32
서울서머나교회,https://vling.net/channel/UCMdy7e6HiqB1sS-bXQTpXRw,UCMdy7e6HiqB1sS-bXQTpXRw,36100,5850
저작권TV,https://vling.net/channel/UCIiTJae_d0azhad7rtvi3FQ,UCIiTJae_d0azhad7rtvi3FQ,22000,308
MCAKCC,https://vling.net/channel/UCGH15REVHcfyyuNtn86JSxw,UCGH15REVHcfyyuNtn86JSxw,19000,1122
Medecins Sans Frontieres / 국경없는의사회,https://vling.net/channel/UCM6HK3tRHtXLIQqP0xItg0Q,UCM6HK3tRHtXLIQqP0xItg0Q,14700,48288
서구TV,https://vling.net/channel/UCcUJw9EReJ66LYmz9ITRVEA,UCcUJw9EReJ66LYmz9ITRVEA,52400,2520
굿피플,https://vling.net/channel/UCmpN9RxY8mnJtoQCXrOyRmA,UCmpN9RxY8mnJtoQCXrOyRmA,42800,312
VASAIO 선교무용센터,https://vling.net/channel/UCdUCUtU-GSbmqisfrDR9QRg,UCdUCUtU-GSbmqisfrDR9QRg,11300,1370
BrianKimWorship 브라이언킴 TV,https://vling.net/channel/UCef6FpB7jL5OZVOJxN9EHjQ,UCef6FpB7jL5OZVOJxN9EHjQ,81700,15717
김지원의 지식 수색반,https://vling.net/channel/UCF7ILqY81fobysdTIvth8_Q,UCF7ILqY81fobysdTIvth8_Q,11100,38463
올빼미TV,https://vling.net/channel/UC8nJZbz4z0nhgC-d5vn5dKQ,UC8nJZbz4z0nhgC-d5vn5dKQ,460000,366707
회개와천국복음[정보배],https://vling.net/channel/UC3d7-hub1ZcrmQbpvzry-_w,UC3d7-hub1ZcrmQbpvzry-_w,33700,8349
새롭게하소서CBS,https://vling.net/channel/UCqCqf21juyyL_8peGs2CWGg,UCqCqf21juyyL_8peGs2CWGg,959000,161285
한밤의 사건 파일,https://vling.net/channel/UCK-hgKxhGIEO5DerXtuS7uQ,UCK-hgKxhGIEO5DerXtuS7uQ,24900,19273
수협 공식 유튜브 채널,https://vling.net/channel/UCwh5HmK0Xv5DwsvhsUMQOWQ,UCwh5HmK0Xv5DwsvhsUMQOWQ,42200,4767
최승윤 작가Artist Choi seungyoon,https://vling.net/channel/UCTTmBIpaFBu8zOAku_5rgGQ,UCTTmBIpaFBu8zOAku_5rgGQ,22400,373
The Korea Herald,https://vling.net/channel/UC7kYzfu7mHLQ7nG6AMnTc9g,UC7kYzfu7mHLQ7nG6AMnTc9g,18600,1720
한베국제결혼TV,https://vling.net/channel/UCHeX5PJp5Ef9RPPLi59GpmA,UCHeX5PJp5Ef9RPPLi59GpmA,27800,8936
당진시,https://vling.net/channel/UCr5N0dZhCauS9qEmryjHY0w,UCr5N0dZhCauS9qEmryjHY0w,10300,80741
좋은만남교회 in 대전 [박아론 목사],https://vling.net/channel/UCA8J9i6YrSHVTTGyqqOzsuQ,UCA8J9i6YrSHVTTGyqqOzsuQ,35900,12537
김채환의 시사이다,https://vling.net/channel/UCTeyCGJfUixtN-pSivZMdpA,UCTeyCGJfUixtN-pSivZMdpA,711000,64553
헵시바_hepbsibah,https://vling.net/channel/UCYy7NngiNeTw9DizOuPZAwg,UCYy7NngiNeTw9DizOuPZAwg,49200,2553
작심삼일비디오일기,https://vling.net/channel/UCwveIdEMHbjLxkg2dbPCHsQ,UCwveIdEMHbjLxkg2dbPCHsQ,28800,115
Megan Moon,https://vling.net/channel/UCYpLOJi7euZwhv6osUgzQ5w,UCYpLOJi7euZwhv6osUgzQ5w,886000,5788
전도군tv,https://vling.net/channel/UCENfQ7-rV2PYbBd129CE1Gw,UCENfQ7-rV2PYbBd129CE1Gw,28000,5361
동북아사람들,https://vling.net/channel/UCCQaZUqCkl3UPlpfjR9UGUA,UCCQaZUqCkl3UPlpfjR9UGUA,38000,1228
구주와 변호사,https://vling.net/channel/UCKYFQMonKRriJrHehw65NeA,UCKYFQMonKRriJrHehw65NeA,75800,1263
기독교포털뉴스,https://vling.net/channel/UC9bH8YvZhlKfdcKkE8TFDLg,UC9bH8YvZhlKfdcKkE8TFDLg,39900,4536
온리원 사회역사 윤미(윤언니의 미라클 채널),https://vling.net/channel/UCts2a1lKJJKjUowGJkSmmgA,UCts2a1lKJJKjUowGJkSmmgA,18500,433
셀레나이민,https://vling.net/channel/UCQVleFXeLrqazSwcqQyOGww,UCQVleFXeLrqazSwcqQyOGww,53400,11561
유튜브실사원김록이목사,https://vling.net/channel/UCai2sJn7B6rOercD9h0pUvQ,UCai2sJn7B6rOercD9h0pUvQ,105000,19027
CGN 하용조,https://vling.net/channel/UCO0aW8Pf7qA79llJDLkauEw,UCO0aW8Pf7qA79llJDLkauEw,70300,18781
고민정 TV,https://vling.net/channel/UC2Lx2_u4JixQ2WFnWQfIbEQ,UC2Lx2_u4JixQ2WFnWQfIbEQ,75500,249
청록암 엑소시스트 김홍기,https://vling.net/channel/UC1OWCNdirYduYAXPfYLZGGw,UC1OWCNdirYduYAXPfYLZGGw,118000,7086
뉴스클레임,https://vling.net/channel/UC3NuLJUu3TEi574grrrLVdA,UC3NuLJUu3TEi574grrrLVdA,39800,184
정치 읽어주는 여자,https://vling.net/channel/UC-hc6yLEjk5C5gMTJKFGlPw,UC-hc6yLEjk5C5gMTJKFGlPw,658000,775306
대한예수교장로회총회 교육자원부,https://vling.net/channel/UC145Ucfqm8bpqNNWUg9IG7g,UC145Ucfqm8bpqNNWUg9IG7g,11600,689
exworktv,https://vling.net/channel/UC1ZW8rbX5Ezched-FMoFckw,UC1ZW8rbX5Ezched-FMoFckw,93800,31221
쇼츠타임 Shorts Time,https://vling.net/channel/UC-R9-uZZ6WtHE270BWQ0EdQ,UC-R9-uZZ6WtHE270BWQ0EdQ,75500,2194
NEWSONG STREAMING WMSCOG,https://vling.net/channel/UCzzi8ZcCaWc5O3jc_IuB97A,UCzzi8ZcCaWc5O3jc_IuB97A,94300,10531
제로현tv(시사코믹음방),https://vling.net/channel/UC-O6JMrvn4R8CEYSmWW2Jow,UC-O6JMrvn4R8CEYSmWW2Jow,15700,13664
포도원교회(포도원TV),https://vling.net/channel/UC27RSfE21eJq27lQ7p84TaQ,UC27RSfE21eJq27lQ7p84TaQ,33100,12645
도운사주(導運四柱)아카데미,https://vling.net/channel/UCQggkFMilrUb8ru2Uu5kOxA,UCQggkFMilrUb8ru2Uu5kOxA,23000,8579
미제사건재발굴,https://vling.net/channel/UCBeJxvfmdg6qY5CDdJwSXRQ,UCBeJxvfmdg6qY5CDdJwSXRQ,47800,22229
박주민TV,https://vling.net/channel/UCoFvuvMlEPICy1ClmlgzA4g,UCoFvuvMlEPICy1ClmlgzA4g,375000,71810
다문화TV,https://vling.net/channel/UCK2ZCeS7zNrzHHwGXuygzPQ,UCK2ZCeS7zNrzHHwGXuygzPQ,85700,868
김영준,https://vling.net/channel/UCbw9n9WbO5ewE63zeY67Liw,UCbw9n9WbO5ewE63zeY67Liw,20300,299
이동형TV,https://vling.net/channel/UCd4BxCKyMHG2J0X1SerTPaQ,UCd4BxCKyMHG2J0X1SerTPaQ,811000,847519
진보이펙트,https://vling.net/channel/UCVPWkKgJKb0qiTYnvYxctkg,UCVPWkKgJKb0qiTYnvYxctkg,34600,2750
World Mission Society Church of God / Global,https://vling.net/channel/UCKIArkCDHQAJQfOsovXJnsw,UCKIArkCDHQAJQfOsovXJnsw,129000,62175
옥토끼한수애,https://vling.net/channel/UC4kBy1VeN3y3h3RlDUu4-0w,UC4kBy1VeN3y3h3RlDUu4-0w,147000,14948
안호두 빠빠 ,https://vling.net/channel/UCWCFLsVOHSVY90K5V4k6IoA,UCWCFLsVOHSVY90K5V4k6IoA,61100,54845
엄인호TV,https://vling.net/channel/UC4xKqYrfSPwBQLSomlmjErQ,UC4xKqYrfSPwBQLSomlmjErQ,17300,1617
홍어보수원조,https://vling.net/channel/UCGw3qB0fOh6pIziPXTV-DqQ,UCGw3qB0fOh6pIziPXTV-DqQ,34400,63210
JUTV,https://vling.net/channel/UCj-Zu_tGHGy2U4iHN87xefA,UCj-Zu_tGHGy2U4iHN87xefA,118000,7823
빛의진리,https://vling.net/channel/UCZAuI-bAckZ4xFk_T9SB8vg,UCZAuI-bAckZ4xFk_T9SB8vg,12600,6474
진리의 재발견  (행복신앙연구소 제임스강),https://vling.net/channel/UC0lmC05T27RlzH5k_wO8geA,UC0lmC05T27RlzH5k_wO8geA,25200,2418
한국사 이야기,https://vling.net/channel/UCxvgq-uXoyo5_fWX0VejURA,UCxvgq-uXoyo5_fWX0VejURA,19000,10073
無盡 MooJin Hanvit,https://vling.net/channel/UCfEsGJW5HKom-jh-uP_XGNQ,UCfEsGJW5HKom-jh-uP_XGNQ,13500,223
히든바이블,https://vling.net/channel/UCvBT2nke3xIMhq_ol7GFF3w,UCvBT2nke3xIMhq_ol7GFF3w,22600,23249
마음닦는손오공,https://vling.net/channel/UCJZy46fOOyyrnFe90md4GFg,UCJZy46fOOyyrnFe90md4GFg,17800,411
전설의 만담,https://vling.net/channel/UCFortY_H2K58VZOW8DBsdng,UCFortY_H2K58VZOW8DBsdng,12000,9148
북한이야기TV,https://vling.net/channel/UCo2DxwO50c5W63oaS3HW-IQ,UCo2DxwO50c5W63oaS3HW-IQ,15900,4975
새미래민주당,https://vling.net/channel/UC58ySWAGaH5AxRQCk3XGLzA,UC58ySWAGaH5AxRQCk3XGLzA,51100,2888
프리티윤 pretty yoon,https://vling.net/channel/UCB1cbaiGZBw9ntzD4rFgqiw,UCB1cbaiGZBw9ntzD4rFgqiw,18100,2489
테리눈나 다시보기 Terri Nunna Archive,https://vling.net/channel/UCKDU5gzraMh4OHgTg3LJZeg,UCKDU5gzraMh4OHgTg3LJZeg,11000,1998
RUTCTV,https://vling.net/channel/UCquoY7mZYzen5TDY3Bep8uA,UCquoY7mZYzen5TDY3Bep8uA,45100,11999
다미닉 튜브,https://vling.net/channel/UCJ8ldi8PVz4KN0_qDajUvCw,UCJ8ldi8PVz4KN0_qDajUvCw,22300,6
사주의 신,https://vling.net/channel/UCOCrDoJ2ymUClZRBPuytlzA,UCOCrDoJ2ymUClZRBPuytlzA,44200,13343
평안과위로 Peace and comfort,https://vling.net/channel/UCnRltuVaGEN7HFD6Xf7UPTg,UCnRltuVaGEN7HFD6Xf7UPTg,15700,2362
달그비옛이야기,https://vling.net/channel/UCLe8F5PZs2PCGmPInF7LKTw,UCLe8F5PZs2PCGmPInF7LKTw,11200,8869
사자후,https://vling.net/channel/UChjmDy8WQUSmywCqmjcuiFw,UChjmDy8WQUSmywCqmjcuiFw,49200,3592
두레마을TV,https://vling.net/channel/UCy6YWM7Pay4N5EesNEbTHwA,UCy6YWM7Pay4N5EesNEbTHwA,45700,1915
할세상 할터뷰,https://vling.net/channel/UCATbX8CtKXObzMK2KtfsROw,UCATbX8CtKXObzMK2KtfsROw,157000,10130
정치IN,https://vling.net/channel/UCPv4_gLZ6vg2pM8PfRKwQnA,UCPv4_gLZ6vg2pM8PfRKwQnA,56600,1022
어게인tv,https://vling.net/channel/UCxlQATl5nDMyXLZ2CshFksw,UCxlQATl5nDMyXLZ2CshFksw,31300,7958
이혼전문변호사 조인섭변호사 웹툰,https://vling.net/channel/UCKvNdy-V_MES_p9RjCnfsXA,UCKvNdy-V_MES_p9RjCnfsXA,19800,2201
리투시TV,https://vling.net/channel/UC8WygLRvQlipAyWozP2g0Tw,UC8WygLRvQlipAyWozP2g0Tw,32100,177
도그왜,https://vling.net/channel/UCut6IYr1onGbgOCsjIV0a7Q,UCut6IYr1onGbgOCsjIV0a7Q,10800,76
엠페의 트레저빡스,https://vling.net/channel/UCmAku6STQvTSyx6oojMfa1A,UCmAku6STQvTSyx6oojMfa1A,20800,3807
국방부 - ROK Ministry of National Defense,https://vling.net/channel/UCoreZRRtVpu521wZNJWfUqQ,UCoreZRRtVpu521wZNJWfUqQ,137000,18611
UNICEF KOREA,https://vling.net/channel/UC4JtxeE9Tbe3MpUU24E8GHA,UC4JtxeE9Tbe3MpUU24E8GHA,45500,163416
영성과 지혜,https://vling.net/channel/UCecsGVMAXtSOMhHDmk13vNg,UCecsGVMAXtSOMhHDmk13vNg,54800,3510
바오로딸 Books & Media_바오로딸북스앤미디어,https://vling.net/channel/UCRc7NC-QctelRMn_2dPxnCA,UCRc7NC-QctelRMn_2dPxnCA,36500,497
주오심교회,https://vling.net/channel/UC9bhKM0xsPjUKlAV1Cxa4zQ,UC9bhKM0xsPjUKlAV1Cxa4zQ,24000,2296
대한민국 정치의 눈,https://vling.net/channel/UCNr55NlhUmZqHeFRUyswu4Q,UCNr55NlhUmZqHeFRUyswu4Q,13800,780
죽음의 영역,https://vling.net/channel/UCV51QLHQuLmKKp9ooXTxf2g,UCV51QLHQuLmKKp9ooXTxf2g,25500,19
무속인 선음동,https://vling.net/channel/UCICPdQObbJ5-9SKyq7BVgLQ,UCICPdQObbJ5-9SKyq7BVgLQ,15500,2918
코리아공감,https://vling.net/channel/UCW-o2rc38bIa5_TlLj-zegg,UCW-o2rc38bIa5_TlLj-zegg,48300,2104
조국의봄,https://vling.net/channel/UCkFUVhhHLvyGIKuXOrp-Lkg,UCkFUVhhHLvyGIKuXOrp-Lkg,11200,6860
막장드라마,https://vling.net/channel/UCVs_OqOuoQ5kPSe4Tl6VS4w,UCVs_OqOuoQ5kPSe4Tl6VS4w,35700,51
성세정TV 수상한 여행,https://vling.net/channel/UCckNt6fux2Y6VUHQLSsZzXw,UCckNt6fux2Y6VUHQLSsZzXw,70000,10198
이소영 국회의원,https://vling.net/channel/UCWw2YRY-nQFi6MrFVI30jkA,UCWw2YRY-nQFi6MrFVI30jkA,111000,481
용신장군,https://vling.net/channel/UCbpMN5MpTr3r0Ip1UN04nRw,UCbpMN5MpTr3r0Ip1UN04nRw,27700,3396
보리수 도각사,https://vling.net/channel/UCXmnKrTofwqqxn_SQB42hTQ,UCXmnKrTofwqqxn_SQB42hTQ,24400,1791
생명의말씀선교회 평택교회,https://vling.net/channel/UCvdCk4mYU_SIkL-rQfoteTQ,UCvdCk4mYU_SIkL-rQfoteTQ,10300,545
민주노총,https://vling.net/channel/UCU4NdktSD74pGiz-PJ08B1w,UCU4NdktSD74pGiz-PJ08B1w,59900,2269
명언인생,https://vling.net/channel/UCsPNL09SVlpE815siI2A6dw,UCsPNL09SVlpE815siI2A6dw,13600,699
분당우리교회,https://vling.net/channel/UCBh3Qv-rKu6ZDxEcrio70Hw,UCBh3Qv-rKu6ZDxEcrio70Hw,380000,50871
세이브더칠드런,https://vling.net/channel/UC5VE_KuAtTSLRZaW22nHI4w,UC5VE_KuAtTSLRZaW22nHI4w,210000,28253
장례지도사 김범진,https://vling.net/channel/UCcC2ywB9PWxk1IN9YmHDjbw,UCcC2ywB9PWxk1IN9YmHDjbw,51000,21407
동행복권,https://vling.net/channel/UCEk3VwaA6e4H9TW1vSXOjDA,UCEk3VwaA6e4H9TW1vSXOjDA,28500,429249
Church of God TUBE,https://vling.net/channel/UCygKTjdV8ULvNT2cPANTE9A,UCygKTjdV8ULvNT2cPANTE9A,119000,12107
옥천암관룡스님,https://vling.net/channel/UCax0P1a9sUgoSrCcT71gujg,UCax0P1a9sUgoSrCcT71gujg,36300,2289
국가유공자를 사랑하는 모임,https://vling.net/channel/UCDkt35etnlx6tExSv8xt6bw,UCDkt35etnlx6tExSv8xt6bw,38700,4221
민주파란,https://vling.net/channel/UCfyWphjPVnPcxzoDjGJff7g,UCfyWphjPVnPcxzoDjGJff7g,15100,45588
법륜스님의 희망세상만들기,https://vling.net/channel/UCLjGAm9RZZF1UDXl-ZIf9ww,UCLjGAm9RZZF1UDXl-ZIf9ww,1230000,203119
언승진,https://vling.net/channel/UCcli3vVyMcPLbrvsHJWaDBg,UCcli3vVyMcPLbrvsHJWaDBg,16800,17999
머니그라피 Moneygraphy,https://vling.net/channel/UCwXOKS-z1t9u6Axmm3blXug,UCwXOKS-z1t9u6Axmm3blXug,666000,959853
신바람티비,https://vling.net/channel/UCjBniflu825j2zTJK_g_X7g,UCjBniflu825j2zTJK_g_X7g,52800,1213
Saving Grace,https://vling.net/channel/UC4Rqn0d4HPD4iVA6juJbR1Q,UC4Rqn0d4HPD4iVA6juJbR1Q,21300,235
첫열매들,https://vling.net/channel/UCBgOFlErJ_FthCvoCfxtNUg,UCBgOFlErJ_FthCvoCfxtNUg,86800,126481
임사체험 간증이야기,https://vling.net/channel/UCTuk9d0ZekFtgAbPOQxo0Xw,UCTuk9d0ZekFtgAbPOQxo0Xw,24800,2458
퍼니이슈,https://vling.net/channel/UCMyIdd9yLmLv2UuIskCK7Qg,UCMyIdd9yLmLv2UuIskCK7Qg,39800,98023
HMBC,https://vling.net/channel/UCHFR84nup5zCrmM384wbBDQ,UCHFR84nup5zCrmM384wbBDQ,116000,132997
영산회,https://vling.net/channel/UCgihbdRe9G5OEJyk9mIN3Kw,UCgihbdRe9G5OEJyk9mIN3Kw,43500,687
천선암경기도 광주 / 애동제자 / 010-9810-2494,https://vling.net/channel/UC_5q2iBoG7GUUDQA9lSaAnA,UC_5q2iBoG7GUUDQA9lSaAnA,39400,1317
文睿TV,https://vling.net/channel/UCqUi5uLJN3VzyBsn4rJtRaA,UCqUi5uLJN3VzyBsn4rJtRaA,33400,2572
隣国のおじさん,https://vling.net/channel/UC27X_qQYvU6vhOUcFj55NdA,UC27X_qQYvU6vhOUcFj55NdA,27300,24773
운빨사주,https://vling.net/channel/UCANYmmtBqXOXlPT4FPj6aqg,UCANYmmtBqXOXlPT4FPj6aqg,20500,3279
오늘의 운세TV,https://vling.net/channel/UCVuZ0Y7mLfpJ1W69dkEKCuw,UCVuZ0Y7mLfpJ1W69dkEKCuw,10300,22
보현스님TV,https://vling.net/channel/UCM8EBz9VPlR_tUVzTLrOCww,UCM8EBz9VPlR_tUVzTLrOCww,201000,6187
문사탐,https://vling.net/channel/UCVH29TDOzmKPZQegdIowWKw,UCVH29TDOzmKPZQegdIowWKw,43700,2199
NC문화재단,https://vling.net/channel/UCrmV7fabwU59QR1YUsg4I5g,UCrmV7fabwU59QR1YUsg4I5g,11800,528
UNESCO ICHCAP 유네스코아태무형유산센터,https://vling.net/channel/UCBQR7qEOWScPPnSGo-y1vGg,UCBQR7qEOWScPPnSGo-y1vGg,12800,991
해천당 이도령,https://vling.net/channel/UCqN5A4KMovqcg6sAdMM63Fw,UCqN5A4KMovqcg6sAdMM63Fw,12700,1318
Korean Lens,https://vling.net/channel/UCqvF3VofCFaWO1N91DS-uyw,UCqvF3VofCFaWO1N91DS-uyw,27000,1076
대국당 용해장군,https://vling.net/channel/UCdhMFn8cyCwFs_dFyEcXg2g,UCdhMFn8cyCwFs_dFyEcXg2g,12700,2884
신승목 TV,https://vling.net/channel/UCuO5x2_6tHMfnPW-i43zl6g,UCuO5x2_6tHMfnPW-i43zl6g,31400,173
CALLING GOD 콜링갓,https://vling.net/channel/UC1zRfFtqRWDZokdBl1jG0pw,UC1zRfFtqRWDZokdBl1jG0pw,85400,2452
정치123,https://vling.net/channel/UCK3taoieImrr565kkbl2ppA,UCK3taoieImrr565kkbl2ppA,13700,850
길위의 선객 탄명스님,https://vling.net/channel/UCdWpijG5eeUO1ukFNtDyjXg,UCdWpijG5eeUO1ukFNtDyjXg,12100,591
구슬동자윤도령,https://vling.net/channel/UCrLT0MVvKlDjhN5V9MKt39Q,UCrLT0MVvKlDjhN5V9MKt39Q,42200,5398
갈상돈TV,https://vling.net/channel/UCp72hyxeYtcll_gVKs91sxw,UCp72hyxeYtcll_gVKs91sxw,21500,1154
라이트하우스무브먼트 LighthouseMovement ,https://vling.net/channel/UCzSGltgUpGXFY_UgRDGaLaQ,UCzSGltgUpGXFY_UgRDGaLaQ,25000,2470
Creative Den,https://vling.net/channel/UCWAFtWIMxR_Qpjh_sWbmwyA,UCWAFtWIMxR_Qpjh_sWbmwyA,306000,84171
광주교회 Official,https://vling.net/channel/UCnRdHj745lc1tQP_gDR8YdQ,UCnRdHj745lc1tQP_gDR8YdQ,13200,1870
새로운교회,https://vling.net/channel/UCleQy_Mav1ywNYA41o4pRwQ,UCleQy_Mav1ywNYA41o4pRwQ,30300,1445
말씀리뷰,https://vling.net/channel/UCrHycAyeEO7M8QwkIJB1dAQ,UCrHycAyeEO7M8QwkIJB1dAQ,75800,12169
InterCP International Mission Camp,https://vling.net/channel/UCGbMk-lVcRnGtLqldUJ1FYA,UCGbMk-lVcRnGtLqldUJ1FYA,27600,2353
코리안드림 포커스 | Korean Dream Focus,https://vling.net/channel/UCxkXXExUN4vS4vPQFwQttZA,UCxkXXExUN4vS4vPQFwQttZA,16400,2375
새에덴교회(saeeden),https://vling.net/channel/UCapBxZyEfCAjx0udd3DWsgQ,UCapBxZyEfCAjx0udd3DWsgQ,63800,14929
덕천암 석정,https://vling.net/channel/UCdZ1aFbEp3O73HyM5tPuEzg,UCdZ1aFbEp3O73HyM5tPuEzg,144000,31392
법화림TV,https://vling.net/channel/UCYRU3EY8fRE1q_woQEmXIBA,UCYRU3EY8fRE1q_woQEmXIBA,19700,1348
우리공화당LIVE,https://vling.net/channel/UCzB6hqKC3euluK0rjtdmdQQ,UCzB6hqKC3euluK0rjtdmdQQ,146000,4776
고대감,https://vling.net/channel/UCC4R2T8oBcqSO0qyu91Rgzg,UCC4R2T8oBcqSO0qyu91Rgzg,23600,4504
탑골사연공원,https://vling.net/channel/UCjgM7Q280TRWOHmDT6Nr34A,UCjgM7Q280TRWOHmDT6Nr34A,17800,105
"Exhibition ON, Church of God",https://vling.net/channel/UCPsuu5vl-2cHKkYI-wvug5w,UCPsuu5vl-2cHKkYI-wvug5w,53200,1252
TV홍카콜라,https://vling.net/channel/UCfmicRK2-WdZMVQDrfcitLA,UCfmicRK2-WdZMVQDrfcitLA,742000,15763
무당 김은혜,https://vling.net/channel/UCgk4ZxZUTMepvqNTHyQaMlA,UCgk4ZxZUTMepvqNTHyQaMlA,15500,1834
사이다뉴스,https://vling.net/channel/UCZjXx6DOXUzgUZBtOdvoPjQ,UCZjXx6DOXUzgUZBtOdvoPjQ,28900,12754
발빠른튜브,https://vling.net/channel/UCLJksJSP3NHo7P1jqn-c1fw,UCLJksJSP3NHo7P1jqn-c1fw,14800,320702
히즈윌 HisWill Official,https://vling.net/channel/UCky3SPg9kg32B-jdZ8VVWpA,UCky3SPg9kg32B-jdZ8VVWpA,48300,11182
이정호 TV.토오후4시.하늘의영광보좌,https://vling.net/channel/UCIEc0IxH6ZKWEt4FcAsg3Xw,UCIEc0IxH6ZKWEt4FcAsg3Xw,35700,347
이데닉 라이프 Edenic Life,https://vling.net/channel/UCkvN1F1z-3Ck-miZn-jupSg,UCkvN1F1z-3Ck-miZn-jupSg,35400,2559
불광튜브,https://vling.net/channel/UC2CherVPJ74mghiQRwuEUnw,UC2CherVPJ74mghiQRwuEUnw,12500,5242
연세중앙교회 Yonsei Central Church,https://vling.net/channel/UCxpCUGw1ESBlYWrI57RqoGg,UCxpCUGw1ESBlYWrI57RqoGg,133000,20351
"외교부 Ministry of Foreign Affairs, Korea",https://vling.net/channel/UCwRFj9gC3meixU8fqKJdgxA,UCwRFj9gC3meixU8fqKJdgxA,97600,2056
서울드림교회,https://vling.net/channel/UCqiK2ueYzLrH-7TlxM9kQ2Q,UCqiK2ueYzLrH-7TlxM9kQ2Q,12100,2496
Pastor Pablo Shin (신재훈),https://vling.net/channel/UCFQ9qlqWHqwASTBT2XmSZLQ,UCFQ9qlqWHqwASTBT2XmSZLQ,10400,788
잘자샘,https://vling.net/channel/UCY2Td2vcSsYtMCuDiADC20Q,UCY2Td2vcSsYtMCuDiADC20Q,216000,50240
정토불교대학,https://vling.net/channel/UCQNoxpg_q2sHKIOScA9UepQ,UCQNoxpg_q2sHKIOScA9UepQ,24200,2792
7000 미라클,https://vling.net/channel/UCDwBgvIfLRQc3yqGRWaNgDQ,UCDwBgvIfLRQc3yqGRWaNgDQ,21000,3742
국가유공자 라디오,https://vling.net/channel/UCZ4TBQSB1POcb8nf-H5_G1w,UCZ4TBQSB1POcb8nf-H5_G1w,10600,3604
아웃캐스트,https://vling.net/channel/UCYqEYLmHyAIUvUdFya8-uLQ,UCYqEYLmHyAIUvUdFya8-uLQ,24000,68450
미미상인 mimisangin,https://vling.net/channel/UCMwv4_GnA-3bcA893rPUSow,UCMwv4_GnA-3bcA893rPUSow,46100,7283
세상의 모든 브랜드 이야기,https://vling.net/channel/UCI0Xv3ycP-BWr05deDZBvVg,UCI0Xv3ycP-BWr05deDZBvVg,30100,3554
이상한 가족,https://vling.net/channel/UCX7OZ_yjsnKSuz6Kg1WYo2Q,UCX7OZ_yjsnKSuz6Kg1WYo2Q,20200,2531
감동 후라이,https://vling.net/channel/UCc3X6CdRsMZVJVMEBrr7Mqg,UCc3X6CdRsMZVJVMEBrr7Mqg,19700,16162
청춘은안단테,https://vling.net/channel/UC0XZUIhY5aFO6Y8k23rlU9g,UC0XZUIhY5aFO6Y8k23rlU9g,10400,14230
오천만 사연,https://vling.net/channel/UC-Y-bh9ZLN_cw_Lm4Ynnlrw,UC-Y-bh9ZLN_cw_Lm4Ynnlrw,32200,16698
정치픽,https://vling.net/channel/UCYMukNXgYDCaJUYuW-IDQMw,UCYMukNXgYDCaJUYuW-IDQMw,37800,3599
슬기로운 기도생활,https://vling.net/channel/UCHvRjUK74vI91zlgTIhlsmA,UCHvRjUK74vI91zlgTIhlsmA,78200,13728
태을천황,https://vling.net/channel/UCGEu1Teaxlto3_CUUl_l_Yw,UCGEu1Teaxlto3_CUUl_l_Yw,13800,286
정치소담,https://vling.net/channel/UCtdZvDm8VSjucp9ZRezb8tg,UCtdZvDm8VSjucp9ZRezb8tg,49200,3623
역쟁이TV,https://vling.net/channel/UCn08VTUFQU0YVTPjZub6nXA,UCn08VTUFQU0YVTPjZub6nXA,164000,74706
이거 누가 만들었어?,https://vling.net/channel/UCwXeKxnVMcKz-qr6s4nWzIQ,UCwXeKxnVMcKz-qr6s4nWzIQ,19800,262
심플로또,https://vling.net/channel/UCPHVjQjX1ru_TUm0VMI7KVQ,UCPHVjQjX1ru_TUm0VMI7KVQ,13400,2262
교양의 시대,https://vling.net/channel/UCM0h5eNMPQTyZibB9GtW3yA,UCM0h5eNMPQTyZibB9GtW3yA,98400,2828
"사랑해요 하나님(하나님,성경말씀,설교)",https://vling.net/channel/UC1r69UTl24hAQXGOapfFYyQ,UC1r69UTl24hAQXGOapfFYyQ,11400,2335
제이컴퍼니_정치시사,https://vling.net/channel/UCZcKfUzxlBXNyAX_mVRTTlQ,UCZcKfUzxlBXNyAX_mVRTTlQ,199000,13749
문학광장,https://vling.net/channel/UCu_kTdeO4oLvj62QMkDNLXA,UCu_kTdeO4oLvj62QMkDNLXA,13600,1188
경제학의 모든것,https://vling.net/channel/UCHwWbDRUGtHlxs2nokYzf3A,UCHwWbDRUGtHlxs2nokYzf3A,47800,79
국립현대미술관 MMCA,https://vling.net/channel/UCzjCoCi2g2_kWhQusUOYF5w,UCzjCoCi2g2_kWhQusUOYF5w,79200,3361
Bandi,https://vling.net/channel/UCj2pbscMrEhydLnM8k0zQyw,UCj2pbscMrEhydLnM8k0zQyw,11000,548
안호성 목사의 설교 TV,https://vling.net/channel/UCewDv6NIq_4aJ8F9PdY1HDA,UCewDv6NIq_4aJ8F9PdY1HDA,19700,1288
부추연TV,https://vling.net/channel/UCy7i39UNvHunRZ4xXukP3aQ,UCy7i39UNvHunRZ4xXukP3aQ,61100,1624
뉴사이드,https://vling.net/channel/UCudezj2i6R94QOPqGJhbZwg,UCudezj2i6R94QOPqGJhbZwg,685000,57999
전농TV,https://vling.net/channel/UCCyekoQIkOuw7oPPgvROa-Q,UCCyekoQIkOuw7oPPgvROa-Q,29200,54
시민참여방송,https://vling.net/channel/UCBN3MgSMKvaatzb_qkG09rg,UCBN3MgSMKvaatzb_qkG09rg,30600,7751
이안(易安)인문명리연구소,https://vling.net/channel/UCJ_b0m9H3VQq-wMgEVTBeZQ,UCJ_b0m9H3VQq-wMgEVTBeZQ,42600,5035
예언과 해석,https://vling.net/channel/UCkmESE_2S-6rtHAPmAWFTwQ,UCkmESE_2S-6rtHAPmAWFTwQ,29500,879
"두란노 공식 채널, 두란노북스",https://vling.net/channel/UCArsbER8z4kkdttiBGI83RA,UCArsbER8z4kkdttiBGI83RA,40400,2097
신궁 예당만신TV,https://vling.net/channel/UCgon56aOD1m_177bgysnRPw,UCgon56aOD1m_177bgysnRPw,14000,951
한마음선원Hanmaum Seonwon,https://vling.net/channel/UC_qHnNOKsd5y75bSjCpFYmQ,UC_qHnNOKsd5y75bSjCpFYmQ,24600,5182
전수미TV,https://vling.net/channel/UCjbKlfGfaF_1ALgFl8jk2hg,UCjbKlfGfaF_1ALgFl8jk2hg,12000,1483
돌고 도는 시월드,https://vling.net/channel/UCmbkCrQVOX6XXz7b3IHJ_iA,UCmbkCrQVOX6XXz7b3IHJ_iA,155000,22032
수염아재,https://vling.net/channel/UCO45hBBmzZc-ZLT7n3m4PGA,UCO45hBBmzZc-ZLT7n3m4PGA,25400,30
천주교 서울대교구 사목국,https://vling.net/channel/UCZOv1gGSbsCm-z56XwiMYDQ,UCZOv1gGSbsCm-z56XwiMYDQ,28500,1439
안협소,https://vling.net/channel/UCYYqb06Ym3aeubtHFwA4ECg,UCYYqb06Ym3aeubtHFwA4ECg,544000,73986
TV나라사랑,https://vling.net/channel/UCCEbX3VmxVLeuGkM-XNTvNw,UCCEbX3VmxVLeuGkM-XNTvNw,39400,2153
지노프레이즈 ZINOPRAISE,https://vling.net/channel/UCe9mXrQkew2LyqSYlJ4quPg,UCe9mXrQkew2LyqSYlJ4quPg,11200,1426
감동대한민국,https://vling.net/channel/UCrIBGe2V01x4KMe8r_nPRlQ,UCrIBGe2V01x4KMe8r_nPRlQ,10700,521
쉬는시간,https://vling.net/channel/UCChCGzA-yKpyDH7vSvBJoIA,UCChCGzA-yKpyDH7vSvBJoIA,62900,22357
영웅TV : 김문훈 목사,https://vling.net/channel/UCcEklVfHLZSwFAnAoy6BgnQ,UCcEklVfHLZSwFAnAoy6BgnQ,60500,23598
이화꽃대신,https://vling.net/channel/UCzGAd8pF5Je7DiXblqzhNkA,UCzGAd8pF5Je7DiXblqzhNkA,28300,1409
만신장군 명인 김성주 선생님,https://vling.net/channel/UChP-klXIX1dzQELy-RGyf-A,UChP-klXIX1dzQELy-RGyf-A,22100,796
기묘한 밤,https://vling.net/channel/UC_SgaM1zbb1Mibnsp6J0fJA,UC_SgaM1zbb1Mibnsp6J0fJA,1090000,233922
고병찬TV,https://vling.net/channel/UCPoa7pl3y-Wudlwz0x6hgkA,UCPoa7pl3y-Wudlwz0x6hgkA,27300,128
만나워십,https://vling.net/channel/UCF562uDvgi9B5cXpp5QBVjg,UCF562uDvgi9B5cXpp5QBVjg,93900,8860
국가인권위원회,https://vling.net/channel/UCoeG4QtnNXXeMEU94cUBihA,UCoeG4QtnNXXeMEU94cUBihA,45800,1230
충격통,https://vling.net/channel/UCY1n0x0gPlpUwx00NcGEDxw,UCY1n0x0gPlpUwx00NcGEDxw,22800,9528
"Newsong, Church of God",https://vling.net/channel/UCMGEd5kKEwErD4M17ujsSEQ,UCMGEd5kKEwErD4M17ujsSEQ,142000,42201
홍익학당,https://vling.net/channel/UCI8HW08rOSlvweOjJ9Gp2Ng,UCI8HW08rOSlvweOjJ9Gp2Ng,161000,13398
Dark Crime,https://vling.net/channel/UCJGGuxqVTkMIU4J2G_SiE_A,UCJGGuxqVTkMIU4J2G_SiE_A,29100,16518
갓쇼의 톡툰,https://vling.net/channel/UCIyCuNLXToRkyBHu1gRbxGQ,UCIyCuNLXToRkyBHu1gRbxGQ,85100,79460
UNDER 73 STUDIO,https://vling.net/channel/UChGHoVjZwiPAH2gOpHspR4Q,UChGHoVjZwiPAH2gOpHspR4Q,61100,63019
이마르띠노,https://vling.net/channel/UCgsJIfzG-OmnY8O8rFZjtUQ,UCgsJIfzG-OmnY8O8rFZjtUQ,31400,12034
삼송제일교회 The first of samsong Church,https://vling.net/channel/UCKihLFs1j7iM5lvduT7ILMA,UCKihLFs1j7iM5lvduT7ILMA,10900,1795
홍영웅의 사건파일,https://vling.net/channel/UCVjl77IKoC9fjmD7zODn4kw,UCVjl77IKoC9fjmD7zODn4kw,17400,44513
마음 정거장,https://vling.net/channel/UCDL5vp0_vkUG2mGlNXOpPug,UCDL5vp0_vkUG2mGlNXOpPug,13900,39660
고요한울림,https://vling.net/channel/UCaSMTZKTYjyPF2V5Y8AgDtg,UCaSMTZKTYjyPF2V5Y8AgDtg,27000,895
겸손기도 신부[가톨릭],https://vling.net/channel/UCfKgRiF00QRrY-zFO28Dlzg,UCfKgRiF00QRrY-zFO28Dlzg,28100,4605
KFN,https://vling.net/channel/UCXNMgSZqmfX1_K8Uf4l4sog,UCXNMgSZqmfX1_K8Uf4l4sog,1060000,342989
세계로교회,https://vling.net/channel/UCdyL69IH7WHJHOGhtejC8bQ,UCdyL69IH7WHJHOGhtejC8bQ,136000,29551
애기씨당,https://vling.net/channel/UC_Kh-qgPAZ8QFnGjtytArKQ,UC_Kh-qgPAZ8QFnGjtytArKQ,11300,758
미국시골목사,https://vling.net/channel/UCcg5HitJyM35QW0ROPJaRtA,UCcg5HitJyM35QW0ROPJaRtA,16200,6243
[판사의 마음] 판사출신 문유진 변호사,https://vling.net/channel/UCDat02pvrCcXdOo9801lAow,UCDat02pvrCcXdOo9801lAow,104000,8971
우리들의 생활정치,https://vling.net/channel/UCyFQ_ltNR2STsc7YNNyzUjA,UCyFQ_ltNR2STsc7YNNyzUjA,258000,19332
消えた時間,https://vling.net/channel/UCF5tmaIKfz-5weHew7BH5zg,UCF5tmaIKfz-5weHew7BH5zg,10500,30704
 동홍천교회 나단 김정환 목사 TV  ,https://vling.net/channel/UC_bM3osZIFYPTsK20Dd2Vug,UC_bM3osZIFYPTsK20Dd2Vug,11500,57866
내가 매일 기쁘게,https://vling.net/channel/UCJc0AUs6kbwzy23DGyERahg,UCJc0AUs6kbwzy23DGyERahg,283000,26676
민성사무당하림,https://vling.net/channel/UClx1myM2XDI1Kl7ZOOMm3FA,UClx1myM2XDI1Kl7ZOOMm3FA,22900,3345
무의식연구소,https://vling.net/channel/UCVhFJyAHl6FvaRI26G62ZFQ,UCVhFJyAHl6FvaRI26G62ZFQ,122000,13619
사)부산성시화운동본부,https://vling.net/channel/UCJ7nyeked8jHUhVZR7uWS1w,UCJ7nyeked8jHUhVZR7uWS1w,13000,182
그사랑,https://vling.net/channel/UCiyZpjKmMWdOZzKKMmLqK1Q,UCiyZpjKmMWdOZzKKMmLqK1Q,19800,1981
오산리최자실기념금식기도원,https://vling.net/channel/UCKMaWEbhER_7WtsDpn8ZR2g,UCKMaWEbhER_7WtsDpn8ZR2g,50500,4675
하현재TV,https://vling.net/channel/UCyNsQI4_mdsaH3ECL8-w19Q,UCyNsQI4_mdsaH3ECL8-w19Q,17500,15235
chungwoon church,https://vling.net/channel/UCqo701psl90ou0bQOADLqyQ,UCqo701psl90ou0bQOADLqyQ,11800,2487
KMIB,https://vling.net/channel/UCSuuVcF9lix5dwFmAPkHE-g,UCSuuVcF9lix5dwFmAPkHE-g,183000,14876
DHHC 하늘소망교회,https://vling.net/channel/UCZzkGDRI4xP5WfLc33htN1w,UCZzkGDRI4xP5WfLc33htN1w,14600,1340
성령 안의 삶(성령쇄신) - 한프란치스카,https://vling.net/channel/UC-4V6KB881maMQHPJVI7LXA,UC-4V6KB881maMQHPJVI7LXA,11300,136
노금채TV2,https://vling.net/channel/UCYUpffQpzjrmWnjR3gLjahA,UCYUpffQpzjrmWnjR3gLjahA,17900,603
맑고 향기롭게 길상사,https://vling.net/channel/UCNH3uANrJxm8yUSByOONL1Q,UCNH3uANrJxm8yUSByOONL1Q,14100,1435
지릿지릿,https://vling.net/channel/UCiWnCbb9k3ZbirIIbwncjrw,UCiWnCbb9k3ZbirIIbwncjrw,86300,20566
감동쓰나미,https://vling.net/channel/UCCcouVtd0bGzsn9mM1EeBNw,UCCcouVtd0bGzsn9mM1EeBNw,16300,1622
이방인의 한국살이,https://vling.net/channel/UCZISSAMFewWQRGO_rDbec2g,UCZISSAMFewWQRGO_rDbec2g,19900,37407
변변TV 이혼전문여성변호사 변경민,https://vling.net/channel/UCmkTYZWN8YjRf7QUwKGc-3Q,UCmkTYZWN8YjRf7QUwKGc-3Q,20400,2701
Кайрос ТВ,https://vling.net/channel/UClMEQRaRCEubR_wmxdwHqqg,UClMEQRaRCEubR_wmxdwHqqg,10800,2171
결혼전문가 김경애,https://vling.net/channel/UCUydSSjERldLmbZuLrZZpcg,UCUydSSjERldLmbZuLrZZpcg,14600,1063
현대종교TV,https://vling.net/channel/UCVD1v8tXTlX98fX6t0ObdVw,UCVD1v8tXTlX98fX6t0ObdVw,29200,1709
오세훈TV,https://vling.net/channel/UCiaz5apWE3XBKRTAqBsx-zw,UCiaz5apWE3XBKRTAqBsx-zw,166000,6113
닥쳐라정치,https://vling.net/channel/UCHeyp-ksPvSH6faR8VrO21Q,UCHeyp-ksPvSH6faR8VrO21Q,325000,91745
신촌성결교회,https://vling.net/channel/UCcGkobjI9S3VjDFOil7AYUQ,UCcGkobjI9S3VjDFOil7AYUQ,17700,2837
운정참존교회,https://vling.net/channel/UCkOkgVhksDPR3vdCjflq2aQ,UCkOkgVhksDPR3vdCjflq2aQ,166000,14004
해양경찰청,https://vling.net/channel/UCl6GW0nhB6UIL05h2oF3vRA,UCl6GW0nhB6UIL05h2oF3vRA,21800,2598
오박사 솔루션,https://vling.net/channel/UCr-KZJW-vlmAnfjUw56Jsrg,UCr-KZJW-vlmAnfjUw56Jsrg,31100,2705
공셸TV,https://vling.net/channel/UCWxjiGSVrwU4rbSxEMBIZiA,UCWxjiGSVrwU4rbSxEMBIZiA,45300,2529
강남중앙교회,https://vling.net/channel/UCiNarmdxvjYmkpmnt8yRYsg,UCiNarmdxvjYmkpmnt8yRYsg,27500,11581
한방언니,https://vling.net/channel/UCnPG3kj0a_yls_LWRrTSewA,UCnPG3kj0a_yls_LWRrTSewA,415000,517329
큐티엠,https://vling.net/channel/UCoRGlo0c2iLO6E11O4TFyPw,UCoRGlo0c2iLO6E11O4TFyPw,79400,22124
덕분TV,https://vling.net/channel/UCq4IYvIXWeoEaNxSgxBqKww,UCq4IYvIXWeoEaNxSgxBqKww,292000,47978
코리아원더풀,https://vling.net/channel/UCRKxKTfWwWDkH-xsiVPjaRA,UCRKxKTfWwWDkH-xsiVPjaRA,90900,36531
코리아주모,https://vling.net/channel/UCZpsZ57htcg9hxtIWG01oug,UCZpsZ57htcg9hxtIWG01oug,75500,7156
가든국제결혼(인생은10차선),https://vling.net/channel/UCAOWqcG6ioaMj5XeAgMqQ5g,UCAOWqcG6ioaMj5XeAgMqQ5g,10000,1182
AMD미디어,https://vling.net/channel/UCEkvJ4es19IG7NpbMQUygFg,UCEkvJ4es19IG7NpbMQUygFg,57000,52226
제칠일안식일예수재림교회,https://vling.net/channel/UCF8IMoyVeAPlcRU3V3B3jeA,UCF8IMoyVeAPlcRU3V3B3jeA,22300,8503
010.7202.0675 TV칠성정사,https://vling.net/channel/UCi5_3sZfbjXV_iZlgTywcIA,UCi5_3sZfbjXV_iZlgTywcIA,13800,2862
이철은NK TV,https://vling.net/channel/UCSMpUVJquw1QsdnOMnlTt2g,UCSMpUVJquw1QsdnOMnlTt2g,127000,49266
널 위한 문화예술,https://vling.net/channel/UCZr3cu75jx6Sz-6KRQ50ySA,UCZr3cu75jx6Sz-6KRQ50ySA,446000,38615
HEB방송,https://vling.net/channel/UCeoCmEOb7eST82Q7OE8U26A,UCeoCmEOb7eST82Q7OE8U26A,237000,28040
센터필드 CenterField,https://vling.net/channel/UCOiIqb7QPJaN7Fr3gzJa09w,UCOiIqb7QPJaN7Fr3gzJa09w,25300,20536
해신암,https://vling.net/channel/UCjcARtURtpSmaMV8rUKBCQA,UCjcARtURtpSmaMV8rUKBCQA,38400,4542
통일시대TV,https://vling.net/channel/UCQiQNOIqZAdrsSnOHEfgtMQ,UCQiQNOIqZAdrsSnOHEfgtMQ,14200,9395
온누리교회 여성사역,https://vling.net/channel/UCWQY8HC94kq9YT9VbC6N3mg,UCWQY8HC94kq9YT9VbC6N3mg,15000,523
우리는교회,https://vling.net/channel/UCSFW3SEUXWvKFzRO0pHT9mQ,UCSFW3SEUXWvKFzRO0pHT9mQ,46400,8540
평산책방,https://vling.net/channel/UCZs4JB7TzuOiKmPrCXQ3Gyg,UCZs4JB7TzuOiKmPrCXQ3Gyg,47200,7570
정준희의 해시티비,https://vling.net/channel/UCt77qfhriWeDMbSNft8bdHQ,UCt77qfhriWeDMbSNft8bdHQ,201000,23461
나빨TV,https://vling.net/channel/UCj1UYz0tDaoBVd8fLpI9Qeg,UCj1UYz0tDaoBVd8fLpI9Qeg,62400,440
청춘의목소리,https://vling.net/channel/UCOhF781GjxYius4NN-7hiXw,UCOhF781GjxYius4NN-7hiXw,63300,372038
장경동 티비교회 Chang Kyung Dong Media Church,https://vling.net/channel/UCkoVP0f0H5ZvXkvN8RypKNw,UCkoVP0f0H5ZvXkvN8RypKNw,96300,8071
ANOINTING 화양교회,https://vling.net/channel/UCd2cL2bgCRuaLRwEQF2Mxzw,UCd2cL2bgCRuaLRwEQF2Mxzw,17200,4092
BBS 플러스,https://vling.net/channel/UCMMYnnrJSB1c-1-uHdeR1MQ,UCMMYnnrJSB1c-1-uHdeR1MQ,18400,320
개장호 팟캐스트,https://vling.net/channel/UC8w6JV0B60_alM-u2lvL4qA,UC8w6JV0B60_alM-u2lvL4qA,12200,23879
주백의 영역전개,https://vling.net/channel/UC2uZSz_DY57Vu10Ca5giYHg,UC2uZSz_DY57Vu10Ca5giYHg,20900,172938
열일곱이다 - 가톨릭 찬양크루,https://vling.net/channel/UCMw4eAUqRsBBdx7oxPFSc2A,UCMw4eAUqRsBBdx7oxPFSc2A,140000,18690
정치끝장전,https://vling.net/channel/UCyXlZdeDbrTlyEFDQJ8xnug,UCyXlZdeDbrTlyEFDQJ8xnug,16900,61558
경산중앙교회,https://vling.net/channel/UCK3Q4MGiowIcDX8Y0vPI5HQ,UCK3Q4MGiowIcDX8Y0vPI5HQ,20200,7091
범산스님의 할TV,https://vling.net/channel/UCJS92uFeSxvDzKJMRUi2LRg,UCJS92uFeSxvDzKJMRUi2LRg,34200,2066
여의도블루스,https://vling.net/channel/UCzv5MFX6-pU5n58eJtHuEbA,UCzv5MFX6-pU5n58eJtHuEbA,36900,72857
인생변호사 - 검사출신 형사전문변호사,https://vling.net/channel/UCVKni0FgB1zsXi1j_uQ0Iyg,UCVKni0FgB1zsXi1j_uQ0Iyg,207000,74598
여의도너머,https://vling.net/channel/UCIDNr5dMPYQwwklOqJRUvWw,UCIDNr5dMPYQwwklOqJRUvWw,69000,173337
rosario이상각 신부,https://vling.net/channel/UCtTFREOPRVXkdLAE5lqhFHQ,UCtTFREOPRVXkdLAE5lqhFHQ,37500,1112
대구동신교회,https://vling.net/channel/UCuWebi6hqVRFsvb6UmWr9Qg,UCuWebi6hqVRFsvb6UmWr9Qg,19600,6731
구슬동자 윤도령,https://vling.net/channel/UCwWXZfDeguSG_J79vsPXvOA,UCwWXZfDeguSG_J79vsPXvOA,36200,10687
총리실TV,https://vling.net/channel/UCbdeHam35cqnRNdVT3Y0ldg,UCbdeHam35cqnRNdVT3Y0ldg,32000,54905
한국경배교회,https://vling.net/channel/UCSCCzOVekxJ-5CKuxhaRz3g,UCSCCzOVekxJ-5CKuxhaRz3g,35700,137
최한욱TV,https://vling.net/channel/UCcfnM_fIX1Q_ikHV7dbGI_w,UCcfnM_fIX1Q_ikHV7dbGI_w,66500,72241
번개탄TV,https://vling.net/channel/UCFTQkZ7vqcWjPkN4KeEyHdw,UCFTQkZ7vqcWjPkN4KeEyHdw,34100,1895
상당교회SDTV,https://vling.net/channel/UC7EmCHrdRg1wwuzS5VnAE3Q,UC7EmCHrdRg1wwuzS5VnAE3Q,36600,2343
스팍TV,https://vling.net/channel/UCeQKlCS0hnyWdlbiMq_fjiQ,UCeQKlCS0hnyWdlbiMq_fjiQ,11200,426
용산구청,https://vling.net/channel/UCGsZ-8EHKTrkotIuumnz3rw,UCGsZ-8EHKTrkotIuumnz3rw,16500,3906
POD CHURCH(Parade of David),https://vling.net/channel/UCfyiliqIR3tOvOja_idj7Cw,UCfyiliqIR3tOvOja_idj7Cw,49300,12894
박상규의 직설,https://vling.net/channel/UCdj_kd5oReDlStFJz3K199Q,UCdj_kd5oReDlStFJz3K199Q,48300,13463
황해도만신 정도령 ,https://vling.net/channel/UCNzo-eUERlJ3xEJu0uc224w,UCNzo-eUERlJ3xEJu0uc224w,16900,1051
"두란노 공식채널, 큐티&매거진",https://vling.net/channel/UCIgcgNUcM8U04aEK1ZbNBnA,UCIgcgNUcM8U04aEK1ZbNBnA,13700,445
송영길TV,https://vling.net/channel/UC6Swqra8BqePCs1ymFCdDMQ,UC6Swqra8BqePCs1ymFCdDMQ,232000,21862
쉬기날기,https://vling.net/channel/UC6BzO1MokTXD_7vcTLSBSyQ,UC6BzO1MokTXD_7vcTLSBSyQ,13300,2227
[유명한점집]경희궁 TV,https://vling.net/channel/UCh3mIfxY1J-6k5QBKqs_hog,UCh3mIfxY1J-6k5QBKqs_hog,28900,2357
예수동행(위지엠),https://vling.net/channel/UCDwDZlwDblLU7v7Jq_px89w,UCDwDZlwDblLU7v7Jq_px89w,59100,9791
독도 코리아 Dokdo Korea,https://vling.net/channel/UCVfBrS1H2crOZHjf2I1mv0A,UCVfBrS1H2crOZHjf2I1mv0A,64600,91077
"열방제자교회,강한용사들TV",https://vling.net/channel/UCiHDvTX-bADmo9fDE4wApTw,UCiHDvTX-bADmo9fDE4wApTw,37500,1159
미추홀구 미추홀릭TV,https://vling.net/channel/UCundQNi3sRRRdqAbiyEi-vw,UCundQNi3sRRRdqAbiyEi-vw,11500,1310
왓더캅,https://vling.net/channel/UCo4mWF_AmP2u9UsGLEuA8gw,UCo4mWF_AmP2u9UsGLEuA8gw,15800,4526
정변TV : (법무법인DH),https://vling.net/channel/UCCsz8A7Ur8gH3CkHwY_LQZA,UCCsz8A7Ur8gH3CkHwY_LQZA,15400,1277
복음소금,https://vling.net/channel/UCgafvb8sKcePPHbIo9WXjPg,UCgafvb8sKcePPHbIo9WXjPg,43400,16961
정법전TV,https://vling.net/channel/UC21hzjXICz_dgXgLXJ1uEKw,UC21hzjXICz_dgXgLXJ1uEKw,405000,217637
홍당무계,https://vling.net/channel/UCsu6SMg39zIcmyDcxL5RbJA,UCsu6SMg39zIcmyDcxL5RbJA,12100,101786
안전한국훈련,https://vling.net/channel/UCr-SiBaekrT9PGNkNv_eeGg,UCr-SiBaekrT9PGNkNv_eeGg,10400,538
해결하는 변호사 송현영,https://vling.net/channel/UCthvY96ExzLeuyfSpG_yKcA,UCthvY96ExzLeuyfSpG_yKcA,80500,29299
Eighth Army,https://vling.net/channel/UC3eKnVavq7CYAh9e0AleYlw,UC3eKnVavq7CYAh9e0AleYlw,15300,568
이한규TV,https://vling.net/channel/UCgaGmMIh68VMb2mcVfvtvtg,UCgaGmMIh68VMb2mcVfvtvtg,12100,3043
대한민국 병무청 (청춘예찬),https://vling.net/channel/UC3PdND6r4mRtoAgp59jfbDg,UC3PdND6r4mRtoAgp59jfbDg,62300,86317
크라임토크,https://vling.net/channel/UC3RmDQ9A6cEh2CHI7u2GU2Q,UC3RmDQ9A6cEh2CHI7u2GU2Q,48200,25197
Phantom Hearts(팬텀하츠),https://vling.net/channel/UC3MeAsOcP9VD0mhdaCIvJsA,UC3MeAsOcP9VD0mhdaCIvJsA,43700,4500
순복음축복교회,https://vling.net/channel/UCMhtB1BMWE17RgPCCpAILnw,UCMhtB1BMWE17RgPCCpAILnw,11900,281
SpiritualTV / 시대영성TV / 정치 / 정보,https://vling.net/channel/UCENRJe4ffvvAWxaal19gpQg,UCENRJe4ffvvAWxaal19gpQg,63200,1381
SamilChurch삼일교회,https://vling.net/channel/UCdUkQwI7Ozo5KnTGMPhzuhw,UCdUkQwI7Ozo5KnTGMPhzuhw,81000,13996
무한열정,https://vling.net/channel/UCvsw6d2J-EjDaLsO3z3X8vw,UCvsw6d2J-EjDaLsO3z3X8vw,30500,12066
한두자니S2,https://vling.net/channel/UCfdwCAK9QHC7XMyKbgmqnjg,UCfdwCAK9QHC7XMyKbgmqnjg,293000,67367
크립토 뉴스플랜 - Plan A,https://vling.net/channel/UC3E-gJGVeJkevN2ujtrLHkA,UC3E-gJGVeJkevN2ujtrLHkA,14700,2178
감동달고나,https://vling.net/channel/UCRHoIbke8M8i2o15eylfi7w,UCRHoIbke8M8i2o15eylfi7w,11000,6260
백낙청TV,https://vling.net/channel/UC_IV-JURiQzt4APTfhWEp5w,UC_IV-JURiQzt4APTfhWEp5w,36500,1201
인천 정안신당,https://vling.net/channel/UCyhpoJjpnNeAtD_zfVuS5LQ,UCyhpoJjpnNeAtD_zfVuS5LQ,22200,4586
정치마루,https://vling.net/channel/UCed23pVadTJDREbOWumgwPQ,UCed23pVadTJDREbOWumgwPQ,19500,17660
유튜브바이블스쿨,https://vling.net/channel/UCX3qkfIDXuFAgaOuwp0me4w,UCX3qkfIDXuFAgaOuwp0me4w,77400,3047
신지우 shinjiwoo,https://vling.net/channel/UCzfheU-SqElfaQXwOzv8yGA,UCzfheU-SqElfaQXwOzv8yGA,136000,22842
북시탈tv,https://vling.net/channel/UCQPWKFepcH_Td8xxFvIfz6Q,UCQPWKFepcH_Td8xxFvIfz6Q,98300,2017
현장소속 김종민,https://vling.net/channel/UCqJAAEXFXZqlwfe-_pgQm7A,UCqJAAEXFXZqlwfe-_pgQm7A,13600,357
김큰형TV,https://vling.net/channel/UC0X2HqxrdilJGWLpo2Z-nAw,UC0X2HqxrdilJGWLpo2Z-nAw,37600,3826
양나래 변호사,https://vling.net/channel/UCR9YgzFmGQDgtqMJjnIo6Ew,UCR9YgzFmGQDgtqMJjnIo6Ew,50400,10138
dinara tilovova ,https://vling.net/channel/UCRqIjP2OXBMMb-OX8agIYOA,UCRqIjP2OXBMMb-OX8agIYOA,191000,13935
푸른스카이 Purensky,https://vling.net/channel/UCTQdi5U60um1oEqIjbA4pZg,UCTQdi5U60um1oEqIjbA4pZg,41500,6853
신길교회Seoul Shingil Waymakers Church,https://vling.net/channel/UC4UDZpvJ1ZwRoT-YpaBx2jA,UC4UDZpvJ1ZwRoT-YpaBx2jA,233000,4037
NewMoravianOPR | PYEONGCHANG,https://vling.net/channel/UCQEaAy0dqiGPR3PLT62K70Q,UCQEaAy0dqiGPR3PLT62K70Q,22200,893
AdQUA interactive,https://vling.net/channel/UCt_y0PzZB9hMB9lic0bm8Wg,UCt_y0PzZB9hMB9lic0bm8Wg,32900,106
양시무스,https://vling.net/channel/UCjOkOfuW8z2mrFj6Tjelz-g,UCjOkOfuW8z2mrFj6Tjelz-g,16500,17948
벼락대감,https://vling.net/channel/UC4xW_nXSfjdMl2U8XBm3-yw,UC4xW_nXSfjdMl2U8XBm3-yw,25900,1697
편안한 말씀식당,https://vling.net/channel/UC2uMoQwII29QfgYnzTp3UWg,UC2uMoQwII29QfgYnzTp3UWg,84200,3324
코리아짱,https://vling.net/channel/UCpK4JNxTCGmeS4389c2KR9g,UCpK4JNxTCGmeS4389c2KR9g,14100,6778
타임뻐스,https://vling.net/channel/UCckIwMcUvcvN2gESHXg_Sdg,UCckIwMcUvcvN2gESHXg_Sdg,38000,72262
온누리교회,https://vling.net/channel/UC-JbwIkZI1f3Bings3VO3Sg,UC-JbwIkZI1f3Bings3VO3Sg,135000,22489
서울환경연합,https://vling.net/channel/UC4BoL2Mj-2hdMcIE0qnDhNA,UC4BoL2Mj-2hdMcIE0qnDhNA,22300,1446
칸디도 보칼레 Candido Vocale,https://vling.net/channel/UCTHQJubug3i6rIe5u0H-53w,UCTHQJubug3i6rIe5u0H-53w,13000,4125
김동식TV,https://vling.net/channel/UCVRbKXVxc8axxCkSvK4PKOQ,UCVRbKXVxc8axxCkSvK4PKOQ,31100,3042
범죄사냥꾼,https://vling.net/channel/UCVTYPh-PX7bTeuym1qCOsTQ,UCVTYPh-PX7bTeuym1qCOsTQ,38500,493
권순활TV,https://vling.net/channel/UCVVAYUheWFfIA6Zn0s1GiCA,UCVVAYUheWFfIA6Zn0s1GiCA,136000,12156
정의구현 박완석,https://vling.net/channel/UCUNwNXVrWAHQpc8gPp1c6kw,UCUNwNXVrWAHQpc8gPp1c6kw,544000,83227
대박뉴스tv,https://vling.net/channel/UCzJ76XXo-8n_h7OP1_rDu7w,UCzJ76XXo-8n_h7OP1_rDu7w,83500,9548
반지하 유정수,https://vling.net/channel/UCpxeSKncIk1Dv0UJbyx7G6Q,UCpxeSKncIk1Dv0UJbyx7G6Q,59000,11262
역사의 흔적,https://vling.net/channel/UC5u-oXBxEYFvEnSkudH5ALQ,UC5u-oXBxEYFvEnSkudH5ALQ,10700,12720
한국사 다시읽기,https://vling.net/channel/UC-sDvUroCCpUZhzk4I_3UIw,UC-sDvUroCCpUZhzk4I_3UIw,16500,56765
여의도순복음교회 이영훈 목사의 절대긍정TV,https://vling.net/channel/UCWD1r9rnj0PRdkkuCz04XCw,UCWD1r9rnj0PRdkkuCz04XCw,11400,1058
이만갑,https://vling.net/channel/UC4rFSUIL1_oEkaT5FeBQbqg,UC4rFSUIL1_oEkaT5FeBQbqg,29400,805405
REAL Bible 1611,https://vling.net/channel/UC552RTqzDHZMjaeE41kGVNg,UC552RTqzDHZMjaeE41kGVNg,41000,5835
개국본TV,https://vling.net/channel/UC4zuXRJF5Vq2y6cEq-4PBGQ,UC4zuXRJF5Vq2y6cEq-4PBGQ,50500,357
개성아낙,https://vling.net/channel/UCW4_6V9Ox_9sYNTknQoTlMA,UCW4_6V9Ox_9sYNTknQoTlMA,42600,222
광주가톨릭평화방송,https://vling.net/channel/UC4igRfOVnLfb8cFKR0quJUQ,UC4igRfOVnLfb8cFKR0quJUQ,18200,816
The Life 지구촌교회 - 더라이프지구촌교회,https://vling.net/channel/UCXqPL_eApnUym_FGY6wmhQw,UCXqPL_eApnUym_FGY6wmhQw,45200,5568
스픽스,https://vling.net/channel/UCgeOlLcX6PReHdWImEnUVTg,UCgeOlLcX6PReHdWImEnUVTg,1550000,1408105
굿네이버스_official,https://vling.net/channel/UCkQrKFfd2Mrj58aTCm82MLw,UCkQrKFfd2Mrj58aTCm82MLw,252000,28816
대통령경호처,https://vling.net/channel/UCsIvXMp-dXksyQ9wrj7o-ZQ,UCsIvXMp-dXksyQ9wrj7o-ZQ,24300,4899
노원구청 미홍씨,https://vling.net/channel/UCJY_vHq3n_DkHcdc3g01RGQ,UCJY_vHq3n_DkHcdc3g01RGQ,15700,1038
The Message 더 메시지,https://vling.net/channel/UCtgC6peRCMRx2K2Vipockiw,UCtgC6peRCMRx2K2Vipockiw,28300,4626
정치대학,https://vling.net/channel/UCaJCKfbU0l9SGMmI8OS9MxQ,UCaJCKfbU0l9SGMmI8OS9MxQ,52800,54093
변호사 박리나,https://vling.net/channel/UCL2dV2Ohhspvy-dMyX0L4og,UCL2dV2Ohhspvy-dMyX0L4og,30600,2822
예언의 빛,https://vling.net/channel/UCWd63xE3lv3KhWEAyMffdzw,UCWd63xE3lv3KhWEAyMffdzw,15100,1426
Joyful Church,https://vling.net/channel/UC5PzG8kd8lyo7BbHFLxAbig,UC5PzG8kd8lyo7BbHFLxAbig,19700,2580
쉬운 사주 이규호 [명리학 강의 전문],https://vling.net/channel/UCK1gwXNWywjzzo-KxVwWQtg,UCK1gwXNWywjzzo-KxVwWQtg,83900,2462
J woodworks,https://vling.net/channel/UCasf2iEi4sZfwgcCpjOhhRQ,UCasf2iEi4sZfwgcCpjOhhRQ,10500,499
주안에길 정진호목사(토오후6시),https://vling.net/channel/UC11H1nky3p31Bycf4TRFluw,UC11H1nky3p31Bycf4TRFluw,16400,187
국가보훈부,https://vling.net/channel/UClvT0GWxHHznabonSbWf7cg,UClvT0GWxHHznabonSbWf7cg,97000,21691
절로TV,https://vling.net/channel/UCOb113bmOxhnucIWpwH1Ang,UCOb113bmOxhnucIWpwH1Ang,53600,667
주사파척결TV -나는 의병이다!,https://vling.net/channel/UCQhKO3wKEdQ9sCdrePbKn9A,UCQhKO3wKEdQ9sCdrePbKn9A,126000,912
한국노총,https://vling.net/channel/UCImNzIAkfG-pztnZVoxB60A,UCImNzIAkfG-pztnZVoxB60A,29100,564
민초야담,https://vling.net/channel/UC3C4u8VnnrggbeSBzmxe0sw,UC3C4u8VnnrggbeSBzmxe0sw,10000,7055
반야 인생상담소,https://vling.net/channel/UCTrY45MDmR62xOPbaeRZk1Q,UCTrY45MDmR62xOPbaeRZk1Q,14300,17668
아가페TV,https://vling.net/channel/UC5iyNm4QQDoeFbAW2sd92jQ,UC5iyNm4QQDoeFbAW2sd92jQ,24800,150
고무장갑 - 간호사의 폭로,https://vling.net/channel/UCI-WwAj_XaJIREYSBEHXipQ,UCI-WwAj_XaJIREYSBEHXipQ,25600,4724
마가의다락방교회,https://vling.net/channel/UCP2p32Gz20PLa1-5itufwqA,UCP2p32Gz20PLa1-5itufwqA,136000,14674
행복한크리스천(행크),https://vling.net/channel/UCPp5No25CcVQae6fvKcOFdw,UCPp5No25CcVQae6fvKcOFdw,30800,3238
종리스찬TV,https://vling.net/channel/UC0sKd8rAwhUqOwnxBf_FOLg,UC0sKd8rAwhUqOwnxBf_FOLg,67800,3175
나연심리상담소-나르시시스트전문상담,https://vling.net/channel/UC78QPsn2UBdELyQwaF2hq8g,UC78QPsn2UBdELyQwaF2hq8g,11400,6406
분당한마음개혁교회,https://vling.net/channel/UCh0aDV_FgWsIHnkNXCt7Xgg,UCh0aDV_FgWsIHnkNXCt7Xgg,17100,1093
심불교,https://vling.net/channel/UCYZ-HmHqGjBKcWA-9SHcz5g,UCYZ-HmHqGjBKcWA-9SHcz5g,10000,1309
올포로드153,https://vling.net/channel/UCddtUFKa6OSb_Mnt7ydXMLQ,UCddtUFKa6OSb_Mnt7ydXMLQ,11500,413
남양주TV최미자,https://vling.net/channel/UC-l4DfKxXhNN9S8H2XooD4A,UC-l4DfKxXhNN9S8H2XooD4A,18700,3337
KST by The Korea Times,https://vling.net/channel/UCiOrOk3NQGW2GafvjLJknMA,UCiOrOk3NQGW2GafvjLJknMA,151000,755
815광복TV 1채널[종합채널],https://vling.net/channel/UCKZ6jnfGzb9k01DAcAHQWSg,UCKZ6jnfGzb9k01DAcAHQWSg,16400,121
엑소시스트 이혜진 만신,https://vling.net/channel/UCE2B1Hdi1nhnOajEuT7AaLw,UCE2B1Hdi1nhnOajEuT7AaLw,18100,2103
양결 목사의 바이블레시피,https://vling.net/channel/UCKUmSKfbdohL39Ib3f9g42Q,UCKUmSKfbdohL39Ib3f9g42Q,24300,5400
인생그린,https://vling.net/channel/UCVyEBk5nPxRvefclwmct7HQ,UCVyEBk5nPxRvefclwmct7HQ,25300,16098
사람사는세상노무현재단 RohMoohyunFoundation,https://vling.net/channel/UCJS9VvReVkplPwCIbxnbsjQ,UCJS9VvReVkplPwCIbxnbsjQ,1700000,121723
[성서연구원],https://vling.net/channel/UCm9_2M7vqqMn_Xt0dN8IbEQ,UCm9_2M7vqqMn_Xt0dN8IbEQ,153000,4622
김민석TV,https://vling.net/channel/UC0xm3nsJXdMEA6ILZRHCXvQ,UC0xm3nsJXdMEA6ILZRHCXvQ,344000,3675
서산 관음사 (원묵스님),https://vling.net/channel/UCHX-p9hTwvttjCUVr7W61NQ,UCHX-p9hTwvttjCUVr7W61NQ,21500,75
오메가교회 OMEGA CHURCH,https://vling.net/channel/UC0Fyj1tRNBDoS5oIcDyOYBg,UC0Fyj1tRNBDoS5oIcDyOYBg,13400,767
김영기 법사[서하],https://vling.net/channel/UCDlUvO1z2W96dhPTR51P27g,UCDlUvO1z2W96dhPTR51P27g,27600,3188
무극회선,https://vling.net/channel/UCaakGc-qhDRyhcOtUUJWO4Q,UCaakGc-qhDRyhcOtUUJWO4Q,54900,292
일월신궁 자연보살,https://vling.net/channel/UCmCm79R7kC5wcK_5vYUNeVA,UCmCm79R7kC5wcK_5vYUNeVA,10800,1402
대한사랑,https://vling.net/channel/UC11sKzfembsp-_KqzCZ-lWg,UC11sKzfembsp-_KqzCZ-lWg,90200,1946
CLTV ,https://vling.net/channel/UCwowHefoB0EgAzIwqrR6EBA,UCwowHefoB0EgAzIwqrR6EBA,201000,7344
온누리교회 차세대,https://vling.net/channel/UCNAgmJxTyitxmxJs6bCvZzA,UCNAgmJxTyitxmxJs6bCvZzA,13100,1572
순복음대구교회,https://vling.net/channel/UCWc2bf2SabfFF9UelS03gTQ,UCWc2bf2SabfFF9UelS03gTQ,17500,4379
머니인사이드 쇼츠,https://vling.net/channel/UC4prQjZlZRKXllTaK88AeRA,UC4prQjZlZRKXllTaK88AeRA,14100,1982
심재TV,https://vling.net/channel/UCHZW1NdU0VHKVhltZUaBX5w,UCHZW1NdU0VHKVhltZUaBX5w,20200,6296
K-Muslim Family,https://vling.net/channel/UCi7PPyLcfBVHPx1734pgV7g,UCi7PPyLcfBVHPx1734pgV7g,161000,165
말씀앤조이,https://vling.net/channel/UCz_5gFCVa5tBRlJmU0VYuRA,UCz_5gFCVa5tBRlJmU0VYuRA,181000,12326
주이집트한국문화원 المركز الثقافي الكوري بمصر,https://vling.net/channel/UCB3-HRmisQQBtNUiBWxotog,UCB3-HRmisQQBtNUiBWxotog,13300,24
달빛 아래 사연 한 수,https://vling.net/channel/UCaTNoZLe0sj7DUYSguDOkHg,UCaTNoZLe0sj7DUYSguDOkHg,27700,14413
산신무당TV,https://vling.net/channel/UC58DV9gnwdNemztB8C5aqUg,UC58DV9gnwdNemztB8C5aqUg,217000,18495
천신암 백호만신,https://vling.net/channel/UCdO0f8yYOEhD8lSInznzCFg,UCdO0f8yYOEhD8lSInznzCFg,12100,1073
신짜오 형제들 - Xin chao Brother,https://vling.net/channel/UCB7S5UUeiVFCjEnmymrPfhA,UCB7S5UUeiVFCjEnmymrPfhA,10500,6447
무용담(무당의 용한 이야기),https://vling.net/channel/UCO77a6lTw2Z_dldGxdjv75g,UCO77a6lTw2Z_dldGxdjv75g,54700,1382
남자살리기,https://vling.net/channel/UCT8dfszCIDh3gTKbjiHhkkg,UCT8dfszCIDh3gTKbjiHhkkg,21100,1962
야담 옛날옛적에,https://vling.net/channel/UCUf1SUcZZV7cX0ciuLKkJTg,UCUf1SUcZZV7cX0ciuLKkJTg,12900,23913
빛나는 코리아,https://vling.net/channel/UCUUchki8-tdL1mhVERldlow,UCUUchki8-tdL1mhVERldlow,21900,10047
대한신궁☆별궁선녀,https://vling.net/channel/UC5k9Z_nBwQvXHeqdRlYI03w,UC5k9Z_nBwQvXHeqdRlYI03w,10400,1220
작은형제회-프란치스코회 OFFICIAL,https://vling.net/channel/UCo6KgIt3eNaG6ugl6z2eBxA,UCo6KgIt3eNaG6ugl6z2eBxA,10500,2852
그레이스153,https://vling.net/channel/UCD1zPFHgvyvQgSfjXeqfv0A,UCD1zPFHgvyvQgSfjXeqfv0A,12000,7015
황혼불장난,https://vling.net/channel/UC8H51i8BKBYbtociWveeljg,UC8H51i8BKBYbtociWveeljg,196000,78259
춘자야담,https://vling.net/channel/UC4gZe179OdKo6yNDCAfK-7g,UC4gZe179OdKo6yNDCAfK-7g,19300,4864
[법으로 위로하는 변호사] 김승혜 변호사,https://vling.net/channel/UCPoSTEIGLy1DaY59irR6pKw,UCPoSTEIGLy1DaY59irR6pKw,11200,1157
감동한조각,https://vling.net/channel/UCln6LFElpRH6Kyh0miuEvMQ,UCln6LFElpRH6Kyh0miuEvMQ,17100,155
인생 별 사연,https://vling.net/channel/UCD9Z1C0R0Kb7kOYAm8Gc_LA,UCD9Z1C0R0Kb7kOYAm8Gc_LA,27400,10833
금실국제결혼,https://vling.net/channel/UCaTiKgIoOqihpsRDisfL1ow,UCaTiKgIoOqihpsRDisfL1ow,11000,306
알보몬tv ,https://vling.net/channel/UCEPAuwSpb6AdZ1UtBFwGLDA,UCEPAuwSpb6AdZ1UtBFwGLDA,10500,1265
전설이야기꾼,https://vling.net/channel/UCsHZdZXPuHKhMhSHeVyCMmg,UCsHZdZXPuHKhMhSHeVyCMmg,14900,5
결혼의 정석-방심하면 호구되는 국제결혼,https://vling.net/channel/UCJ8oPR_Ow15Jtl6Up5zXEhg,UCJ8oPR_Ow15Jtl6Up5zXEhg,29700,35530
Molto 몰토,https://vling.net/channel/UCRso-noWpZLaBs8ONU887iw,UCRso-noWpZLaBs8ONU887iw,23600,64390
김도학사주연구소,https://vling.net/channel/UCvbEMmhumw7AVSG2HH7GPJQ,UCvbEMmhumw7AVSG2HH7GPJQ,26400,20280
강남상안재 우도령,https://vling.net/channel/UCOJKd_nUILWOUKedK9M3hXQ,UCOJKd_nUILWOUKedK9M3hXQ,23500,3792
암프로빌리지 : 성모꽃마을,https://vling.net/channel/UCpOct2MyFowe8wTCB4CGzEA,UCpOct2MyFowe8wTCB4CGzEA,52100,12310
코리아감동TV,https://vling.net/channel/UC4gtDyy2MaqwfZdSrSLwgyw,UC4gtDyy2MaqwfZdSrSLwgyw,16500,9149
꼬순이네,https://vling.net/channel/UCjtn2Aj0wYdXSYclpveLnjg,UCjtn2Aj0wYdXSYclpveLnjg,13800,11954
심은의 우리그림 Korean Painting,https://vling.net/channel/UCtuttLmsvrP07POlXPOD5GQ,UCtuttLmsvrP07POlXPOD5GQ,11900,774
Giác Lệ Hiếu,https://vling.net/channel/UCQiRpdVz5qYBL-aIKFeTepA,UCQiRpdVz5qYBL-aIKFeTepA,245000,4856
림쌤의 10분역사,https://vling.net/channel/UCIGqIln2WmBnmy8fPA-IsSA,UCIGqIln2WmBnmy8fPA-IsSA,82400,5026
올바른마음,https://vling.net/channel/UCh1COUFMKTwS6128YODE4DQ,UCh1COUFMKTwS6128YODE4DQ,10800,2712
복원왕 Restoration King,https://vling.net/channel/UC5dDbYhImjKCun_-KCqoGyQ,UC5dDbYhImjKCun_-KCqoGyQ,310000,85196
생각을 하라~,https://vling.net/channel/UCSS0d6Kah3e4u60DoQ-m6FQ,UCSS0d6Kah3e4u60DoQ-m6FQ,17300,1436
희키,https://vling.net/channel/UCOqtOq7zbhoArEEG3NgPQ3w,UCOqtOq7zbhoArEEG3NgPQ3w,21500,2005
이낙연TV,https://vling.net/channel/UCpPZmot80YDHKd8zm2_evyg,UCpPZmot80YDHKd8zm2_evyg,134000,4524
키퍼스처치,https://vling.net/channel/UCcbOxuY016h_XVmIGSQDoyw,UCcbOxuY016h_XVmIGSQDoyw,27500,4172
부처님지혜,https://vling.net/channel/UCFqSzZ35shcPLUWSDbR2p-w,UCFqSzZ35shcPLUWSDbR2p-w,19000,8289
깨달음의노후,https://vling.net/channel/UC6p9UlZbp-Z8hiSiBODWe4Q,UC6p9UlZbp-Z8hiSiBODWe4Q,13800,5918
정치꾹,https://vling.net/channel/UCIxgiQ9-JNkLOJq-zuB529w,UCIxgiQ9-JNkLOJq-zuB529w,41000,3253
제이비TV,https://vling.net/channel/UCB4-evtMkqBY7KcbjBlHwZw,UCB4-evtMkqBY7KcbjBlHwZw,109000,1146
일공구공1090,https://vling.net/channel/UChCKI9vPYELH4cUGbdjv2vg,UChCKI9vPYELH4cUGbdjv2vg,45000,249
국토전략TV,https://vling.net/channel/UCfm5543FeRChIIq-XMG4GeQ,UCfm5543FeRChIIq-XMG4GeQ,352000,6255
세라보살,https://vling.net/channel/UCq2FJpctqsM_WsApFMvr4nQ,UCq2FJpctqsM_WsApFMvr4nQ,18700,926
신인규의 시대정신,https://vling.net/channel/UC78duXU2wQzD9ktmnYNc4Pg,UC78duXU2wQzD9ktmnYNc4Pg,71700,9591
안성은광교회,https://vling.net/channel/UCmPed_ZXgUH7dN8t5BwQrEg,UCmPed_ZXgUH7dN8t5BwQrEg,13000,3261
사건의뢰 뒷방,https://vling.net/channel/UCXlnC32GsSm8lFKE15iZROQ,UCXlnC32GsSm8lFKE15iZROQ,172000,122792
송파서광교회SKC TV,https://vling.net/channel/UCX2lcTOz1uVzULdJfpbWc1g,UCX2lcTOz1uVzULdJfpbWc1g,201000,629
BIBLE TRIP,https://vling.net/channel/UCutn72ZORxRfKpMaLwF9QhQ,UCutn72ZORxRfKpMaLwF9QhQ,14300,765
달빛선율,https://vling.net/channel/UCzi349JjwyrDhMXyGLQTQmQ,UCzi349JjwyrDhMXyGLQTQmQ,10800,7483
아메리카 X파일,https://vling.net/channel/UCDUd3ORfaOduIHEllHASw4g,UCDUd3ORfaOduIHEllHASw4g,14600,22627
암흑연대역사,https://vling.net/channel/UChJbiWvHW4W1Ol1qi-ImGmg,UChJbiWvHW4W1Ol1qi-ImGmg,10800,8
사연이 머무는 극장,https://vling.net/channel/UCQjJaYzZqgDymsJ_n8HWyGQ,UCQjJaYzZqgDymsJ_n8HWyGQ,55600,8968
우병일 TV ,https://vling.net/channel/UChzuKt77A9RIgJcQJ9sqm0w,UChzuKt77A9RIgJcQJ9sqm0w,27700,1367
황경순TV,https://vling.net/channel/UC_oEzIEGR7ZzdPu4YQDLnHA,UC_oEzIEGR7ZzdPu4YQDLnHA,32600,2871
충현교회,https://vling.net/channel/UCctXsTmxLVtoGCe6yuMehVw,UCctXsTmxLVtoGCe6yuMehVw,22800,5559
도람뿌,https://vling.net/channel/UCQ21caARmy5hvLqvwIEBNUw,UCQ21caARmy5hvLqvwIEBNUw,265000,58542
포도원교회 방송국,https://vling.net/channel/UC-gtcwqgWLg-JEsmoFhCDng,UC-gtcwqgWLg-JEsmoFhCDng,10100,977
부산일보TV,https://vling.net/channel/UCHMl6cx4Q1JsvTwAT2gA8Vw,UCHMl6cx4Q1JsvTwAT2gA8Vw,131000,24594
깨시연TV.깨어있는 시민연대,https://vling.net/channel/UCsgbn3nQIbc0SIohzR64uGw,UCsgbn3nQIbc0SIohzR64uGw,63500,56693
인생의 황혼 이야기,https://vling.net/channel/UC7ZwqdkwJi2QPu6A3vJmvwA,UC7ZwqdkwJi2QPu6A3vJmvwA,20000,2521
"최영은 변호사의 ""이혼은 처음이라""",https://vling.net/channel/UCCE1WU88OYCSdIjtw_8si-g,UCCE1WU88OYCSdIjtw_8si-g,38100,20014
인싸it,https://vling.net/channel/UCu-1ENoajw23ec9ItPw0WcA,UCu-1ENoajw23ec9ItPw0WcA,373000,87198
석디터,https://vling.net/channel/UCrXO1ihw1Bg81mgLFDwXl4Q,UCrXO1ihw1Bg81mgLFDwXl4Q,67700,1058
어벤저스전략회의,https://vling.net/channel/UCXvQXTcC77Nav46NYc4FtDA,UCXvQXTcC77Nav46NYc4FtDA,760000,413143
여풍당당 바람대처법 [묻지마 간디] ,https://vling.net/channel/UCHdqgJxSnra-7kTIldPoSng,UCHdqgJxSnra-7kTIldPoSng,27000,4081
할렐루야교회Hallelujah Community Church,https://vling.net/channel/UCjHPrYoxZnPlYohdMQYEL7A,UCjHPrYoxZnPlYohdMQYEL7A,21600,3946
산골짜기말씀TV,https://vling.net/channel/UCD69Je34Q6-tD_gVAQG5D-A,UCD69Je34Q6-tD_gVAQG5D-A,14300,498
인천방주교회,https://vling.net/channel/UCS1ckxOAZOAbaWPQboOwZRw,UCS1ckxOAZOAbaWPQboOwZRw,28400,1617
한사랑교회,https://vling.net/channel/UC8xUEMOIFJjFt4KvkRj-Mnw,UC8xUEMOIFJjFt4KvkRj-Mnw,12100,1112
델리민주 [더불어민주당],https://vling.net/channel/UCoQD2xsqwzJA93PTIYERokg,UCoQD2xsqwzJA93PTIYERokg,467000,30565
C채널방송 : 설교,https://vling.net/channel/UC9Ac9DjBEmNqjAYxf8V1HPA,UC9Ac9DjBEmNqjAYxf8V1HPA,157000,10802
KT&G 상상마당,https://vling.net/channel/UCYYIYzVd-pW6V8hMeYDS1zw,UCYYIYzVd-pW6V8hMeYDS1zw,15900,3650
WEDARAK,https://vling.net/channel/UCRgXErYOtPB8oWdrVFtYe1Q,UCRgXErYOtPB8oWdrVFtYe1Q,32300,13273
속보이는이야기,https://vling.net/channel/UCmDH7_qQUCjEy406-51F1lg,UCmDH7_qQUCjEy406-51F1lg,46700,14531
초심 백은종(서울의소리) ,https://vling.net/channel/UC6-_qtQxwpyoNQYdmQ_-tnA,UC6-_qtQxwpyoNQYdmQ_-tnA,102000,6131
궁금한 Y,https://vling.net/channel/UCkdZR7sBajCG_-oiZt6kj6A,UCkdZR7sBajCG_-oiZt6kj6A,493000,328769
땡초스님TV,https://vling.net/channel/UCl0-6OJUDhsmAuK2mXvz2cg,UCl0-6OJUDhsmAuK2mXvz2cg,39300,337
기도외침,https://vling.net/channel/UCjTmeOhOtlG_V078xcPEOvg,UCjTmeOhOtlG_V078xcPEOvg,13300,2030
국방연대기,https://vling.net/channel/UCExG7Dp0Fe0bIr_1d17oEwg,UCExG7Dp0Fe0bIr_1d17oEwg,29200,12923
입국열차,https://vling.net/channel/UC4AGnZFRiHL_H1xeGv4ivlw,UC4AGnZFRiHL_H1xeGv4ivlw,26700,101011
뉴파수,https://vling.net/channel/UCHAFKz5o1w-NxUoSi_IbEbA,UCHAFKz5o1w-NxUoSi_IbEbA,28000,6455
믿음의 이야기,https://vling.net/channel/UCnLVodHhzl0Ok1HNC4k-9YQ,UCnLVodHhzl0Ok1HNC4k-9YQ,15300,93
Togen,https://vling.net/channel/UCu5Xmf25CLa6h9XkqtPC9OA,UCu5Xmf25CLa6h9XkqtPC9OA,34100,9985
반석 위에 세운 집,https://vling.net/channel/UCxfO1RnUDcJ3cMC-KTABfMQ,UCxfO1RnUDcJ3cMC-KTABfMQ,17400,4863
손상대TV2,https://vling.net/channel/UCI788NxeJn_gr5GlzmnD3vw,UCI788NxeJn_gr5GlzmnD3vw,636000,129440
친절한 하나씨 (남북하나재단),https://vling.net/channel/UCdLfuBBYkZAW5B_VB0uO6xg,UCdLfuBBYkZAW5B_VB0uO6xg,28300,2718
채널M,https://vling.net/channel/UCoiydSu2BG9axZmoY8zpQrg,UCoiydSu2BG9axZmoY8zpQrg,43700,5940
은혜와진리교회- 조용목 목사 전용채널,https://vling.net/channel/UCKEiqXHJlap3vKkAyaVgqsg,UCKEiqXHJlap3vKkAyaVgqsg,26400,4756
JBC뉴스,https://vling.net/channel/UCSdNAaZWxb4uQmqOpCAsJSw,UCSdNAaZWxb4uQmqOpCAsJSw,133000,4682
Jesus Centered Church 예수중심교회,https://vling.net/channel/UC67VGYk8R2-_hjTc8-ORaew,UC67VGYk8R2-_hjTc8-ORaew,39200,9293
김경국 TV,https://vling.net/channel/UCUFxsBn6wIRsfW0GaiOgRuw,UCUFxsBn6wIRsfW0GaiOgRuw,163000,110597
"Newsong Guide, Church of God",https://vling.net/channel/UCG1wAHkfxi_zBxo3cL6dohg,UCG1wAHkfxi_zBxo3cL6dohg,34400,55181
우애국tv,https://vling.net/channel/UCoFnzdoqp9wFGKCs62-48fg,UCoFnzdoqp9wFGKCs62-48fg,41100,8937
백두야담,https://vling.net/channel/UCoorELrgYg5UqrKBqcUQZXg,UCoorELrgYg5UqrKBqcUQZXg,16700,9936
조선생만신TV,https://vling.net/channel/UC_GVZ-N9OjLNhPOfCnRkuOA,UC_GVZ-N9OjLNhPOfCnRkuOA,54100,8292
사법정의TV,https://vling.net/channel/UC5TUntj-j6u6XjXUh7UgAqg,UC5TUntj-j6u6XjXUh7UgAqg,46100,970
정의당 TV,https://vling.net/channel/UC4KdOy46f0HCJBqTiq7MLPg,UC4KdOy46f0HCJBqTiq7MLPg,16100,1456
최인호TV,https://vling.net/channel/UCX4LFdCjFXMaCPbRH1omP6Q,UCX4LFdCjFXMaCPbRH1omP6Q,115000,7537
최국튜브,https://vling.net/channel/UCS7oapzKYfu85wuEtWWHk8A,UCS7oapzKYfu85wuEtWWHk8A,375000,46318
예술의전당,https://vling.net/channel/UCUn8h6aG6rCM1zvXKIuNpVQ,UCUn8h6aG6rCM1zvXKIuNpVQ,15600,396
PMC필그림선교교회,https://vling.net/channel/UCJdG2TNRGVbBNZEzzhnv6uA,UCJdG2TNRGVbBNZEzzhnv6uA,24800,1197
Danye Sophia,https://vling.net/channel/UClvQiB_TfCBHtEPDQ4TW-gg,UClvQiB_TfCBHtEPDQ4TW-gg,38900,273
비서실장 강훈식,https://vling.net/channel/UCMKz8kR5MUN-uHB2_Jy_swg,UCMKz8kR5MUN-uHB2_Jy_swg,102000,10536
살림에딱,https://vling.net/channel/UCDn7sa_54Nr-45o1ymAr3Ug,UCDn7sa_54Nr-45o1ymAr3Ug,12300,119
양이원영 TV,https://vling.net/channel/UCCjtWjrTVwxUHK3G27c-_aQ,UCCjtWjrTVwxUHK3G27c-_aQ,15100,68
부흥TV 장경동 목사,https://vling.net/channel/UCeeTu4laojSVP5rnIqOdXVQ,UCeeTu4laojSVP5rnIqOdXVQ,263000,49044
품격있는하루,https://vling.net/channel/UClVYZXBtUkebR7oKAqmTZ0w,UClVYZXBtUkebR7oKAqmTZ0w,12900,3613
안산 주님의 교회,https://vling.net/channel/UCri0m81wzUNH5Euw-D9E3CA,UCri0m81wzUNH5Euw-D9E3CA,13400,656
사주풀이 준철학관,https://vling.net/channel/UCQg_Y9uQBKfC-CCBMdksrVw,UCQg_Y9uQBKfC-CCBMdksrVw,66500,7798
OMMACHARITY,https://vling.net/channel/UC4dpGYZ0CcSIC7JWNRaPBaw,UC4dpGYZ0CcSIC7JWNRaPBaw,47400,14433
환경스페셜,https://vling.net/channel/UCbypT5enDzdGE7cLEY19WiA,UCbypT5enDzdGE7cLEY19WiA,235000,65032
함께 가자TV ,https://vling.net/channel/UC8RK_zork4w2mBR5AcuklrQ,UC8RK_zork4w2mBR5AcuklrQ,11600,82
"삼토크(시사, 경제, 건강)",https://vling.net/channel/UCeUk5Xb8MyzpwvwjCo-_XKg,UCeUk5Xb8MyzpwvwjCo-_XKg,16300,3686
불꽃뉴스tv,https://vling.net/channel/UCryNZ5KZZlZPaW02cc5K-pw,UCryNZ5KZZlZPaW02cc5K-pw,111000,46496
썰이빛나는밤에,https://vling.net/channel/UCOZnrJilN9FsL8pGd0by6xg,UCOZnrJilN9FsL8pGd0by6xg,594000,369908
진짜살길,https://vling.net/channel/UC7O-tKLkDwUI_7i-B0bJqiA,UC7O-tKLkDwUI_7i-B0bJqiA,144000,10424
조정훈,https://vling.net/channel/UCf8h3rgyIyV2_wmF5TiR85g,UCf8h3rgyIyV2_wmF5TiR85g,182000,9123
성모울타리,https://vling.net/channel/UCuNHpwi2p6Pkocfx9J8rKpw,UCuNHpwi2p6Pkocfx9J8rKpw,19800,618
세모튜브 - 세계모든반응,https://vling.net/channel/UChVVN2RScvKk896qf7jMT-w,UChVVN2RScvKk896qf7jMT-w,236000,27054
 김운선TV,https://vling.net/channel/UCbQFiILpsCJXgRrzCbj35Tw,UCbQFiILpsCJXgRrzCbj35Tw,115000,1828
베트남국제결혼(퍼펙트),https://vling.net/channel/UChWMMbVGsai-zyuRYWFJTUQ,UChWMMbVGsai-zyuRYWFJTUQ,84100,2563
미디어워치TV,https://vling.net/channel/UCY8i60Jd_DPyqOB_AJut2vw,UCY8i60Jd_DPyqOB_AJut2vw,383000,3260
"ASEZ WAO, World Mission Society Church of God",https://vling.net/channel/UCxA8J3oAkhdKp6MKP5rTRQA,UCxA8J3oAkhdKp6MKP5rTRQA,47600,2462
박형준의 생각TV,https://vling.net/channel/UC__DzFJxR5EaaFwG46_xHcQ,UC__DzFJxR5EaaFwG46_xHcQ,109000,817
베트남처갓집 국제결혼,https://vling.net/channel/UChPb2ojqlwCY40kH7vpupeQ,UChPb2ojqlwCY40kH7vpupeQ,14200,6628
감동재구성,https://vling.net/channel/UC5lIEpjseQnTrzJP9NPeZhw,UC5lIEpjseQnTrzJP9NPeZhw,11100,16618
달리는 사연트럭,https://vling.net/channel/UCedztchYFm7opif2T12b45A,UCedztchYFm7opif2T12b45A,101000,137084
아이스튜디오,https://vling.net/channel/UC_pOKLycxyVwNneMVjfMBUA,UC_pOKLycxyVwNneMVjfMBUA,219000,58184
안철수와 팬들,https://vling.net/channel/UCPpAT7NOrsIFoIQXk0aPKOA,UCPpAT7NOrsIFoIQXk0aPKOA,30000,654
천천TV,https://vling.net/channel/UCgXvncRS45_kZYDGPUEMGtg,UCgXvncRS45_kZYDGPUEMGtg,65800,1038
무당이,https://vling.net/channel/UCoasowahM0evdJXbh5GFYoA,UCoasowahM0evdJXbh5GFYoA,36300,52822
신토불이 신피디,https://vling.net/channel/UC1kQ1lTmjgiitlGatoga5ZQ,UC1kQ1lTmjgiitlGatoga5ZQ,59000,8692
이선옥TV,https://vling.net/channel/UC4Kvr3lHWx-mLff7MsjMdfg,UC4Kvr3lHWx-mLff7MsjMdfg,23500,208
KBS스모킹건,https://vling.net/channel/UC-e1jt_Mu-9V7Eft-NEocrg,UC-e1jt_Mu-9V7Eft-NEocrg,215000,101028
템플스테이 Korean Templestay,https://vling.net/channel/UC_j58ieR6a-fqo3sKjW-GUA,UC_j58ieR6a-fqo3sKjW-GUA,27100,1237
하늘팟 skypod,https://vling.net/channel/UCy-iyBvtLsdYNWi_309NHzw,UCy-iyBvtLsdYNWi_309NHzw,86900,12053
더메시지랩The Message LAB,https://vling.net/channel/UCsQ04jYF1mxuzVlMVVPR62Q,UCsQ04jYF1mxuzVlMVVPR62Q,257000,43945
안양갈멜산금식기도원,https://vling.net/channel/UCsfJejqyYnEz2NchNfIcMjw,UCsfJejqyYnEz2NchNfIcMjw,22900,2277
만물상자TV [전쟁의 신],https://vling.net/channel/UCbgGRffxm74LGKMVXXUsOZQ,UCbgGRffxm74LGKMVXXUsOZQ,107000,10506
이웃집풍경,https://vling.net/channel/UCAukknCxSsm6VGJIH1JESuQ,UCAukknCxSsm6VGJIH1JESuQ,31300,9566
차길영의 신앙 교육칼럼,https://vling.net/channel/UCoMw-WG9r7YTQQ7Ep8s-R0w,UCoMw-WG9r7YTQQ7Ep8s-R0w,30900,16569
GOODTV NEWS,https://vling.net/channel/UCMZdTd5PlNg2jwSGBABlaqw,UCMZdTd5PlNg2jwSGBABlaqw,25800,16005
다비TV,https://vling.net/channel/UCOFiCgFirqos-JreYkw2uOA,UCOFiCgFirqos-JreYkw2uOA,52800,11027
길튼교회,https://vling.net/channel/UCq8aYAGVTCKkBDos4PnIwkA,UCq8aYAGVTCKkBDos4PnIwkA,79700,13382
믿음의 빛,https://vling.net/channel/UCM2cDYZJdYbu14UftWHo6Iw,UCM2cDYZJdYbu14UftWHo6Iw,136000,13777
역사의 비밀,https://vling.net/channel/UCkAxDKuQCVZoRZDJt9C9AgA,UCkAxDKuQCVZoRZDJt9C9AgA,22100,6575
장윤선의 취재편의점,https://vling.net/channel/UCAVVxLmPDFkSTROPue8ZrRA,UCAVVxLmPDFkSTROPue8ZrRA,769000,251155
한동훈,https://vling.net/channel/UCris9QMbviXz-Zh__wA4JFA,UCris9QMbviXz-Zh__wA4JFA,249000,326608
경남TV - 경상남도 공식 유튜브,https://vling.net/channel/UCiGeWRkwZJL1ZH_1ImaZwmg,UCiGeWRkwZJL1ZH_1ImaZwmg,298000,9506
중앙성결교회,https://vling.net/channel/UCx1JYOy9Y4MujQyy5qwZKtw,UCx1JYOy9Y4MujQyy5qwZKtw,14700,1135
법륜스님의 하루,https://vling.net/channel/UCBytBQbm4CcEwHNBRoZmvCg,UCBytBQbm4CcEwHNBRoZmvCg,51500,8508
생활성서사,https://vling.net/channel/UCYqj-Z1LhisC9nAXMv-ZBWw,UCYqj-Z1LhisC9nAXMv-ZBWw,17000,3106
가톨릭신문,https://vling.net/channel/UCvbex9jMX6WqPOcZt8DGDhg,UCvbex9jMX6WqPOcZt8DGDhg,41500,4656
한동훈 도토리 연합,https://vling.net/channel/UC9fo9LngIBqKAI1RSM9ySzg,UC9fo9LngIBqKAI1RSM9ySzg,68100,4339
정권쨩의 라이트빤치 국가브리핑,https://vling.net/channel/UCD9qMCDBgYfGXLc1uLFII9g,UCD9qMCDBgYfGXLc1uLFII9g,15000,8576
BugsBoy - BB TV,https://vling.net/channel/UC_Vri4o2R5zDXGiTIrnKAaQ,UC_Vri4o2R5zDXGiTIrnKAaQ,38100,1105
인사이트 뷰 TV 정치시사경제,https://vling.net/channel/UClfnwyDy1janeAYc4Pssk8g,UClfnwyDy1janeAYc4Pssk8g,130000,2297
히스토리,https://vling.net/channel/UCRLM0MWS7m8vXzQ_5z2e7fA,UCRLM0MWS7m8vXzQ_5z2e7fA,971000,56036
신이말해줌,https://vling.net/channel/UC9pqnztZBUTADtN3_7t5h7g,UC9pqnztZBUTADtN3_7t5h7g,111000,79192
중국어로 [路],https://vling.net/channel/UCxV6HwAqpzkAN1J2s9LolgQ,UCxV6HwAqpzkAN1J2s9LolgQ,470000,229576
빅딜,https://vling.net/channel/UCOE66D_Ewpd8zgzTalJ5Qtg,UCOE66D_Ewpd8zgzTalJ5Qtg,12300,23135
석만tv,https://vling.net/channel/UCk_wbRpseBwMr32EhkFaDdw,UCk_wbRpseBwMr32EhkFaDdw,36700,16371
야담정자,https://vling.net/channel/UCNg1sSXB6MptseKW0FnYLYg,UCNg1sSXB6MptseKW0FnYLYg,11400,31415
극한직업,https://vling.net/channel/UC7OPpm1HecRakm7r5Nyqagg,UC7OPpm1HecRakm7r5Nyqagg,11300,57295
이완배의 하모니,https://vling.net/channel/UCOc8PJrQQhQCcevrletsUIQ,UCOc8PJrQQhQCcevrletsUIQ,18600,3340
향기나는로또체리,https://vling.net/channel/UCHHE2qSYZBmhCoi88x06Hdw,UCHHE2qSYZBmhCoi88x06Hdw,13300,22495
KBS HUMAN : 뭉클티비,https://vling.net/channel/UC6wiUwl7dPhZOAM92lGgKPg,UC6wiUwl7dPhZOAM92lGgKPg,1940000,409673
양희삼TV - 카타콤,https://vling.net/channel/UChzToabVCo8vGbmLT7EKqDQ,UChzToabVCo8vGbmLT7EKqDQ,84200,11340
하늘비전교회,https://vling.net/channel/UCutZ0BY-hJHq6bKV2a6SuqQ,UCutZ0BY-hJHq6bKV2a6SuqQ,14100,2084
jungbub2013,https://vling.net/channel/UC6e43Z5P_ThOnz7XaSe5zpw,UC6e43Z5P_ThOnz7XaSe5zpw,101000,17603
이정훈TV,https://vling.net/channel/UCOEIN_ctFYohnDLjX7g-e4Q,UCOEIN_ctFYohnDLjX7g-e4Q,186000,15424
