channel_name,channel_id,subscribers,avg_daily_views
후다닥요리,UC7ok_PMSTIY5Qg4ULxRoSNg,547000,32369
남자커피 Namja Coffee,UC85mXeWRaycnlFmrhBdaAlg,311000,29482
나랏궁 여무강신정,UCajLD-PJlWxl79EaU4CsEyA,11700,2573
엄마솜씨,UCxbB8MuYJIXrgao5duH677Q,106000,11934
내맘요리,UCoRzjhYrre-RDY4DD5Po6Rw,10200,28
청년피자,UCwHedDHLt0IQjCn0X85kGsA,14200,32480
아린네TV,UC7uDUfjLT_h84MRke28t8tw,21500,643
tattooist cokr,UC2bqeLsfzrNIy5hBwb05Ojg,18400,718
엽동,UCflhJ_M35sFyC6agKg0jgnw,215000,121177
엉복치 ,UCFt9M6I69JMtrx6TbyxNiHA,13900,94686
맛상무,UC1r112Pr9Ngcg2NtcE946HQ,638000,66196
아워홈,UCP4BzKRlQDURtYDiuMSV_Xg,82000,115971
안그릭 AhnGreek,UCKMAypxln0KPUo8HW52NI2w,19400,1365
Edenilson Agricultor Pescador,UCBTgH-eBD4OzDVBw-yuif4w,16900,629
집밥 종갓집 며느리,UCDoNR057xP_CTmIMjxzUuaA,381000,12637
데프콘TV,UCb4bVA5kBfTsZCLaN9iJqjQ,600000,264226
먹시미 Muksimi,UC9fnfz9S8ieKCfm1wHj0-pw,58500,15078
데일리서울 한강 라이브캠,UCQKQTgZJo3PlxA-9V1Z51XA,161000,10202
HYOMIN KOO구효민,UCpR5jOQT9_KGOC5KgQ9SWdQ,265000,29851
엄폴 삼촌 Uncle Umpaul,UC5p4fTVsY6a8UiUuppVFtZg,40800,938
Gombom,UCoyhP9dnCyBhM2KByVGgqIw,28700,10994
미식도우미 샹키,UCLGqRC3E8cfGbP0wFi5ZfMw,12600,4040
산삼 능이 약초산행 TV,UCmPr2DAesVWT8f3YV7QpxUg,31300,391
플루타,UCcGCvrBgqcfwQ3ET3mZpEJQ,18900,1288
MOCCA무비,UCRHbU_urWsx4mvSd-pokgMA,13200,36040
박가린 [PARK GARIN],UCrCGfHtMds2D53LWYUz2Z1w,265000,5502
КАСЯ КИМ,UCmI0zekAJGHrutOsNyNUGeg,389000,88580
청정원 푸드캐스트,UC0SI1QyV1HlA0aekZBouCWg,32900,226741
뚜란DDURAN,UC-zTNxmso34vOOpyyEEgL3w,11100,238
양장금주부,UCKm-cusLT76t3t4s9OgCqcA,1340000,85684
마녀맘 변미자,UC5gDYne32_mbynL6SbQEE6g,14600,14594
CombleTV,UCKNHPabDTb61BGZZOxP6Epw,106000,2611
J.Marda_제이마르다,UCHz0gSKEDgggYrC5KpYib5g,44100,9954
재료의 산책,UCzazTkyHgNWm4KYKIivPVDQ,39000,317
웅뚜의 미얀마살이 Aungthu in Myanmar,UCr4rTXIfsJhAOaYOq0iBuTQ,90200,4876
MONGU 몽구,UCwsHvj437e3vHTigMqjdIpA,19600,2401
시골오후ohoo,UCx4QGhG6KrJlvRVqVujbSCQ,136000,12927
한국시골,UCemmEVQtHZmvCJ0kcIX4cIw,41400,2278
방데이지 Bang Daisy,UCcwv7zVVD5Zj4Mylxj9I2EQ,41200,18719
김복순,UCgw_dr9Y8mZ4uzJLXDVTBSw,362000,79174
부산 꿀꿀 부부,UCsobloiFXKwe0shJyG_J_GQ,23500,533
얌코리아 YumKorea,UCdB_o5jXGuCVL_Zj7CRAhVg,285000,33757
꿀키honeykki,UCvQPUPoMK0Smj-OHeUe9SEw,2040000,4584
다비나,UCT-tI_HRDfeJ0iV-10DQIfw,16000,3954
엄마의 요리백과,UCyUH1C9_ozagToXDxgGjFGg,404000,27152
와인 좀 한해,UCsTjitDbkUW20H3U20ITqaw,62000,32861
인천맛집상륙작전,UClsLP659P7Vhc1qQoo9vE3A,17800,1936
빈스푸드 Bin's Food,UChu1vY_Mb0XVpfkruXoaiWg,80800,5358
푸드에이전트,UC8YJM-QOD3deUqOQZHKgnhw,12800,31850
발효공방,UCs9EeGC_mA7Wz-eGiyOPCpQ,25000,2093
째링,UCb2wQgdDmoAbLdiBpJ8Ruiw,92200,34976
나진Najin,UC7KrS6xya8Tl8OeDVhf5sIQ,167000,8300
손맛할머니 sonmat,UCM8I0fLEuue4wvyk19EVBwA,302000,40659
빵야TV,UCPpSG1fTjURODZvlfsYuE9A,47700,4214
장사왕 임사부,UCBcjbe_WgoawLG53Ulb6npQ,110000,7941
쿡피아 Cookpia,UCyn7aoxdLNDZG2ZXXLoVCNQ,983000,48925
빅마마 이혜정,UCycoO2a67TSy0U_KshISieQ,282000,20999
윤숙희 YunSuki 혼술하는여자,UC9tS7GAw9w_AnhLbgldCWow,219000,48773
한국파크골프TV,UCq67Op7QA1CKnT0vZ3Rg1Bg,13900,352
봄날의풍경🌸,UCqW6T6EET_RwXOUEWnNfsUQ,17000,956
광마니,UCysVk8dzvSydsFklSu96HSg,801000,85486
요리슈 YORISHU,UCj8F8AXFrS0jpXWVkamylcA,10600,732
King Food 킹푸드,UCNmcTEOEOW89YtxIPQG9qFg,1640000,66220
자영업자스토리,UCyUJvPTlR-pklwT0APpFIhA,154000,24290
부천방송,UCOJtgNii4TaufnoA-01LmAA,13600,93
표은지Eunji Pyoapple,UC9K0rLE1SMh86nVxzkCBpNA,2000000,107347
INSOO & MAYU,UCzWD3TAXin3uyQPXlN3MVbw,17700,1526
볼매여사tv,UCh9CAn408GQhFx1d9Alydbg,16000,1365
Sangchil Korean food cooking,UCuLV0-SpvSA_fd60D8sX8jA,11300,3781
웍제이,UCNfRPuwW-hBNjZQc2tb9e3g,74800,7254
핫세[HotTube's Diary],UCT8SRDYYHwV4RwotrU00A0A,62600,1859
Eating what is Given 오스틴,UC_lPYQ5ddh506aZ9CcEUIig,137000,1007
슈왕 Chef_Shu Wang,UCUkEZPjq4BSwWc9MkucreuA,13100,820
선식객 - Sik Agent,UCIf88IZHDFVQ0jG9qnY0NhA,31300,1144
남자의 취미,UCducfzODC9lt4cR0tZBOOxw,285000,10404
엄마의가정식,UCDLxnMLoGSRHYp7jsGVb2yg,139000,8708
노장금TV,UCtuFPfep1gUMJD1hieSkvyQ,11400,107
뚱열이형,UCsNhrVZ3OnwsjjbgRYPOyMA,11300,139
섬마을훈태TV,UCkBoDzncl64EZ-Ggh4g5pCw,545000,43606
아델코바늘 Adel Crochet,UCanfXQ5hNSHwMtxOgg6ihnQ,689000,24021
야가다 주호,UCSpj7T1DuVUA5U7DaLS9Lzg,37800,190664
진상처리반 [jinsang TV],UCsEphGNFU7nkVrgXsX-R7zg,140000,2315
라온살림Laon_salrim,UCopY5Bfjxcj9ZkVBtenX9aA,235000,5369
고봉이네 Gobong's Story,UCeCmOrVaCGwKGMIWP948WNw,13700,152
떡볶퀸 Tteokbokqueen,UCAoyR-sL6B0S93AMR-HVTvg,652000,134529
방구석광부,UCqE1H2Rc6EIU2Fx5lzwLCdg,143000,93
맛집오타쿠😋マッチブオタク,UCwyaafBJhy77UoFc8PrMLiA,48400,1007
FoodTory 푸드토리,UC5WgT84wRQkhKfUIJI6Pl2w,95000,3333
슈가레인 조한빛,UCY6-zah4BaTfM5lb5QbX_aA,14700,779
양자야 yangja,UCsjXKHduDVkGGtHItRVlA-g,45600,32408
오-하리 O-Hari,UCO40W-yuMnpSUaN3Ti46F9A,229000,22980
까치가족 TV KKACHI Family,UCEOhtAkf0MbKP_dvUYWcPNg,70600,19684
사랑과 은혜,UCjJCcXQ1al2Wbq5mkVDYcaQ,58400,1040
마더쿡 Mother Cook,UCCKMOUzcg1qSXlJcd2jCemQ,15500,6208
(色示味) 푸다트 FoodArt,UCC0NzGgoVIdZoBd7QT4f7VA,17400,7
CHEF OBANG,UCrUEXP6hWij1STtjO4MGLFA,419000,17208
비연Beeyeon,UCowzNAHxPyiZoIfodZCouiw,268000,124080
베이크앤미 BAKE & 米,UCuHLhPEAckdINL15Cwdj8wg,15000,2676
맛좋아연,UCJV_QOD5n-9AzrVGzZ_-mog,171000,14346
과나gwana,UCZVD--cl8FLRn7kmSudAuBA,999000,35574
상하이신 ShanghaiShin,UCDYcFxOUYQgFaFtu4I6_uyw,21900,3427
아리 AREE,UCTNjpHEtyz4PTFfYfYsv9SA,10600,252
스튜디오 수제,UC4ZA57iJrf73bJlApKFeLRw,1250000,568234
정인숙 자연 발효 밥상,UCK_eNXVz67P6zwPo28tb2GA,53500,7439
국전문거창,UC_68ISPbWhbx9So4YMtsORw,11600,21973
마시즘,UCKOwuJ5n5XcvCW3NbCwwd7Q,65300,18590
live fish fillet 거제도 수아아빠TV_ (dress Fish),UCUBJd6JEUqmjgttfWK78m_Q,122000,3067
맥형TV,UCFl-99LMN1M90gYtaRpT2sw,114000,3020
흑백리뷰,UC5T4b53jVkm07JbYoyYiu7A,833000,1426204
もちちゃん,UCagvBNz5N09i3hrneuWgPmg,27200,9451
양희경의 딴집밥,UCfxSyqDWlIY4eyBPW64lZ5w,138000,10617
흥삼이네 Heungsam's Family,UC5XuQ-xiWAB6f-qu6gJMDBQ,3930000,500056
웅이woongei,UCK72hqlUxI_E5VwL4cy8-ww,724000,252311
쿡잇파파 C.E.P.P,UCpGhouGKBKz8bulck-eFVhg,191000,33252
워커제이WALKER.J,UC7zXyx0M1Nz2qb7zgfOL0_Q,230000,132928
지순이네 jisoonhome,UCLIf2YCmdcDNNZ1flu0AwKA,43800,6202
팔숙이 palsook,UCI64Eh_rwWGNDOqrXAcSL8Q,358000,46528
햇살의정원,UCm1f4fAeBy7j26ksfrWrlMg,11900,428
면부장,UCGrTTJzlqk0DCkaUckWaBPQ,115000,35555
쪼끄맹,UCVYfq00z2b38Z1EK9BMwsWg,16400,392
집밥 korean home cooking,UCrpB5PigomcupI9PTRKioog,1140000,96008
오렌즈OLENS,UC2OB5K-Rdmu01FuH-2tej3g,15000,79628
쿠키런,UCr-Eaw_CBpAqKHbzV_GidQQ,192000,7176
스마일살림,UCtaflAMl4wvwXseK56aweMg,92300,9755
와지트 WAZIT ,UCfFi7-7_41KLVYHJtZ_wbrg,112000,1506
생선선생 미스터S,UCGBf_AlWXkwfQ8R3lclRFbg,188000,123646
뇨리 티브이,UCRcj0GSaOmDdFukahVS4u1A,389000,27438
코우지 TV [더 상생],UCL12ddKeiBTMGZ_g6X7PhXw,400000,32405
반아트는 주행 중ㅣ酒行 中ㅣVanArt Alcohol Trip,UCbGLsl8gGB9Ly9lKDTRx5qA,31600,28296
HIU English 하이유 잉글리시 ,UCMpuf80FwKLHrELwDXqZH4w,3330000,440407
네루짱NERU,UCfJvjZ4pYpxNQQEevBuY_XQ,442000,163513
여수MBCPrime,UCwWqBWIe72xKV016rcXGaaA,183000,3383
쩐슈,UCY3r5c2-cpUgXycsLFL2Xiw,16100,8331
“먹방 몬스터 울산마동석” 💥,UCb2DTKil5JT5zoQb5PFuVwA,91900,175321
나무 도감 공부,UCbwN-xWm7_1Nm6_t5zQ01zg,20200,838
빵장금,UC_L8BUEwRI2DDb2eew5LK-A,36700,4271
돼지수산 158,UCRgBlQGkRnlx3Jxv-PNStSw,13000,1062
이계피 요리채널,UCepLjVoNirPHYWI5andIRPg,28700,129006
부엉이TV,UC8rHHiicfjVYf1Cjgbd5X8w,18400,12533
밥상차려주는남자,UCKRyhheRuLLDGuUn2YoFFFQ,811000,107938
묘미Myomi-텃밭,UCpC2tVXF7NFUDTFSep9ZIjA,37400,7513
Saeron Life,UCmnxRmoAsHpPQmbFD9OiouA,241000,1578
셰프애찬,UCPq6-xGm6uiuE8pCT1DO8UA,13100,890
개구경tv,UCrUCuOfsoTDUox1bjoIyKwg,20100,685
앵우[AengWoo],UCVRUiOBn68y0xJv5pT8qlOA,44600,257
함께해요 맛나요리,UCVXx89z5j3gkQMGScNqmWjw,1630000,77471
한지일TV,UC9FwiDmhOa95MDqUHso8uIg,28700,6764
데비마마 DEBBIEMAMA,UCkEm9nRSzZxB6FinIWnbJ2A,31000,3358
던킨 TV,UCsGLBBGRlBSCzRGYaEZTt0g,46900,7451
범프리카,UCEXeyLyyev4jxN4pwmr9Eiw,265000,164253
마시즘,UCKOwuJ5n5XcvCW3NbCwwd7Q,65300,18590
팔숙이 palsook,UCI64Eh_rwWGNDOqrXAcSL8Q,358000,46528
“먹방 몬스터 울산마동석” 💥,UCb2DTKil5JT5zoQb5PFuVwA,91900,175321
쿠키런,UCr-Eaw_CBpAqKHbzV_GidQQ,192000,7176
쿡잇파파 C.E.P.P,UCpGhouGKBKz8bulck-eFVhg,191000,33252
가평코난,UCNfLlYC7wObdSLrh7kUf4lA,40200,3042
인덕션 요리하는 남자,UCzd3wYTQRSAYI4mPylOerJQ,23300,311
청산별곡TV,UC_9JXnGVBdN7NeAb7jgitcA,107000,8396
h퍼즐,UCrf62gEqaGK2saKj_oU5IYg,20000,523
호치민주부 미영 HCMC JUBU,UCtKmp6x0aVJjp_ftiN70jmA,13100,1060
푸드투어FoodTour,UCqXgXRW_Mvzj8_o3DfObuyQ,42900,2225
[좋은남자],UCZ7GPhyPT-HK6bojnpdhSXQ,20800,4129
홍영기(young gee Hong),UCWuWpKhbGev8Za4J-jfdSXw,635000,30929
춘천약초TV Flower tea,UC57ykpQztHaV1yWcseWDMmw,17000,393
정육왕 MeatCreator,UC1oXmhvYHVI2bApphh3IzuQ,764000,210177
효비HyoBee,UC60126GZFq0ALxVjTcl0QrQ,55000,9057
한국맛집여행,UCA9lrJO7IC-akkOrdG_kZew,15500,3088
숭부지🥢맛집쫓는 개드립퍼,UC1itlCNdWidgM9eUsuWjf5A,21100,2721
방랑자채널,UC6EVblMaNgsx5P9TuqlE9SQ,66400,7074
GS25 l 이리오너라,UCl0HemfAt7dShJRf59_cuGQ,1050000,148009
예소리SSOL,UCxvX64o-lJ9m4Co9zm6druQ,246000,30672
정육점아지야meatman,UCW78wkSCCBpad3Yg3JZYy-A,195000,3809
나나&나 nana&na,UCxPsmOVI09rLoeB-Q5E4KiA,34900,77
옥수수콩,UC1JKwATe3aSZUsuqFhnR5BA,11700,1392
시골마이라이프,UCyVsAOUWUWdIwOpIX0URsWg,27300,2898
VLOG 제제 (JEJE),UCSWpQJPREdwxwF0uRnOwimQ,13600,152
이마트 LIVE,UCojm0qrKPoxt6lc6J4iDCrQ,707000,795310
우리의 한끼,UC31ZRIFnArPZMp78FmbFAXw,23400,10770
오렌즈OLENS,UC2OB5K-Rdmu01FuH-2tej3g,15000,79628
여수MBCPrime,UCwWqBWIe72xKV016rcXGaaA,183000,3383
스튜디오 수제,UC4ZA57iJrf73bJlApKFeLRw,1250000,568234
정인숙 자연 발효 밥상,UCK_eNXVz67P6zwPo28tb2GA,53500,7439
일극장,UC3zHBZWes6ZbnnciAekUVCw,97300,190997
세라는 술말려,UCmE4NuTfSISuz6UFiktosag,97900,23641
한솔요리학원,UC3h6PKGEW3kXppf-2Sz7P1Q,13700,4578
코지데이 CozyDay,UCEyuopMY0Lx5b5PgCH03FSQ,562000,4246
조재원,UC2o_y872S6YvaO1K8EYnoxg,2150000,647078
-산라가만들다,UC55T49igez4-r1iv7bAJezw,26100,1785
김사원세끼,UC-x55HF1-IilhxZOzwJm7JA,433000,19778
yeolmoo열무,UC3S5RJSHvGtsnoyS3qUKUBQ,84700,3976
털난새우,UC13xb5Ehc9qS4Moey95DvHg,73500,26054
커핑포스트,UC0qnwwpDhqPmrYegf1bPO6A,52300,2488
자연음식산들바람,UC1IkVnd84Dj3L1w5JjryKJQ,189000,8126
나나먹방 Nana mukbang,UC2_hzdvP-j569djTquAed_Q,218000,108090
로루맘,UCzR42kASpewEQUIcSXxGZ_A,23300,80420
도이Doi _ 솔직리뷰,UC_btQZ67ZoF76xIHeOWsA2g,14700,1513
도던,UC5XELM2gMbAQ2rv_TI2PsLQ,33700,6086
 as it is _빗소리 asmr,UC8jEfwIP-gZz-xknBimbrhw,13700,2556
세상의 모든 와인 All that wine,UCTFjxmJVbIr-bqjyFkmdMAw,32300,10289
럭키 주키파 냥쌤,UCUSvedwAkAsR0Ii3qzsFz7A,13000,4704
삐유 _ 홈베이킹,UCWi8b84fdEWGagiw2LWTCRA,16100,3021
박일만,UCWBdy1Q13pbAENUtLJj4FWQ,560000,24048
Pohang.guy.포항.아재,UC1qHb86loeEHMY6rpW1vg0A,385000,17769
탁선장,UCQFFNPnL9-Cn8k6gGOiJicg,44500,9071
거루TV(GEO.RU),UCVIUkkWqnB4KQlGOF9Vy6LA,124000,4959
마스터셰프 신동민,UCVU7xNN0kCNnt0ed6_v8XkA,115000,17665
yedy101,UCVaPTUuJy7tFC8YAYW6GRqw,424000,14954
주당 김자케,UCXYCWK12UPsuA3w_VPNI6dQ,115000,4265
알콜인생 시비삼촌,UCXealIDwlGey002JgVml4Tw,10400,5345
에스피식 SPCHIC,UC8gfmaS0FWQlyEErd80sTQA,22800,41512
외식남[o_sik_nam],UCH5vnX7F488EZVmiGRewwdQ,22000,488
GONGSAM TABLE 이공삼,UC2B5onlYkZ7IaVekR9yIB6w,15400000,1703869
hongsi 홍시,UCjZhSJP6ridQzH75e48wyIQ,615000,59424
빵딘 Breadin,UCkumyYu10MyI9brQokpPWyw,134000,39812
운오집,UCYXrU1RWpdv6RvxgMfg_0eg,32300,2130
또윤DDoyun,UCQ78pL5DDj0qTD_G9X2ntXg,10100,215
결이다른사람들,UC8kiAbtD3GWNeMt8joM3x1Q,12900,2426
Kimbab Family,UCEbUaLtY-orZLMG9wOLfDLg,3150000,254997
야미보이 Yummyboy,UCiiV8stcewhoCNyiErr7GtA,7960000,494122
아투더빠 김서방,UCMhTqLSd-ltcimx6FJX_q7Q,17900,8982
임나,UCG-1INCBCaEE_nApARQa9Jg,28100,6113
Seo jiwoo ASMR 서지우,UCEdpGZuYOn_WdwGN1c5Cetg,341000,60377
판다큐,UCrNPMIais-sBkUpbDe7skPQ,14900,213
딜라이트,UCHRrKBVVIuP9jqCCfC-Bu0Q,2200000,126030
인생플러스,UCzbZkBVdQks4tGGGyOoqHeQ,90500,72029
헌터퐝,UCoPTIaKWLi3vtImEQrx32Ew,1690000,346893
스타필드,UCzdHgBttzAIOKW0_CAiaMUQ,172000,63019
효닝 Hyoning,UC5jHGolFUNHe0HsCJEKbb3g,445000,31726
팔도 공식 채널,UCHE3u5tV5WPyYG6QzIRNwSQ,68300,175028
시나몬 cinnamon,UCP8PHFHYyoW-85iAm40w3_Q,19700,6832
캘리애 빠지다,UCcDZPjAsL2EBy_Lz45Lp8BQ,41900,1253
영양고추 연이네농원,UC_4zNDzvvzTwhxJkPPkVDIg,32700,1028
Soon Films 순필름,UCdGwDjTgbSwQDZ8dYOdrplg,1760000,105834
한스 HANS,UCNIam-lUt69PyGWFDRYUuzA,496000,494069
초짜낚시,UC2p_1UG0IjoRfAo8rmVsmKQ,230000,17654
Zespri Korea,UCbXI3MhDwtjcXmFapjCEcJw,15200,8575
오조,UC1zn6wSMvwRt9-jOFEJ6yMg,266000,2800
한국 맥도날드,UCh-PIUDPlZkXnwU5zgX_oAw,104000,2189139
버거킹,UCEKRI0fipK4LEgV98nI2CQA,51100,119044
올드패션 Old-Fashioned bakery,UCfeNRv3gLc0nnlzDQCs-qvw,228000,17281
롯데웰푸드 모락모락,UCpvT-53Ki7d9Z0PWKC6fGOA,139000,6181
부부세연_seyeon couple,UCh8wbl38bTgyiQPKlopZWZg,162000,100
#품바매니아장털보TV,UCkhq-erzYr-Ki_OZUuNYaSA,78800,8053
monster gourmet,UCngw6cNCHiqRxv7wmLayH1w,198000,4609
풀무원 Pulmuone,UC1UebYbC2j7M_IUHADtqOag,333000,1975
임실 농사꾼,UC6W6gdJBFCdVwjexmWU713g,89400,33901
Hanh Nhan Channel( ẩm thực và đời sống CANADA),UCNI1my2ptSUdJvSEqxWYAXw,32900,17883
세컨맛집 Second_Matzip / HyewonLee,UCqsgN2Q4cL6k39UX0Cyll1A,14300,1610
참살이자연집밥,UCPo2CGTk0Ydw4UJEAAUY5dQ,43100,1603
하루아루TV HaruAruTV,UCBcFgDKnfyw8GjcHw90MlXA,224000,7257
한식집 Korean cuisine,UCCeYWi46_h-GhmbLneUnCAw,22200,156
인아짱 Inah Eats,UCV6M_9-J7nuf13Igxn-DNww,749000,20784
장똘뱅이 [맛집],UCrJrMHnD1cwM_wrT3WufnWQ,11300,2773
리뷰타임즈#ReviewTimes,UChQCh4bvbkc34pkSSqpgkVw,11700,561
고태후니,UCydpPyWKFJi3ljDX-4coz7Q,100000,9463
쏘대장,UCrktsSopGh4xCdK1WrIKG8g,496000,4840
늘밥 레시피,UCFdUCUUYqDzOU6NxOMpdC7w,25400,17659
설당먹 SUGARMUK,UCm1-w59_3Ksj5jqAkx-ebnA,17800,2533
신미부엌,UCum7ElakYnMKoxU05sjofIQ,17100,20882
키보드부수기,UCEr-Anuvkncw6ZBCMjrvI1Q,20500,807475
알로아_홈,UCIvhV7YLzh0eGH0ejLrjt6A,25400,4198
정위스님의 채소한끼 Monk J's Vegetarian Recipe,UC9llwxFqOOcDZnAlPx8JuKg,100000,6754
Foodie Romance 푸디로맨스,UCqS5t1v9TzSIiZIBAEgPHcA,16600,25676
배고푸니,UCx4UjuynEjn4NC4OnXzkmdQ,12100,2055
韓国人ヨンヘ[韓国旅行 韓国グルメ最新情報],UCbriN-2SABqP_71XV8JG4IQ,20800,1429
Food KT,UCURWD7-9HZmZYZ0K3Vk00Jg,28700,11080
과장말고 사장하자,UCM5nKsD-ZcmURptptXeicYQ,255000,11144
58청춘 [58YH],UCXwGJ6ycKvNkUb8vmVrb1_w,23000,378
장사반장,UCabbKaSrhHPblkH23JfdV_g,16900,2546
래안 농장,UCz3Q8WeFHhUtNvG1hU9ZX7g,58600,29572
언스페셜티,UCQbHLJN8rG_HPhnmvu61QaQ,16100,2408
오늘도 베이킹 Baking again today,UCeOwi85w01FOOi9VGOdlRaA,215000,15349
먹둥이 혜이니 MukDoong,UCsp-BK2eitBYzY5HgUrqK9w,18000,3232
JINRO Global,UCxZc01xmVRLeVYNI5iyhAsw,358000,540
제당슈만,UCOV_BpGzvmH7ZtjQOWg0bSQ,20800,19804
김알파카 쉬운 인생,UC7AkdDZ21EXwL5vr4CmFvbA,15300,1771
푸드스토리 FoodStory,UCKjq5UrlxXqb7EgPwZl5JNg,1140000,27218
바리스타홍 baristahong,UCh4TNvx1G97z66ohA-iHBSw,17000,7618
지탱크TV,UCP_Co2tfuSX_YJ3zkOCTNjA,56900,1323
요리무사,UCnYZduHHeDcsLE896a9aTlQ,47700,5353
쿠킹 프린세스 cooking ,UCVDjIdGqYxRUk-upINopUNQ,281000,16098
배말랭,UCZ1wYQHk1yVle18u8FA8AvA,643000,235939
[Mukgang] 먹갱,UCGOYrCwp_ks0b4f6XQwaS4Q,618000,52511
최송죽의 톡톡톡수다,UC9JqWNkkfQ39quNti8-PiYw,35900,932
이정현의 집밥레스토랑 Home Cooking with JH,UC8ZirMMChf8BaKKbae3Sl4A,130000,1479
찐푸드 JJin Food,UCdz7HcTQOaHCoAEJBs-MlNQ,3220000,242514
NellMoRecipe 넬모레시피,UCLKWqve7WEs1DYNvafcujbg,62200,6644
야미야미YumYum,UCU0OdLJZ61qZwt9P4g6nWPQ,456000,12580
니스일상NISS,UCYyBBZ9rBYjbA-oHENepISA,13100,1355
필드민,UCBEMf9Z0YlvXt913uWt64ag,20200,343
칼맛나는TV,UCPZaUnhJWtirm_erLyRaiag,15900,7488
쑤롤로그 Sulolog,UCrSg5JNn9vwAWFgAe-TXHnA,12200,2690
먹보부부 Mukbo Bubu,UCA-0BOUSHN4Y69TbP3-vhhA,21200,4192
테드베어,UCGM5x3VQFHmQj1K6kSmp8Sg,21300,804
착한밥상TV GoodTableTV,UCPKJ7p3024QrPHxItYIvnOQ,73500,6821
푸드인 Foodin,UCFXigv26l81ZBaKz6RakL0A,143000,18922
주제도 모르는 놈들,UCZk7hFXT_ZsCwChsYtJT-Tg,12900,2233
주부의 집밥 요리,UCecwU0Adb0SUQHQjxLygW-Q,13100,1781
jellainkorea 젤라인코리아 ,UClN1a2dpx5J8MX2czwyWzXw,229000,121206
"보상데이(엄마손맛,요리고수★) KOREAN K-FOOD TV",UCXxrIeCbAwSPpl8Uw_0LnOw,61700,25105
장사반장,UCabbKaSrhHPblkH23JfdV_g,16900,2546
테드베어,UCGM5x3VQFHmQj1K6kSmp8Sg,21300,804
먹보부부 Mukbo Bubu,UCA-0BOUSHN4Y69TbP3-vhhA,21200,4192
착한밥상TV GoodTableTV,UCPKJ7p3024QrPHxItYIvnOQ,73500,6821
BenDeen,UC9d1Mz9bzCE-t_t0lPnrjPA,1500000,52921
챔프형님,UC0i4Dv5c6u_hvwl_NV89zzQ,11500,2620
#품바매니아장털보TV,UCkhq-erzYr-Ki_OZUuNYaSA,78800,8053
팔도 공식 채널,UCHE3u5tV5WPyYG6QzIRNwSQ,68300,175028
한국 맥도날드,UCh-PIUDPlZkXnwU5zgX_oAw,104000,2189139
Hanh Nhan Channel( ẩm thực và đời sống CANADA),UCNI1my2ptSUdJvSEqxWYAXw,32900,17883
쏘대장,UCrktsSopGh4xCdK1WrIKG8g,496000,4840
고태후니,UCydpPyWKFJi3ljDX-4coz7Q,100000,9463
롯데웰푸드 모락모락,UCpvT-53Ki7d9Z0PWKC6fGOA,139000,6181
JUN PARK,UCZSH766U432soepRciQvd3A,16300,2982
세컨맛집 Second_Matzip / HyewonLee,UCqsgN2Q4cL6k39UX0Cyll1A,14300,1610
참살이자연집밥,UCPo2CGTk0Ydw4UJEAAUY5dQ,43100,1603
버거킹,UCEKRI0fipK4LEgV98nI2CQA,51100,119044
마이뮤지엄,UCtp-eyUmR_qCqmB6AKDd1GA,18700,896
58청춘 [58YH],UCXwGJ6ycKvNkUb8vmVrb1_w,23000,378
Food KT,UCURWD7-9HZmZYZ0K3Vk00Jg,28700,11080
설당먹 SUGARMUK,UCm1-w59_3Ksj5jqAkx-ebnA,17800,2533
칼맛나는TV,UCPZaUnhJWtirm_erLyRaiag,15900,7488
잡식맨 JOBXICMAN,UCVILvX9vIp-vMFGmCYJtG3A,177000,79867
Emily in Korea,UCQZ0QEGFyXr_-0kEoLfeVjA,179000,20315
쑤롤로그 Sulolog,UCrSg5JNn9vwAWFgAe-TXHnA,12200,2690
ХОЧИ МИРЗО OFFICIAL,UCQIRfILXbBeCi9qW1HOA0fA,523000,32513
ONFOOD 온푸드,UCSmhWBsryu1APvhg3xQT1oQ,205000,42995
아이비티비 IVYTV,UCCj5MHfasGt5fWcb0BKeXCQ,77300,5054
푸드스타일리스트김윤정 _ 그린테이블,UCnP8Ui8adDM1XWCRfZcEYOQ,29200,290
아따아줌마TV_전라도할매 전통요리,UCEaMCxSN69-bZjwtSFYcghg,102000,1531
우따미tv - 웃음꽃다육 Korean succulent genius,UCPGlTVe2Alfxi919vgx6UUA,10000,43
고팡 GopangTV,UC4M0r-r1pMcf57OdRgsWVkA,18100,4382
최송죽의 톡톡톡수다,UC9JqWNkkfQ39quNti8-PiYw,35900,932
쏘울맛집,UC7fnIzjW2FdBO4sSY82c_iw,102000,12505
로하Roha,UCrRn4Vat9iyUGtl6jPjG3IA,602000,10822
엄비umbi,UCtBt0z5O7Y31JMm4QlcvqZQ,141000,19280
NellMoRecipe 넬모레시피,UCLKWqve7WEs1DYNvafcujbg,62200,6644
집밥 연진이,UC9As8K4u9PgAhrpt9yvH9Bg,11900,3680
푸드스토리 FoodStory,UCKjq5UrlxXqb7EgPwZl5JNg,1140000,27218
이정현의 집밥레스토랑 Home Cooking with JH,UC8ZirMMChf8BaKKbae3Sl4A,130000,1479
필드민,UCBEMf9Z0YlvXt913uWt64ag,20200,343
찐푸드 JJin Food,UCdz7HcTQOaHCoAEJBs-MlNQ,3220000,242514
푸디랜드 FoodieLand,UCHy8o-_zR_vHqpPN4uNUvkg,2210000,71446
김알파카 쉬운 인생,UC7AkdDZ21EXwL5vr4CmFvbA,15300,1771
CU [씨유튜브],UCsM07dUwo0WOWhFbVsG8K6A,911000,202906
원필름(방송국),UC0jwU93UpwIyTlCzLn3N0nQ,22600,3691
설기양SULGI,UCIafb9ExBkh4WsCOagZssZA,16200000,1182616
롯데백화점,UCpBkdV5sGB9v80H8XTewtcg,153000,8180
포스코 스튜디오,UCGu-RtRyCaWQl32YoOh4WNg,338000,136752
Multi DO Challenge Korea,UC03Fp4_VFeH877272fjdihQ,332000,147723
메기간다효,UCpPB65X6Xhzmlx2A4DSQ-Jg,65600,9210
성공스토리,UCuV7tHJntXmXjIhbuYgFgsQ,119000,46299
전국집밥자랑,UCY60BF0M8RkXvmMQeKp2PSg,248000,376277
오돌 스튜디오,UCD5m0q_YTTvWthbAy1cCiEw,64300,3953
맛방_이성희 맛있는 방송,UCJSmPF7fqYgT-PXSUzZQYVQ,11300,2411
나휴숑 nahyushong,UCI0hqxU5ImdZa9gQ8kKyv1w,18800,1485
현주엽의 푸드코트,UCj515KkJRYCIUbenzrbuXgw,138000,244092
먹다,UC-sNR0PB3oZK0XpyJKprrdA,60100,98
로하Roha,UCrRn4Vat9iyUGtl6jPjG3IA,602000,10822
쏘울맛집,UC7fnIzjW2FdBO4sSY82c_iw,102000,12505
고팡 GopangTV,UC4M0r-r1pMcf57OdRgsWVkA,18100,4382
지수씨네,UCAGomVTpBAQpKW--78X_lyQ,51000,5085
ONFOOD 온푸드,UCSmhWBsryu1APvhg3xQT1oQ,205000,42995
울산남구여행,UCIHVckqVvKSxmtvP7qDBhaQ,15600,1275
이수길TV삶,UCB7x2bM7m_tJ-9avDahK7Ew,37400,4538
planD플랜디,UCPaApoLkmPqxCeZF7gjoc3w,2340000,86313
AZ짱 손병호,UCEuayn5HiIrFA026a7dtlNQ,62100,6723
미미다육맘 ,UC9aAvktfybOVzccavCNYfIA,21100,1037
신애라이프 오디오성경 Shinaelife Audio Bible,UCjWXYUaa_IbqIoqu6u33tLw,76700,2965
츄미생활 chulife,UCAO40mq1_TWTdXTKWcLfbwg,17700,12443
자연인은경,UCzlwvfQeKPhODjgc2ZJU9dA,120000,51600
수연이네,UCFmJ5rrMym4HiJ0pc0hjVTQ,41400,4759
서엘맘 Seoel mom,UCbUC6-hNh1itGbgDa_e9kNg,32300,3310
범진뭐해,UCdStZGGtJlnvtPBLMjKOjSQ,13700,1559
산골맛집김선생과 제2의새마을운동 ,UCet4VXBGsHn8PRUOOhnCFgQ,295000,3836
이종임 스타일 채널,UCTIiGl3YTwzyEsArwlOExsg,301000,20057
덕이네이모,UCr4nfqTHGnHBdaBSWNG_buQ,28000,42999
쿠킹샘주방 Cooking Sam's Kitchen,UCjsxEVJ_Y2TkwP_oCekaz9g,18900,2261
똘맹타로,UCi4NDFWWMohmHMWxBd-06kA,15300,1422
사위TV_요리와 일상,UCcCs2Xsh15EOFRVpLNqHwug,14900,4241
배동성&전진주의 정밥TV,UC6RT0rczmhSSkWwQvh0hPnA,167000,3926
성시경 SUNG SI KYUNG,UCl23-Cci_SMqyGXE1T_LYUg,2240000,1478374
홈쿡쌤,UChRwTKp_mOTtqeJUeHgfZag,15200,2032
줌블리에 Jumvelier,UCxlfm7xSunwkslwJLS0VKsA,20000,1357
엄삼용eomsamyong,UCAlU6Ntbr3Lcsyf9tmSIkPA,131000,13039
독거또랭이,UCJx1ZEGRrmr2Rcfht8jOhGw,29800,23214
만리 manli,UCovVRKbRSpl6VaUbOYuvLAw,563000,178500
메리니즈부엌Meliniskitchen,UCB4JlWU3Vcev5pkyIdeBMRw,1100000,30462
건강한 사계절밥상,UCNBFvWLTlPsK6rpRpBv6Ecg,16900,1520
[Toto Project] AI 육식토끼 토토의 미식 렌더링,UCLVAE_pcl33ELKMH-v3qKhw,29100,1458
jofer lorenz semillano,UCGCl-U-6ilCLV3KPoMQcW9g,251000,494
가루씨의 집밥Garussi home cooking,UCvEuV4SJ4huzWHIkUmYIgnw,479000,222393
까망 레시피 kkamang,UC7X2eb6zU7YY_ccL1JYNKhg,119000,9796
도남이먹방Donam,UCftypYUp6boUauNi_P5WdZg,2340000,68053
발효비책tv,UCBNWBGHXpYzoBqucDM1NOGg,15800,660
(작사작곡가)골든아이#음원발매,UC48wNsIXU0ayfiAblWCKNGg,11500,532
퇴근남유경우,UCqUvPiIkV6fnzOGXmiiUL4A,428000,174343
DDM ASMR 땅규,UCqGZm-olwtL1i4_1xmeeyXQ,775000,223732
조정현,UCXqsvL6DG5K2fVEvApbkUOQ,14900,29027
베트남 서기티비 SEOK2 TV -서기와 베트남사람들-,UCYdkpsHrZukaez4-VggOicg,68700,25961
이수길TV삶,UCB7x2bM7m_tJ-9avDahK7Ew,37400,4538
AZ짱 손병호,UCEuayn5HiIrFA026a7dtlNQ,62100,6723
성공스토리,UCuV7tHJntXmXjIhbuYgFgsQ,119000,46299
마이천 MY1000,UCNI31C0aEEUD4cjC03w_xPA,23800,5176
현주엽의 푸드코트,UCj515KkJRYCIUbenzrbuXgw,138000,244092
작목반장,UCyiU2bARGxHy01g9-GdYeYQ,167000,46936
먹다,UC-sNR0PB3oZK0XpyJKprrdA,60100,98
planD플랜디,UCPaApoLkmPqxCeZF7gjoc3w,2340000,86313
형만 HyungMan,UCsrwIw5KtyFm6Kvs21u-DFQ,23700,17796
ゆち유치,UC3Q2nVhbLW2USJtANr7vEhA,240000,73586
Condé Nast Traveler,UC3TIRH4PPSDde66Hg5wGh-w,510000,41273
밥상위의 국가대표 우리돼지 한돈,UC3VWjktKvTl4km6f8Q3KjWA,11600,12416
맛방_이성희 맛있는 방송,UCJSmPF7fqYgT-PXSUzZQYVQ,11300,2411
서엘맘 Seoel mom,UCbUC6-hNh1itGbgDa_e9kNg,32300,3310
챔보,UCyyWcEhqfaqJQ56XdA44RYQ,554000,174082
메기간다효,UCpPB65X6Xhzmlx2A4DSQ-Jg,65600,9210
배동성&전진주의 정밥TV,UC6RT0rczmhSSkWwQvh0hPnA,167000,3926
각궁이의 맛난소식GakgungTV,UCNbLi9EPm4zYt3KuAcMv3Bw,10800,7224
맛난메뉴 Delicious menu,UCGtPnX9NC7zZvE_s7RhR0jA,333000,109647
창업의 형 김종구 대표,UCFKwOdHrCc1PJw-8BBPtHuA,63900,51106
커피하는 람쥐,UCKfu_os4wmPOQdisVqAqQTA,89700,49446
산골맛집김선생과 제2의새마을운동 ,UCet4VXBGsHn8PRUOOhnCFgQ,295000,3836
똘맹타로,UCi4NDFWWMohmHMWxBd-06kA,15300,1422
사위TV_요리와 일상,UCcCs2Xsh15EOFRVpLNqHwug,14900,4241
이종임 스타일 채널,UCTIiGl3YTwzyEsArwlOExsg,301000,20057
성시경 SUNG SI KYUNG,UCl23-Cci_SMqyGXE1T_LYUg,2240000,1478374
주토피아 - 어디에서도 들을 수 없는 술 이야기,UCQTLz_hauzjE4uheUy7ZBwA,29700,26580
덕이네이모,UCr4nfqTHGnHBdaBSWNG_buQ,28000,42999
집나간햄지 Wandering Hamzy,UC1EiHIhV6UDRWOY6BaEavdw,1180000,52429
영자씨의 부엌Young-Ja's Kitchen,UC2gasvQVxOdRht9ykwhxwjw,960000,55863
육식맨 YOOXICMAN,UC0VR2v4TZeGcOrZHnmwbU_Q,1400000,165927
은젤 월드 Eunzel World,UC0ry6ufHVkTnYM8XMPAHRsQ,15000,364
팔짜🐷💕,UC0m-NshV3J3lA_mI8txWUuA,11400,15587
청담다육,UC-roLskJmtw_g8x26iPxDsA,18300,1525
차예련 chayeryun,UC-YuM9j7aT4pkXGICFurAiA,134000,99387
괴산투스타,UC-28TVh9o8HbBTUirBuNwHA,26300,601
주들 Joodeul,UC-hZw14URZrz8rjDNqLepWA,47700,6922
Tasty Travel 맛있는 여행,UC084zOc5knHoHr81teIziwQ,1120000,38672
살빼조DietJo,UC26QQCGh66xFU_NjhYLwdQQ,453000,55041
도른 에밀리 Emilie Dorn,UCh0SoBL5L5bEz3Hk-mQ3Dtg,225000,36177
삼성웰스토리,UC3bYyFXsojf9jdUG-aL9JVg,19800,33154
쑥쑥 SsookSsook,UC3egV8AyVrnwUEOkGZB-s2Q,345000,135796
아짱이와 배짱이 Inah Eats2,UCDxjRlCW3fxW5PXUMhGYKGA,14400,178
백종원 PAIK JONG WON,UCyn-K7rZLXjGl7VXGweIlcA,6020000,75217
"울산댁의 오늘저녁, K-mom's cuisine",UCS4Sy_Q_3WrNIIjE3xLFkbQ,109000,22055
CHAEWON Family Cuộc Sống Hàn Quốc,UCUQZ9QEumBLRCYa0rXcjoVg,408000,4674
곰슈슈 gomshushu,UC4xLr5O6zAt9nfi9zEzZZ0g,62000,14555
소믈리에 케이지,UCWCLWodKLFEgFa5PINdGbUA,23600,10165
박준면의 낯가림,UC5Cg42H0vqvXQ_XLxV5U7nA,48200,287155
면상호[NoodleFighter],UCX1iUx9aO9d57NC3aNU3qlA,543000,416592
유스뿅 /  YUSUKE,UCT3zf4NvPUUAfABV-RLtKtg,17000,572
잼잇 Jam-Eat,UCTj67Hns0DZi6PmzzKR1MpQ,64800,52875
sini시니,UCTXuCSZxMDaneK7t6DVs21g,664000,38967
정호영의 오늘도 요리 Kitchen Caden,UCWyjY6ykM58LO5ipzRgIzGA,616000,142044
더들리,UCmJEpV4hLzGWLU5rrdOHMhQ,1180000,853669
굿찌 GOODZZI,UCCuC3tJoSXBsX75wcLehsog,1630000,286737
알콜솜,UC9jaCq6yEsds5PzY_Q3t17A,35700,1071
코지 COSY,UCcfKn5ex1g8zgK4eYtbReoA,635000,56354
봉이네집밥,UCBYPqdDhkxwtQ6GgqgkHrQA,32500,53110
한국 아빠의 맛있는 여행 Korean Dad Journey,UCjhb298FuLDckcZ6MEATkRQ,10600,6432
정겨운길,UC9t2C3PdplOsWFMiG8blm4g,10500,3687
로라식당,UCVO2DhlcXYIMJcTh6jmDJYA,15200,1205
빵타지아 BBangtasia,UCq7EVwNTnfkhyNttzPAPoyg,27700,2110
hy(한국야쿠르트),UCJvC_TykvjcmgulqsfAsAPQ,25100,225546
WhiskyNAVI,UC26XPHfafxDJtD8FL2cOjyw,11300,2244
엄지공주이야기,UC_xJyPezZcZB98N8bJcI64g,44900,2720
미팩TV미라클스토리,UCSumEwGVqyxK8paBkhgBLDA,127000,1762
롯데마트,UCvcEiiSBO-D0QX8vDJs1qzQ,34300,416014
애봉이,UCdwLMpZeFXN5ODyCO9warSw,90300,862
운주우성스님의 템플라이프 Temple Life,UCXpmZe257wmJ8BiPtqI0siA,29100,736
맛연사,UC0kLo6HUcwG3uwhqCaq6rNw,434000,12067
별난농사이야기,UCNirgeVfOTaY3GrtqueoIPA,38100,7581
만능아빠-TV,UCwi6btqNVsbWX6WFmqIoWBw,27100,289
롯데칠성 LOTTE CHILSUNG,UCzKFT7cBIKO9Dapikf6e3ow,124000,104928
FisslerKorea 휘슬러 코리아,UCIEU1PTkQMCb7IMlT0_Hexg,11700,18273
제이손,UCznduEvnjcVsnYXUw8QK6YQ,36100,985
Coca-Cola Korea,UCzCxSb_RYZuaiaP3u9QNR_A,110000,1517331
한존 커플,UCpTh6MA0SreNSNzPcemY8wg,21200,40500
줄리엔강 엔강이형,UCFyzGa2KYUAwwuJU-z0EjnA,352000,12132
HalalKoreaBites,UC99CsOVET0eMkM_lwszLvOw,128000,2811
Mr박부장,UCHsIxFH8kFNz5MgbOZ_GrJA,12200,1774
맛즐 ; 조이풀푸드,UC-NiIeWEem2yb9Zq-p9glsg,106000,34
수연이수연,UCJp74yNai3BP-_gZuDgsyAw,16200,6416
규리 KYULEE,UCeO-X7LzHBcO8NHKpvaIo9g,71800,4499
아르재이 (arrjaeyi),UCsKqR8SQu10cO6R-wzdVvpw,30300,308
연로미,UCUoaVI36xr9ipyRiyILHoYg,12700,877
비상금친구들,UCWRQ7bgo-gaBODRYlp3tvYg,113000,612
크집사빨간맛,UCTZhDJG4P_ex9A40BKVSHoQ,91000,690
거제폭격기,UC9rpMzC-SjMSrxhQElZDzTw,171000,27181
똘비 ddolbi,UC7_5wc5eeOXpt_WDheHgSjw,223000,38131
하지만알려줌,UCMZDNDG8_-04Km1V3UC_Nuw,29600,15877
빈쪽이,UCKX3Sk9drEK2TgdMD1_dNbg,14400,2420
86미미,UCzeN9YJZu-zwNYoylPxewHw,62100,5260
나진커플 Najin Couple,UCEDTb8RyfDp5I1DRB9hEIkg,82600,5518
이민간귤 LMGG,UCrGmzu_E2xDM92gUVzv2xHw,16700,1106
직업의달인,UCqwKDuZiOBV6EgD4CIxhh2g,68300,14113
후땡로드,UCJLMsInvp7j7ij5qCVlCB8w,16100,3810
서울 사는 남자,UCB6rLbWzClupm4FshWTnPRA,102000,16193
카리나의 삶,UCvD2njyGxgG9iG-RtmdsYTQ,143000,17770
먹두리 첫째,UC0ohH3nO4Xx7XtqoiaUEUxg,10700,5392
세계속한국인,UCk_S35G4UW5khtFvbA1iDxQ,99100,10638
강인 KANG IN,UCeTWemRIomXooZWz2zTxKzg,25300,262
인생맛렙,UCWkHEwAkgjfkhoe1O6HQTvA,45200,1486
구자돌이 GUJA Eating,UCIkEh4R_U_s8RxANU_7UpnA,18600,5643
Narr Mu Lay,UC2c4pvCc8GF_rIhgOxgGD-Q,291000,36500
첫째아들,UCGL-5gylJg3G7T7epVBnhtQ,475000,239944
땅끝마을 임선생,UCH89iJse_8YRE31xtiu1byQ,245000,25169
요요핑키 YOYOPINKY,UCnZ_FOKhwrBq9LsCJbDl_Ig,22600,61405
엄마새 mommybird,UChohCCCKwaZAXrfmdurxdyA,12600,2547
"30년 집밥, 배여사",UCHmMtQ0B59EuRRANVhiOPqA,51100,71257
김효진,UC9o3fKRDPJGfRkJJFn8RiRg,27600,7450
최유라의 Hey Youra 헤이유라,UCZNkx1fBaATbag4LjI_UvnA,107000,17533
임해장,UC_yQCVU_68rWQiEpuuCSMlA,26100,7458
전영호셰프 식당 요리TV,UCtE3Ie5txXVyMTHAKWfUwcQ,45000,1429
솔라시도 solarsido,UCNx0TXIuGVEA_TWB5H2I6Lg,3250000,48257
서진쿡쿡,UCG9sxoib1fJEcgv7nKcra3A,14800,647
애주가TV참PD,UC5oft5dVf43M2cFmhpJLVGQ,1510000,373967
버럭만득이,UCo_3dlrt49trusZQxZKQx2w,22300,12244
킴주아 KIMJUA,UCS5SSpJRrT5A6pEW3sjgh3g,59400,347
광수엄마 건강요리,UCaA33Jxr-f6kWRf0NbwFEIA,55300,6495
침착맨 원본 박물관,UCewitUbsXnyjvJjGgxa0IYw,457000,67454
스마일분재경매,UCED-Ab4g1cIRU90xqVvrkHg,10000,9898
365일 치팅데이 레시피,UCm86mketHL5xaWMASFc_QVg,39700,81542
Cooking Kun,UCQXInJpYzNel0vxsU5QZqAw,861000,14183
"노영희의 철든 부엌, YoungHee's Kitchen",UCEX7K2E5FN-v_uEqZuiYN3g,327000,8800
나나 Nanasserie,UCAsHJbPbGENF_KJYhcdV0dw,307000,33303
포크밸리-부경양돈농협,UCgf50OM3In2c5bBXXS0YTQw,20800,28465
피기보이 PiggyBoy,UC4yDkTiEcy3hJ9LfCdx9Pkw,1320000,36162
요리공수,UC0RNImusMRXzxoY598EYb0w,37200,2166
서하얀 seohayan,UC8Em6JHKZVbPf529G4nFAYw,93900,24697
산으로 간 달건 Mountain Gangster,UCZyGlONQHfpRicS_yrQB09A,36300,13505
ㅤ거제도 최군의 횟집 TV,UCKgCNBPk4lDIOquq17Jwg_g,76900,1373
박마담 parkmadam 뻔한인생주막 ,UCsZciD5J7zXGBfpqHebz_eA,10600,22207
금손주부 goldenhands jubu,UCqrxs9zXnkSKKJY75CjrXCg,11700,1299
승희얌 Yum,UCKA8TG2vauEYRHSQtzbBO4w,18800,4633
또딘또딘,UC5MEyyTTlz8d9M4AkpWx32Q,100000,9577
살림맨,UC7jL5tY32fARwuQf8y3lyXg,142000,24004
로빈의밥상,UCMSz_yah88yZMC6js2p149A,211000,59127
고기아재 GogiAzae,UCTnh0emT-bCQDQY_9q5yeEg,16900,2420
Melfe Borga,UC8Qbtlhyos3F4DTS3RcuyGw,101000,413
보링이섬,UC_hQ4MSYn_u1ET2R-UoQiaQ,15600,16322
정인성의 커피생활,UCKOPS30hZVdViQLq3UIcgzQ,16800,2434
꿈꾸는할멈,UCU-AygfHBqYREQpilArKHZA,14100,956
루다 테이블 Luda Table,UCFacbDFmny-7iNdIOdb5mvA,640000,535016
고요한 식당,UCjHNx24ZrAsHNmI4FCFxVgw,20800,9827
천뚱TV,UCF8W68PS2Ltz17lTDSptDvg,633000,17672
맛찾꾼 Yummy hunter,UCjF97oDlA-GXYE_j4Gw5c4g,18100,8102
청년 김행복(Kim.Happiest),UCD0ECOBOHWg1SVsgMz10Bcw,13000,470
쯔양밖정원,UCHrX2qBKBuS2aUZkvr-UdxA,697000,92095
gardenhong,UC7HVRZzjNb8BKVgsqRZEG7A,77100,5261
한 잔 하는 MJ,UCoSbhHxhoy2CSAK9SsbdT6Q,30700,1766
달곰삼삼 우리애들밥,UCeDBzhU5pKttTSaMAXAAybA,149000,841
Yummy Go 야미고,UCMeDHNjmybx1C4oNW4FiQ5w,897000,62373
먹어볼래TryToEat,UCTx3aCntDvkq-hGtOjKVSnQ,1960000,91925
류니키친 Ryuniii Kitchen,UCci3ekONGGf4njfCemeGsLA,203000,23114
감자수산,UCoM3RvtOktRKl0tdKRDTrcw,24200,11097
크집사빨간맛,UCTZhDJG4P_ex9A40BKVSHoQ,91000,690
자취요리 뱅_쉽고 편한 자취 요리,UCDGLSi-amZJzBLFoaC0IznA,41000,36782
엄지공주이야기,UC_xJyPezZcZB98N8bJcI64g,44900,2720
미팩TV미라클스토리,UCSumEwGVqyxK8paBkhgBLDA,127000,1762
애봉이,UCdwLMpZeFXN5ODyCO9warSw,90300,862
Coca-Cola Korea,UCzCxSb_RYZuaiaP3u9QNR_A,110000,1517331
별난농사이야기,UCNirgeVfOTaY3GrtqueoIPA,38100,7581
애플쌤 Applessam,UCX-xq5-sxAAGlLm4OewIKOw,19800,30
한국 아빠의 맛있는 여행 Korean Dad Journey,UCjhb298FuLDckcZ6MEATkRQ,10600,6432
롯데칠성 LOTTE CHILSUNG,UCzKFT7cBIKO9Dapikf6e3ow,124000,104928
만능아빠-TV,UCwi6btqNVsbWX6WFmqIoWBw,27100,289
정겨운길,UC9t2C3PdplOsWFMiG8blm4g,10500,3687
요리공수,UC0RNImusMRXzxoY598EYb0w,37200,2166
영차,UC7KOWCwcHv_uW_BvRs28SpA,288000,58106
승희얌 Yum,UCKA8TG2vauEYRHSQtzbBO4w,18800,4633
천재소녀 KitchenStory,UCYPD-uRGTj9gvz5Ng_Uyfaw,618000,36457
최유라의 Hey Youra 헤이유라,UCZNkx1fBaATbag4LjI_UvnA,107000,17533
Melfe Borga,UC8Qbtlhyos3F4DTS3RcuyGw,101000,413
금손주부 goldenhands jubu,UCqrxs9zXnkSKKJY75CjrXCg,11700,1299
또딘또딘,UC5MEyyTTlz8d9M4AkpWx32Q,100000,9577
독백tv,UCqnVjjcEHXk4Pj4XhMN7P3w,14200,3332
맛출장 | 마츠다의 맛있는 출장,UCd38-J2biRy64FGGIN8CKlw,28300,10950
서태승,UCDWMmcE_oPx4l6RgZ8JVkng,38400,102564
땅끝마을 임선생,UCH89iJse_8YRE31xtiu1byQ,245000,25169
요요핑키 YOYOPINKY,UCnZ_FOKhwrBq9LsCJbDl_Ig,22600,61405
엄마새 mommybird,UChohCCCKwaZAXrfmdurxdyA,12600,2547
"30년 집밥, 배여사",UCHmMtQ0B59EuRRANVhiOPqA,51100,71257
김효진,UC9o3fKRDPJGfRkJJFn8RiRg,27600,7450
셰프 안성재 Chef Sung Anh,UCZffS3HZmQz18zuCWStcfSA,1250000,508488
조시의 유학,UCUTILrcak54H05HoCtgFNHg,146000,42694
산촌tv,UCWveBrDFpKmAkMdGIDsX3GQ,17200,568
기쁨가득tv,UCITHl51v1aGOi2vksmaLDcA,141000,48239
Su:Cream_수크림,UC3nqnlhR3C4sTsT0IROH4rA,16300,3619
김김푸드KFood,UC4A4MaASYX1WkFAhp0JCwLA,73200,71757
투밥스,UCZnC5XlhVApnUjZk6h0zmLA,31800,10530
완도수산,UCHWcpVmNBfWvKrAAK5RXGiA,20800,4339
릴리안뜨개질Lilian knitting&crochet,UCMZdWAFe2vlELIK3nDqgUzA,10200,5782
삼대장 Samdaejang,UCa56qkMvVvq1IMn4xbXaKEA,1030000,219124
영월김삿갓,UC6KnqtxjfpKs9H4udPDBcEw,122000,26066
스토리테일러,UCJZGuNfcScNTG_y2p1P5MJg,203000,64032
서울우유 seoulmilk,UCPz4i66EweVQPddqYq7uULg,15300,1731
한식진흥원_ Korean Food Promotion Institute,UCMYWTWEIyAhd98yifsq6vEg,17000,436
여수언니 정혜영 [Yeosu Unnie],UCrIxxmIq7logJFN6Bw_1KTA,617000,79691
Multi DO Joy Korean,UC965VtcQalsk45JoVHcyWDg,80500,87750
우리동네단골가게TV,UC2ZcQ-XHobjEiexhNcF5DHg,10800,223
야코 やこ,UClhRyWfax9_XFGUZBpgXphA,77200,15165
환희다육,UCwUoV1cyNy0Gs9I3YWVrywA,12500,522
The Food Club,UC_PbcoGSJzuFdOeAwS5x2vQ,767000,34314
정령왕,UClY2gt8hKK9uslND8Tur_1w,13000,12257
애플쌤 Applessam,UCX-xq5-sxAAGlLm4OewIKOw,19800,30
하음쿠킹 Haeum Cooking,UCWkI9Qcm3vfRY0bZw71ZzYw,1170000,17632
한국의 멋/Amazing Korea,UCQMvqS3JDvRjo_5JfsXY1Gw,15400,487
그냥 원두 커피,UCEjNO0arGJ_K-sTe1Pr9O6A,54100,8777
황제 이발소 皇帝理髪店 BANGKOK,UCqKtSWurKQ3TIUHdH7APTuQ,14300,784
묘식당 Rabbit's,UC89ohZP3fITB0Hsb8jqNsMA,248000,41302
ひとりより,UCeiWTEUzY0hlbe4jFjNMPVQ,22200,13633
맛출장 | 마츠다의 맛있는 출장,UCd38-J2biRy64FGGIN8CKlw,28300,10950
서태승,UCDWMmcE_oPx4l6RgZ8JVkng,38400,102564
사군카페인,UCA7J-sgaaGD6BQKX4tYAn_g,255000,7139
노마에TV,UC8GBN6XX7ICoW0v9brxwNkQ,41000,2953
Lucky Doyun Family 🇰🇷,UCYVEmKA1m5Y6TiErpVv1RnQ,237000,32604
유수형 TV,UCVNbLEbA3nXhpg_HDEHEkZA,26900,1307
정개굴 Froggy,UCrNkpH9WudNrbsFN1AkL36g,28600,1895
단내솔솔 DANNE,UCKLyuCCluLY3X2xQezL7tng,106000,110970
🐕‍🦺아지이뿐이tv(한기형tv찐팬),UCTLkcm69bdWHTuJ7pC4OYHg,31100,9037
영차,UC7KOWCwcHv_uW_BvRs28SpA,288000,58106
맛있겠다 Yummy,UCQA89gPDjJ-1M1o9bwdGF-g,507000,42935
지하루,UCxzhVyVe-SkugB4Krg5kJFQ,121000,1768
완도수산,UCHWcpVmNBfWvKrAAK5RXGiA,20800,4339
삼대장 Samdaejang,UCa56qkMvVvq1IMn4xbXaKEA,1030000,219124
영월김삿갓,UC6KnqtxjfpKs9H4udPDBcEw,122000,26066
크림커넥션 Cream connection,UCA2v2d3gTJ5olUnrScG5QRQ,135000,2030
케이크업 ㅣ 케이크창업,UCoGAFJL-xxFsPzwYP04yCKg,26700,2280
정준하하하,UC8dFtyqgm7UqLcJD_sYVJ4w,268000,222882
맵하니Maphany,UCDCjSgKtKeFmWhsiAbHLNAw,370000,104792
검율농원,UCYZ6RAsAQhKq1oixpDTL3jw,229000,143327
윰쓰부엌,UCBePgk0RqTO0IiisQmaADEA,11600,4411
셰프이원일,UCDkgqnnsqu3yZFlyoF1J-3g,222000,44446
한국맛집K,UCkW3qWVwgkI7mL0eFPVOlPA,170000,211339
마리아주 [맛있는미담],UCKeVYAQKdY_YLSjxUrCuXcA,240000,11608
Lee’s Halal Kitchen,UCZ40t8X06wtYlCCNQsqbFPQ,270000,603179
두리식탁Duri's table,UCw9v5IIv33ac21mQ89Z-hpw,73100,17694
릴리안뜨개질Lilian knitting&crochet,UCMZdWAFe2vlELIK3nDqgUzA,10200,5782
Solecito,UCm8wI8rXC-csApZqkF4d5XA,107000,1859
이태리 파브리 Italy Fabri,UCza_sEjIhb1yhvVZEdEl6gA,351000,20596
키다리짬뽕아저씨,UCK_4dhuuChRz7ozliMjGQbQ,88500,6110
소이는라떼,UCeybtvnMOswZXLMTReEt0XQ,39100,24891
독백tv,UCqnVjjcEHXk4Pj4XhMN7P3w,14200,3332
서울우유 seoulmilk,UCPz4i66EweVQPddqYq7uULg,15300,1731
모모스커피,UC9f-9yDLgw5oea1DbKVRHXQ,15200,1970
여보클럽 미란마마,UCa8fqY6Azo62NQxafCSvYAg,15000,59007
마수와,UCL1Q845U-sKoH4H_bu9WvuQ,16300,4261
한식진흥원_ Korean Food Promotion Institute,UCMYWTWEIyAhd98yifsq6vEg,17000,436
여수언니 정혜영 [Yeosu Unnie],UCrIxxmIq7logJFN6Bw_1KTA,617000,79691
광수엄마 건강요리,UCaA33Jxr-f6kWRf0NbwFEIA,55300,6495
침착맨 원본 박물관,UCewitUbsXnyjvJjGgxa0IYw,457000,67454
레시피 dream,UCQqxen9IRj-gmJlQXO8qZ_w,15500,3529
이태리 파브리 Italy Fabri,UCza_sEjIhb1yhvVZEdEl6gA,351000,20596
황제 이발소 皇帝理髪店 BANGKOK,UCqKtSWurKQ3TIUHdH7APTuQ,14300,784
맛찾꾼 Yummy hunter,UCjF97oDlA-GXYE_j4Gw5c4g,18100,8102
청년 김행복(Kim.Happiest),UCD0ECOBOHWg1SVsgMz10Bcw,13000,470
자취요리신 simple cooking,UCC9pQY_uaBSa0WOpMNJHbEQ,2250000,348373
Starbucks Korea,UCaxvyTYdWaDXupmgj5ttDUQ,178000,3767
정슐랭,UCTIEKbNIqTxj8ip3NYw5xbw,631000,10789
Lee’s Halal Kitchen,UCZ40t8X06wtYlCCNQsqbFPQ,270000,603179
버팀목TV[임윤희],UCBU6877IMgaEJTUXeVPwQOA,14800,2089
스마일분재경매,UCED-Ab4g1cIRU90xqVvrkHg,10000,9898
히밥heebab,UCA6KBBX8cLwYZNepxlE_7SA,1700000,299134
365일 치팅데이 레시피,UCm86mketHL5xaWMASFc_QVg,39700,81542
ひとりより,UCeiWTEUzY0hlbe4jFjNMPVQ,22200,13633
ㅤ거제도 최군의 횟집 TV,UCKgCNBPk4lDIOquq17Jwg_g,76900,1373
차재chajae,UCLXCr6QsKjWwZZYR7hxqoFQ,10800,639
청도푸드스쿨 FoodSchool,UC-Si8t5e1aiqvbKB7tDp9tQ,14700,627
급급이티비,UC-ExekkkmQ1B6i-pDQQB6mA,11000,3854
텐 Ten,UC-IfewS80QpiZ1FApsmzvQw,204000,44894
주스맘 Ju's mom,UC11nkBY2j_paF1Da4T4b35w,28400,1528
두유노 양산,UC1s9TrLLlMTi9BJ4eymQtfg,10100,1717
알뜰한 쩡여사 [가계부 다이어트],UC1JED63XN5aVLun2FU1rgsQ,21300,689
소담한베이킹 sodamhan baking,UC2d-ziX4vNVc4kPGEODwxZA,76900,2893
"까니짱 [ KANI, 蟹ちゃん]",UC2wZJuuD_WA9ps2FORco1EQ,5010000,115175
[후찌양] Hujiyang,UC38wHW6G9TxDI65j21fcWHQ,53000,43919
오맘쿡  5mom cook,UCTdB43wF5rksLMYqZQ4aXUg,23000,24998
공혁준 RHDGURWNS,UCUXYT0CqvBx1ZysmxSW7EDQ,319000,12261
내복곰 Nebokgom,UC78s1vArhs1jZwf68_adITA,900000,18739
골드쿠폰라이브,UCRrVM6wIWVdXsVP4b669tBg,957000,6324
연홈 yeonhome,UCRdMRndxhmWcpLNKosr06Jg,36700,2752
혼자사는키큰언니,UCU_9UGoDcrSFYwyIs0iokKA,65700,9353
보보혼술,UCTNgfQZzW48KL-7718mKx6A,13600,1811
채널광주,UCX-Up3VNrObbGMXIIHuTsMQ,63300,8837
소소황 Cook & Eat,UCWrh9haWsTEAQF9UEg6AEFQ,787000,102721
재재의하루🐰🌵,UCXpnpuTHshZGZSt00GTlTrA,20700,1669
BAKET,UCVC3hxOueo2QDUWFtQe273w,20000,2192
휘토피아 htopia,UCWJ-2Qht_-dwHpB831FAF1g,216000,50028
수원맨,UCInY61WOcDu2edQvEWDryAQ,42500,14847
팀브라더스,UCIYNYv9ddZBg42gvyp8L2Iw,209000,33792
하링 HARING,UCzS7A-w-vmwjPMOb-_M1tVQ,11500,946
쿠클티비(CoocleTV) - 건강한먹거리,UCWkWBF7yPoh4BoPro-80Wsg,23500,871
유리조아Yurijoa,UCBpTprffc9A7KZyONCHQTIw,149000,7721
My Natural Food,UCymJsGYIOXj3bwo3yHGI5Ig,1460000,19496
퀘스트빈,UCKUOPe2OATv2vlrAY8C4t7Q,22800,552
ソウルグルメ서울미식가,UCArt-JeKVEkxbtLWo9eFLVA,16200,1340
야미이츠 Yummy Eats,UCSayfA1h6hQMRYYP_bPxl1A,30600,24521
감자매 Potato sister,UCDiohkMMUnwCMz8ZCJFT-cg,130000,34034
제이월드,UCfBazeBqkG8914bfC0oy_bA,103000,15347
지뉼랭가이드,UC50ac0_x8ZDoCSEpNV0p3-Q,337000,3393
Nebom 사계절의 네봄,UC6NrrEp1e3-A51SSinM3Y-Q,1260000,4393
농협목우촌,UClk0Cpeq6rObz6aReNxZQTA,33100,34948
장향진의 나만 알고픈 약선요리,UCUl5aslyfnkps1nQiWyG4Rw,40300,804
單單小姐Miss DanDan,UC5FyoQEHNVE39eooygqG97Q,114000,22418
대박언니 DAEBAKUNNIE,UC7I95AHA-Fwkedg3IK6GNcg,158000,3072
Tei's Happy House(태희의 해피 하우스),UCeUisiec4oauZ7ngZ-FSOCQ,150000,19728
쿄홈 kyohome,UCvebJb2Oa2mPUQCfy_zV_yA,30500,505
율리 YULRI,UCiULanlNBXuMkaP9OiZWgYQ,424000,30842
주방대장 민쿡,UCEy9NE4it3Vnx5BHYSlPifQ,29700,11720
정대표 Ceojung,UC4rp3IXPhmQoYqZUCUMP6hA,187000,2216
풍자테레비,UCI5WgFSOVO9UJFcqQTiClHQ,884000,54042
채커피,UCT1xn_mNhQ7zWJxL_XO0sig,10100,22
wineking 와인킹,UCb7KNFvMuvQz9LPRK4xyzfA,682000,22158
심방골주부 Korean Food Recipes,UCMXFSqYCTcB4iIJLwUJaBrQ,769000,25702
FoodyTrip 푸디트립,UCDBFchGuAOy5-2sy8nYMVxA,1820000,86606
푸메Fume,UCbzI92w5vWa6mEj1dACfy6g,5990000,298743
무니키친MoonyKitchen,UCQg7opkHC1IIHYsIRuivMbw,1770000,70296
Akang Daniel,UCgakVU9m5b79W-uQjfK1_nQ,500000,4255
빠슐랭Barchelin,UCByHXQRqzgbygBTOM4mQz5Q,34500,1372
벌교꼬막왕자tv,UCBxTDF8MczrQhhp1TFEv1cQ,25500,5514
oh-pride 오프라이드 (오가나),UC8av1CNslnPQS3N08rkzzhQ,299000,3764
향순이TV,UCa67Zja7RwkHtD65jWs4wZw,12600,127
방송태평양,UCZmhLlhec0rmzUN0iNt2CQA,30900,813
디어루나 DearLuna,UCvV84e6p9Rd2itR1LlKc2DA,15600,67
허인의 인과관계 (仁과관계),UC9T1tAdhIePOM8T2023_11w,17400,455
홀썸모먼트 Wholesome Moment,UCKYqqROHe81oOqoKeAot8QQ,102000,12307
조하니,UCWYTovY3DwQQOpyZO18oYHg,27900,4034
Cream Park,UCzEe1UbKuJqbZk3XCBHmUwA,136000,14569
이봉원테레비,UCiP6DC506B35Xve6M22ScAA,106000,1335
그린씨 greensee ,UCNG_1Ap3uAQ_nwb-WaRctUA,55300,1421
잔업tv,UCzUIL4WH-OMRXYCC32K_p0A,33800,1063
영국남자 Korean Englishman,UCg-p3lQIqmhh7gHpyaOmOiQ,6170000,304206
쉘위스키,UC71-L6-oKOdnXk8_6-7nNNg,19400,17134
뿜니버스,UCT9jz_2nJkrFIBs2L6LVfRA,11400,1678
키키키,UCHP6w2IkxZ84eQ2FCGa2ZlQ,35700,34451
징글징글 생물가족,UC8cS0b_5Hk5hfPEyv-XFD2g,50800,7963
예나러브 [Jun & Yena],UClCc-FOXA9xgBUz6HOQ8baA,103000,63429
우리집오늘의요리,UCA2Aoj5nHJcBukGWLMccK7Q,205000,30601
단미라탄,UC55_tv0_KXXslNlXGHlWxSQ,15700,568
김군과친구들 Kim & Friends,UC0Vsfjmnz3ruCpSq3iQnKfA,23800,37888
김치빌더,UC6fgwVZ9e_tm0tPxQIVei2g,35600,45
스트릿TV,UCBztIYIgMyDd0wBTP0meL5Q,64000,15826
숲PRO-TV,UC9Lbvm-2Bk9oMdo-wMwfmMw,36000,36600
요알남MingStar,UC26Cjrx8qycmKWCcLVMBylw,40000,2446
댝생,UCkcunEvzAxmlaLew-S3PlAw,307000,27053
Hanbit Cho,UCq6EbtLtwyF9ONFBqIkR4yw,539000,5514
식경이 SikKyung,UCPqJqF3DUyUN4842x_0xAxA,72800,34072
pawnkueen,UCHeOWAltKaWFUaGmRbepttg,169000,2020
미소miso,UCdmd8CgMCO6kxngzjTBRn0g,105000,39038
올댓스위츠,UCGXCbmJGjymzkJ_cuXocniA,34000,14451
잡혀주나,UCsRVg_a_CzZ7OUW_u3vYAYQ,54800,7144
소림사 주방장,UCNym9_2Jy9ujMA5i7_TV3CQ,120000,13799
민트하임:MintHeim,UCWztxgLv8qBa-1F8AYjuxGQ,167000,9914
병수형,UCjm19S2DW21QkxmSXNkmzAQ,33900,4
로즈키친 Rose Kitchen,UCc0ot6V8iYwP4Svt6zRjZSQ,22300,234
김술포차,UCU26eZ726Kobl4xOdYKPGhg,58400,12152
쪼야Cook,UCouHEKIqT6TVOpHpSfXm0bA,10900,2305
거뜬형,UCLU--jMqrtuEwHPHyj6e-fA,14700,1501
여니쿡 Yeoni cook,UCMw3PVVuWeW_AfX_UhPyvOw,206000,14789
꽃읽남TV_아이엠그린메이트,UCqVep1040CRtillAKB1ybxQ,55300,3840
뚜벅뚜벅 서부남,UCa3ktyzwbkR9Ej-Ux6eTfLA,30200,11593
주호다,UCCFLyWRmaMeQ0f4ndIeChOw,258000,229626
수요주식회 - 한 잔할까요?,UCfA58wxQoMZyRpDrwwMrq6w,11300,751
프로세스 케이 Process K,UCoah0FMpaTxHpZlF09kqQmg,455000,47378
[대근대근] DAE KEUN,UC5G4rc0pwGP2H19m4ORaYPA,10700,1205
보리갱일상,UC7sx8_7xKREg6z4SzFyDg9Q,12200,2206
회사랑RawFishEater,UCoLPofyAZuuq6v4EWrWRguw,273000,27450
통령할미달장,UCBhR7WKMD50cxkTJ5CNaUGA,154000,3074
쑤니님(SSUNI),UCmd63ox9-xMTbMFHZQeDAhg,19700,3022
메주이평강TV,UCP2XVjARenm51dHJGWwugrw,41500,12450
용용먹방 YongYong,UCIYzQfZWi059RjaYgQUVLnw,149000,19142
푸른아오🌊AOBLUE,UCOgC0iCgdsDC0NV0KbTa7tg,92000,20069
옴마의요리 Omma’s Cook,UCqD9y739zx0R0lg7-hkkOkg,24000,5233
조빵이Jo_BB,UCNQrGj9AStmVtTOICoE1WcQ,83400,4829
성실푸드(Sung-Sil Food),UCQP_2Ckztg0vGmQdaedv4BQ,14900,627
옥전농부(나무노래소통),UC6e9t_AGDGJfs_Zch7koxNA,43600,37860
비노이스타 Vinoista,UCho-kNWD5gnMRwh5hSWjofg,16500,4467
집나간아들 Runaway Son,UCn64fSqF2l4rkkjtQUpku2A,1080000,205362
먹지희Mukjihee,UCgVbqwV517Dsu1cRbk2ZM3g,131000,34697
뚝딱Tooktak,UCkxvX8lNP_TkiLde378oHUg,743000,29493
푸드월드 Korean Street food,UC7zdkOtCFhPflymVkRL52NA,117000,252
데프브 daily fnb,UCDSsG5mYshe8VXv8NbzYwxA,58100,1303
삼남자인삼농장,UCOx-mq0cHNKUqtZ2_dlSDmg,155000,18724
오뚜기 Daily,UCHvCHuXTg6yfQQ1QCeDQMLg,76100,14841
치킨왕 [내돈내산 치킨리뷰],UC0gwvfFwvPxoFk4rwPBiKWw,30400,10184
아기맹수 김시현,UCVvMCyrOr1i7pOpQpZ_fg1w,70900,45319
입질의추억TV jiminTV,UCY2uWQDCzn_ZE-JpTfDRR2A,1320000,270024
반진tv,UC6EZKAzHbRuumr2DVx17LRw,19900,3578
리아버거가게,UCN728nR9XbzXICnHXUAvbbA,295000,260980
밥할머니.,UCjUKBQtBBJ_TocIkmpKwTBA,69600,14602
구름이네일상,UCNdERLUICkazXRMp0_ZSKMw,252000,10957
아메리칸 미트스토리,UCYqKok1NJsZ2KXBrelUwatA,21600,32406
해남고구마사랑방,UCk_3a-MuiKzU89FM-uyNPug,23500,1123
복부인,UCc__HbmQYkWOMWOQeofrLNw,32200,19284
꽃자매애미쿡,UCvHFhJQv7_8MSXX3JuZ7sZA,13400,158
전문점 레시피 '파는맛',UC7JCi7Wcyfs7URQ0K6_8-gg,13800,3379
ㄴ신봉선ㄱ,UCQkIH55mkTKgecG2HTYAk1Q,163000,13610
쥬쥬레시피 joojoo,UCE-gE1KJ3qAjeQAD73UFUCA,42100,388
향쿡 HYANG COOK,UCZB46K4sfmsenbUMYi16Q_A,21100,1335
스튜디오 몰링 Studio Malling,UCazHEBmumgKYsCWQ31Ja7TQ,248000,13262
조달환 JOLIFE ,UCvIDWCsWxTxB2GR_K0gz4uQ,115000,22245
남자들의 주부생활 men's cooking,UCaF0QcmXcjGva4vMmJEHRwQ,84600,660
공영쇼핑,UCvbWX58vEJkKD42c2dcOpdQ,11600,34940
차돌아 시장가자(차돌TV),UCpp-U9PKCeO_QQgydrSSFmQ,13900,4536
감량쿡,UCrNAUGurVTV7B2JjKLA30Rw,62900,26960
헬로우미자씨,UCGeLzxKcBgluMK8_TS-qXUw,269000,9042
커디터,UCulzAK-hlL2B-jL-8JCQaiw,17800,3333
아하부장_JOHNCOOK,UCC7gQKTDa3VHZA4GoCAygUA,662000,12949
버거형,UCZTPmBCj8BLhn0DpzGaz4gA,454000,70631
서칸,UCuRvXWsaBrit58l75HGIhFQ,62200,4075
강용맹이(평범한식탁),UC4rTp2shItMJ2QMv7DIEcuw,23700,10997
택제이,UCuG75LBu_6f31eUAbn11CMw,46000,7371
찐아재,UCQ2fM6iGYUz2X495XgbuCTg,44800,48350
3세대가족 - 3 Generation Family,UCKgtWpqZndPb1pby6DayXog,731000,133787
사에쨩,UC6DfdW0uxEzvj3gKEfZD4Pg,147000,77607
1분엄마 1 minute mom,UCFoIqYcGMVfWmvnOKzQsggw,338000,32477
먹보스 쭈엽이,UCLwCHoQ9h7DPXvLwx5XwTQg,670000,140127
양치승의 막튜브 (YangBoss MakTube),UCLLKtnB7J-Rz8ILuikyKbrw,271000,26805
라면남,UCIoUady0WOtA3JUc1GBLubg,40500,25349
드렁큰킴-Drunken Kim,UCi8nXB8vvV4HEaKCCdxnGxg,55100,5834
야루미YARUMI,UCCfQK8dSofNkR44hIhUNvgw,52700,5719
FoodieBoy 푸디보이,UCe1ZsGtbRx2pgajGzwB9L0A,2390000,137925
라오스살이 - 쏭이TV,UC8Aorf1sr93dKb9TjZ5oqYA,40700,11963
민경장군,UCuLHDMXUqV5JR8Qv-FpwF8g,322000,12376
깡촌패밀리,UCPCznj9_ixMGsY_4oV9M12A,31000,750
깡주은,UCcjmCG5tTegWwqcSDSkDevQ,321000,110529
경수진,UCJP4d2UJz2vwkbYKK_KeGug,81800,8927
시골 엄마,UCfEJT0blRTtcW_3WC8CO0PQ,19300,69417
동원TV,UCC3eqZIo6lqZQQAN9MO0LQA,24000,566806
리뷰하자매,UCroqwppBRDTc47YdJVvUHGg,25300,4629
쿠킹하루 Cooking Haru :),UCC8bTxyN2ZCfMzS_JAEClfA,3520000,62376
카라미,UCK44QT7G-cXYfIgm93N93Sg,135000,80237
인디애나 주영 Indiana Jooyoung,UCvKncw7W98xGN9zZiAMzaWg,267000,248989
진상도 JINSANGDO,UCJY6kUxsQu0KuFok50AOt6Q,101000,24862
【大人の韓国グルメ】ココちゃんねる／코코채널,UCMfWUFKLLc_hibPzXzORZRQ,62600,2290
수정다육 Succulent plants,UCLN3-sTBFHRLhVtlVjZYG7g,11500,1737
달콩뜨개,UC-9IgSQy9KC6h5VwSaLz7Kg,46600,1357
한끼해요 Hanki Eats,UCOZLqwJ6tNXrFdQEmeVEcUw,72700,2973
NBS역전의부자농부,UCG4QzIn0LWD6_uOtfXsHqPw,134000,8665
Multi Do Korean,UCoxmZ8RbrywslMvt6zhjRDA,747000,28726
주부나라,UCzIOIStANWRgYa3BRuJOg8Q,1650000,217918
alinalicooks Кореянка готовит,UCB1bgWqtUln-iJIoa2MpvKQ,17400,1340
숙키sookkie,UC7r8m1vZZDc3kp258gOcTUQ,16200,4210
거제도며느리 리나RINA(コジェ島ミョヌリ リナ),UCktCmRJ7cVEureEmZqs03UA,72700,64226
라멘괴인웅성,UCMSXTsIuYiaHgV6ONd4rnNw,13700,3265
셰프호윤 Chef Hoyoon,UC0x63Jy1Sy63grrf_Pq0WEg,108000,20336
말씀을 연주하라,UCocHz3k8kmulAGSE4r0Eeag,16700,85
숟가락요리사,UCOzLa9yvxzFBfo7KLkIM6uA,10700,358
ParkGH 박근하,UCDPpzXAYvwJifbfKYxdjZUA,14900,472
꼬꼬PD가족[Kkokko PD Family],UCfugxK22rRKUWMtgYNTvzog,394000,50831
나하모니Da62,UC5N39ahEi9x6W-MYkOFSwIw,15700,218
주류학개론 - 재미있는 술의 비하인드 스토리,UCB9wEdhMy5Mi8SLNBD-tUrQ,385000,38734
광덕아,UCdZX-lHiBTJNqUD0QlyHInw,199000,97254
손석민TV 맥가이버,UCs88b99szA58HnZX59W24Ng,64000,725
혁이네집밥,UCYOFf3IQ8jaondMgnVDMluA,13700,3939
"K-Beauty&Koreanfood ,SecondFrime",UCtUop1lkHLDbJRwp295O5cg,12200,353
이발소 베이커리,UCJ0ulEEvEfo6w7xyqwTJbyQ,61900,7404
배고픈 빵떡이 [Hungry B.D.],UC8xhsboNsLK75eLFkOV5Knw,37200,6299
솔바위 팜 [Korea Farm Story],UCg4Am0srDqvm0ETVGylGevQ,69100,10151
꿀주부 Honeyjubu,UCg_xrQ9KMN7wL4moBwuxZWw,2780000,74966
Mini Forest 미니포레스트,UCvi9Edt8ecebffeFo6_73Qg,533000,8379
이선미의 집밥연구소,UCyt1nq6CXQt9U_E5Tae98Ag,13600,1448
격수형,UCxIWEubpNWCxvoo84BYZxgQ,10900,2641
그래 이맛이야 육수다,UC8Mr1yjDH-lmqx3QD3Hv8hA,25300,400
FOODBOX 푸드박스 ,UCEii9gXvnQGFY81s8c0JnvQ,148000,19775
하오니의 빵탐험 Haoni,UCGbFD6WndSG-0Am8QSgXX4w,78500,19732
상남철,UCIJkBHmmcZ14_V-xLZxnoaA,26600,4669
일타쿠마,UChbZEmY6uHbTRHxu5g--c7Q,194000,74921
쿤키친 - Kun Kitchen,UC8pNp8mMr-GGOnGrVmzgSAA,83300,25390
술맛여행놈,UCZ-8O9WwagxNFj5Cc_TYfSw,203000,74634
껨돈,UC7qeL7v_NvJqHCGSTGfR_tw,23200,10570
술주하 / SULJUHA,UCfs-Jq8QqiIucFAM4mOdFJw,161000,47171
네네치킨,UCMEymWAglBpb7phxXGbmoHQ,17800,614
개그우먼양귀비,UCjKYk0bQzmkS4fdkhkIy_Ow,32100,1598
금희랑,UCNU_hCPq-Wu8kCysHH_L1Xw,11800,3052
코지마,UCTykoSzR7BUci25hHm-bqgg,56800,28136
김진규쏘가리TV,UCJlOHsIkGlQUWPSdI9fJ88g,15700,135
이금기,UCycPQe03GWW4z_ztaTA2ndw,11100,577
오레오 코리아,UCP-KyzvJsKpjbWqg4qxmu2g,18800,12312
깐따삐야,UCLLo3MaJYSuyP5xLgM5Zr2w,52500,1948
도도,UCp-ifd8kAs9mE_haKkkBesA,10300,526
은의 주방 eun kitchen,UCQ9qxrZs2QY5vf5uiLs79xw,10200,839
NEMOJUN TV ネモジュンTV,UC3hCfqk-Yvz-SVbCRmVO5gw,25200,3698
속촌아씨,UCPFW4r1nmTdtQUsAJSno1iA,383000,10853
Pan K's The Pancake Artist,UCUHO_Qus2BYhVv9_oIwfHVQ,3040000,87211
어서와 에스원,UCX6rMyY82f__0ShNyCCv4JQ,51200,39498
JJAEMI 째미,UCSg2Jqo_AGTtWHAMYxNf11g,1450000,91681
"뜨고 싶은 셰프, 장호준",UCBt70E0BYBGTWz1mfGd28LQ,52100,8301
강화농장TV,UCIDqdiLg4JVsQooBVm2KSDw,33700,983
수향TV [suhyangTV],UCUxXrqHwz836pHcRZRVJLhw,731000,105069
밥배,UCVQePGO5SEmgNueRWuFH6wQ,16900,4030
찬밥식당,UCWr-G5KdZtJjfSeVah_jLPQ,338000,80288
유키의 하루,UCTmKuUemu1o4fd8FJvFcZyQ,10500,2917
별별사람들,UC0q9s5LXh7-o5PCx1zw8avw,27000,8425
mini ovening 미니오브닝,UC0x8OvUA7PoCywqMOoik1sA,131000,4715
면상호[NoodleFighter] Daily,UC0Hg4meVusDFYRZwf7-yqfw,33000,11991
뉴욕밥상 New York Bapsang,UC0IQXb6AQHEVrY0CN5hbFhw,2110000,3293
친절한 경자씨의 고추농장 이야기,UC01OsvJ4CXxkVUfCdHi9rpg,78500,1938
모개일상TV,UC2HnpRBh-6D0aFhu6YFL0IA,44200,623
DURI MIMI,UC2esjW6TRjMYUSTeZuCNn_Q,20500,49
헤헤tube,UC-NoF8L6ov3uFz-bpnIdTRw,168000,75853
쿠킹옥 Cooking OK Korean food,UC-XkCOyHVxyyzvqeEUDHN3Q,74700,24899
도라마코리아,UC-mvTI0H8QQPwXXF9P9Wmkw,444000,65047
코저트 Cossert,UC-pXaRbTkhOnOUjsv96QHMg,558000,49961
허상밥상,UC-v7n1v9g9Yze4ByTuvYGYQ,105000,2346
김꽃송 KIMGGOTSONG,UC-BTJQMF5SMAYfXVLEwPr3w,449000,584
동우의 시간,UCzz2OFrZjGvoPq2WcpgeG_g,24500,20197
中国街头美食vlogs,UC1CbmfI_il0uY56Qvd-YJLg,10800,3319
영나미 베쏘,UCU0MrKoFa2SIkWLFnmPepWA,20300,5285
장하다 장민호,UCMwVpslitG_uJVsLwNkO3pw,13000,40100
2중생활,UCy7PAMv39vlNRH-ClfSaZ8g,184000,106
스튜디오 통,UC3Hx4YCbeawwALYOOQckQCw,22000,123
쏘소담_주부,UCUQ0pd9WteRbOoeoF1PPi1A,24600,6751
리스컴,UCa_VW4GBNduPQ14E7W2DgIA,27900,354
가오니의 메뉴판GAONI,UCJ66AvaHJ2pHD_-AyUailuQ,472000,123182
미캉부부,UC5CJ8GK3WVxb4JMSD9DaZWg,15400,12137
뉴라이프 𝐍𝐞𝐰 𝐋𝐢𝐟𝐞,UC6vKU-AHjo4wQA2W-jfEJDA,11300,3032
소소한 힐링 smallhealing,UCsP5zSA0YRVaYkLUSO9BR-w,38900,21964
고은언니 한고은,UCPFW9tE-hAuyR4037csZAqg,119000,190187
삼플식당(Sam Simple Restaurant),UCNOt7fd2GVXqOlTRL19xTpg,116000,8494
호와수,UCwUI2b5vUxnkjS-w0GTK-xQ,160000,20911
[햄지]Hamzy,UCPKNKldggioffXPkSmjs5lQ,14100000,984448
김원식 oppicial,UCGzSHBZfTka6CxoObbCgGfg,83700,50728
장보심 jangbosim,UCMBkzMdeGMGQkzD_2KLWmXQ,22600,730
아브라함커피TV,UCAO9xCUicBwWCBs9rrXKi2w,42600,4325
헤이 주디 Hey Judy Eats,UCKOBBEXO5hVF-UnuZhkik8g,18900,26385
골든 글로우  Golden glow ,UCRqECJwcH6yvuPvYu0Q7hsg,17400,9681
노모어피자,UC52-_r6ABNonw0UURJmla7A,11800,2009002
영종맘 - 안여사네,UCQE9yvnfE0KP8LCfPYfyd0g,15900,6383
농사기술센터,UCEWt7ifi8C0dP47z1k166hw,27500,3892
지미테이블 jimmytable,UCkahcTbfqg3HZ0EHyi356AQ,53500,785
짱아남매 : 요똥이의 요리성장기,UCbOz826iZO71okvn0DRBt4Q,13400,16394
와인여신 _Wine Goddess,UCUGOEAzA0OxeWzPS6T1giCQ,14300,1629
와인이야기,UCxRgHV7dt9HNUDx227OA5PA,39600,11933
오르막길,UCGloQUvVcQ5UNMcpmyhkW_Q,127000,17643
지니킴,UCUaiiABtCRBTzU7MHSzaReA,12700,2713
진용이,UCujcx0yaAq5clbDlrIPc7Yg,48100,7231
세오의 일본살이,UCW93TxguFksJh7K4gZL6UqA,64600,27739
굿맨비뇨기과,UC9iTPYMRC9zysa_ifKiSX2g,11000,847
세븐일레븐 I 7-Eleven Korea,UCt_ArME66SzU7I1IgQWHDDA,479000,5669
쿵맘,UCb8nDur5xUEH_CMjYCpWaDw,14400,10
제주에디 Jeju Eddy,UCmp61ap5-dkuBBaIjfrYdVQ,147000,18135
귀요미 먹방,UCzw2juHzkWe_LHesUMz2IVA,76600,14
kak seulgi 💛 어쩌다 인도네시아 ,UCA8mcfJOCYUNd9rcIH4f1Iw,62700,10945
Leplat  르쁠라,UCEGOcf_oGsSuswiQM5MyfhA,39200,10331
SyriSyri,UCcmfClzLKwv8zjSVLEpcGsA,15500,295
한우자조금,UC7J5_YX7A-cm_kQYPlKRLvA,17100,1181
Candy DO Korean,UCBcNL2uRXr6J6vzm4tBhnBA,68300,50689
만기TV_돌아온 톰과 제리,UC8-j9z9PNF698D1m--Hqcrw,32300,135523
굿맨비뇨기과,UC9iTPYMRC9zysa_ifKiSX2g,11000,847
한우자조금,UC7J5_YX7A-cm_kQYPlKRLvA,17100,1181
세븐일레븐 I 7-Eleven Korea,UCt_ArME66SzU7I1IgQWHDDA,479000,5669
쿵맘,UCb8nDur5xUEH_CMjYCpWaDw,14400,10
아브라함커피TV,UCAO9xCUicBwWCBs9rrXKi2w,42600,4325
Candy DO Korean,UCBcNL2uRXr6J6vzm4tBhnBA,68300,50689
헤이 주디 Hey Judy Eats,UCKOBBEXO5hVF-UnuZhkik8g,18900,26385
와인이야기,UCxRgHV7dt9HNUDx227OA5PA,39600,11933
호와수,UCwUI2b5vUxnkjS-w0GTK-xQ,160000,20911
고은언니 한고은,UCPFW9tE-hAuyR4037csZAqg,119000,190187
김원식 oppicial,UCGzSHBZfTka6CxoObbCgGfg,83700,50728
[햄지]Hamzy,UCPKNKldggioffXPkSmjs5lQ,14100000,984448
최금옥 약초밥상,UC88m4qVUbp4kw34Xsp5xD2Q,51900,1528
Mrs macarons마카롱여사,UCr5Kww9xqzPmSJTHyXl58YQ,766000,22101
둘기,UCKzhsob42r4pUTxR284lavA,40500,9232
써브웨이,UCRFQtwC3mob_ce5ggN_cVEA,17100,1299816
요리왕비룡 Korean Food Cooking,UCcNUpInQt1tI3JC_oTPQ20w,2130000,111542
박브루,UCAHFNLswhNYo3UHVejIgaMw,10300,3053
하윤알유 hayoon r u,UC_PwXJ8tOHrCodFA3qD1tkg,27200,266
양봉고릴라,UCHW51Ow5MTEeC765NKgsc1A,10400,334
박종신시장생활,UCxE8yct5mb76dQIWXkRaRug,26600,1322
배리나Lina bae,UCUUfhq_n7pctAX5LaMD0WUA,151000,853
꼼유 KKOMYU,UCI7gZsAuzthtoMxlFdBDn2g,12400,67
한송이tv[SsongiTube],UCG2KKCanr2bEsE8Xr8tR5bw,270000,31482
빵준서,UCzCtoDuY9gqQyIGoWx58a-w,173000,19667
지이,UC80ikPWMALRgpBZp0aRXs4w,15500,495
Leeby리비,UCI3-5FX4IrRyniAiUnK1BWQ,498000,101929
제주에디 Jeju Eddy,UCmp61ap5-dkuBBaIjfrYdVQ,147000,18135
흑삼TV_건강해지는 채널,UCr0OdTjLrssdraYJYTYd0wg,11700,178
[좋은가족]제주리쉬네,UCM_wy4ABW79sPo4QfOoe-1A,46800,20516
야식이,UCsNVs68quFJMaDmR6frfUsQ,1160000,76141
가마솥아재 ,UCepaQ4SbRkRyJR0E6qNgF0Q,29800,1543
효녀HYONYEO,UCYo5wuzNmJ3wrAvWSkYex_w,147000,2603
살림하는숙향이cookingsukhyang,UCHUslR8-HQ_7NIzQGL-uPyA,11800,382
생선장수 박장군,UCH9Xp9Bu02wPe_LE6N_ZbUg,23700,14997
팝콘티비,UCjEGRIsJ7rh72t25p5j8rrA,58900,14117
교촌TV,UChcWXp8uJbcfq9EAIHp_bUw,10100,394
미니얍!,UCU296hL1ktMbEVhTkIKsPhQ,21800,257
LunLuns,UC6lNIbU1SSA9YjveOx9a_oA,550000,35310
JUNTV,UCNB-6ArklP1Mgg11-Og2zMg,1040000,12282
골든 글로우  Golden glow ,UCRqECJwcH6yvuPvYu0Q7hsg,17400,9681
농사기술센터,UCEWt7ifi8C0dP47z1k166hw,27500,3892
지니킴,UCUaiiABtCRBTzU7MHSzaReA,12700,2713
영종맘 - 안여사네,UCQE9yvnfE0KP8LCfPYfyd0g,15900,6383
귀요미 먹방,UCzw2juHzkWe_LHesUMz2IVA,76600,14
만기TV_돌아온 톰과 제리,UC8-j9z9PNF698D1m--Hqcrw,32300,135523
노모어피자,UC52-_r6ABNonw0UURJmla7A,11800,2009002
지미테이블 jimmytable,UCkahcTbfqg3HZ0EHyi356AQ,53500,785
덕자네집밥,UC6m9CiD1jU52di9WoFNcbOg,16200,819
MAYO FOOD_마요푸드,UC8geGLvpV8Z7RFgOKVwkONw,341000,64121
