video_id,channel_id,channel_name,target_age,published_at,duration_sec,thumbnail_path
1JOXw9WUIrg,UCz8X5F5Zp18WS7vdW0jwVIA,Dadacafe다다카페,18-24,2026-03-07T12:00:03Z,520,thumbnails/Dadacafe다다카페/1JOXw9WUIrg.jpg
t5b_xCsyAUE,UCz8X5F5Zp18WS7vdW0jwVIA,Dadacafe다다카페,18-24,2026-02-17T11:01:23Z,336,thumbnails/Dadacafe다다카페/t5b_xCsyAUE.jpg
hydfTP134Bo,UCS1EqlF3NbRsn1rfWL_7_qA,박치열의 코멘터리,18-24,2026-03-19T09:00:59Z,482,thumbnails/박치열의코멘터리/hydfTP134Bo.jpg
VHebBJJu-z4,UCS1EqlF3NbRsn1rfWL_7_qA,박치열의 코멘터리,18-24,2026-03-12T09:00:48Z,540,thumbnails/박치열의코멘터리/VHebBJJu-z4.jpg
iksR3iZ-JaI,UCfmYdGYK5yZkXehmxKsaLRw,머라클 MURACLE,18-24,2026-03-17T10:01:13Z,906,thumbnails/머라클MURACLE/iksR3iZ-JaI.jpg
PCbbwZ6kgV8,UCTDFr-lur2d3dNBRwF0N_HA,무브나 Movena,18-24,2026-03-04T09:59:40Z,630,thumbnails/무브나Movena/PCbbwZ6kgV8.jpg
kWHyeas8WKQ,UCTDFr-lur2d3dNBRwF0N_HA,무브나 Movena,18-24,2026-02-15T14:08:26Z,417,thumbnails/무브나Movena/kWHyeas8WKQ.jpg
8qpS9bUn9NU,UCTDFr-lur2d3dNBRwF0N_HA,무브나 Movena,18-24,2026-02-06T16:42:04Z,656,thumbnails/무브나Movena/8qpS9bUn9NU.jpg
h-KiLnLvFbU,UCu6rbZ120HokurXiqnLUcOA,헨티야 살빼야지,18-24,2026-03-21T00:45:08Z,9566,thumbnails/헨티야살빼야지/h-KiLnLvFbU.jpg
OFDed0suBsk,UCu6rbZ120HokurXiqnLUcOA,헨티야 살빼야지,18-24,2026-03-11T14:36:05Z,866,thumbnails/헨티야살빼야지/OFDed0suBsk.jpg
U6TLfJzzaJw,UCu6rbZ120HokurXiqnLUcOA,헨티야 살빼야지,18-24,2026-02-18T14:31:12Z,410,thumbnails/헨티야살빼야지/U6TLfJzzaJw.jpg
aNMHf1MGU1Q,UCu6rbZ120HokurXiqnLUcOA,헨티야 살빼야지,18-24,2026-02-06T16:00:36Z,531,thumbnails/헨티야살빼야지/aNMHf1MGU1Q.jpg
g0vuzIsTwVU,UCjf97H7AtbVfrX8-35Z302Q,다이어터윤,18-24,2026-03-02T01:05:22Z,196,thumbnails/다이어터윤/g0vuzIsTwVU.jpg
71fTg0TlJOQ,UCjf97H7AtbVfrX8-35Z302Q,다이어터윤,18-24,2025-11-23T01:50:35Z,1073,thumbnails/다이어터윤/71fTg0TlJOQ.jpg
Eoea5szQE24,UC9KoN-Yb1swVddjsezLegxA,유어리아 your ria,18-24,2026-03-21T06:24:09Z,824,thumbnails/유어리아yourria/Eoea5szQE24.jpg
dgojdBRUEug,UC9KoN-Yb1swVddjsezLegxA,유어리아 your ria,18-24,2026-02-25T15:33:17Z,799,thumbnails/유어리아yourria/dgojdBRUEug.jpg
tqGjtZV76Gw,UC9KoN-Yb1swVddjsezLegxA,유어리아 your ria,18-24,2026-02-11T13:42:19Z,818,thumbnails/유어리아yourria/tqGjtZV76Gw.jpg
vO5Lomruky4,UC9KoN-Yb1swVddjsezLegxA,유어리아 your ria,18-24,2026-02-03T14:18:19Z,1005,thumbnails/유어리아yourria/vO5Lomruky4.jpg
qOiykdCIxTk,UC9KoN-Yb1swVddjsezLegxA,유어리아 your ria,18-24,2026-01-22T11:51:11Z,978,thumbnails/유어리아yourria/qOiykdCIxTk.jpg
OqcXFTlgZHo,UCO_MXYZzB5vNkdcCWUXz5Rg,닥터로미의 성형노트,18-24,2026-03-20T09:00:37Z,373,thumbnails/닥터로미의성형노트/OqcXFTlgZHo.jpg
ZdLs0t5-jos,UCO_MXYZzB5vNkdcCWUXz5Rg,닥터로미의 성형노트,18-24,2026-03-10T11:01:03Z,598,thumbnails/닥터로미의성형노트/ZdLs0t5-jos.jpg
OmAUBStOprE,UCRGZCFuFCwp2D_YKByrqRfw,에이핏,25-34,2026-03-09T09:00:00Z,664,thumbnails/에이핏/OmAUBStOprE.jpg
9AEYEHbrpk0,UCRGZCFuFCwp2D_YKByrqRfw,에이핏,25-34,2026-03-02T09:29:54Z,636,thumbnails/에이핏/9AEYEHbrpk0.jpg
nHYv58-zOjs,UCRGZCFuFCwp2D_YKByrqRfw,에이핏,25-34,2026-02-19T09:30:01Z,1824,thumbnails/에이핏/nHYv58-zOjs.jpg
CfWjgJiFtfM,UCRGZCFuFCwp2D_YKByrqRfw,에이핏,25-34,2025-12-29T09:29:52Z,1332,thumbnails/에이핏/CfWjgJiFtfM.jpg
uLMJ9WtJPPQ,UCRGZCFuFCwp2D_YKByrqRfw,에이핏,25-34,2025-12-22T09:29:58Z,634,thumbnails/에이핏/uLMJ9WtJPPQ.jpg
cBjQZtelkHI,UC8tr6-Eys0CjF9h-yAte9Gg,비니BINEE,25-34,2026-02-11T09:01:01Z,1993,thumbnails/비니BINEE/cBjQZtelkHI.jpg
5l97YJIjHGY,UC8tr6-Eys0CjF9h-yAte9Gg,비니BINEE,25-34,2026-01-23T14:00:31Z,768,thumbnails/비니BINEE/5l97YJIjHGY.jpg
ldSDGqh_oKM,UCdIdgmrsh3h40jvxDDbSu5Q,닥터벨 DRBELL,25-34,2026-03-19T11:19:14Z,1388,thumbnails/닥터벨DRBELL/ldSDGqh_oKM.jpg
kI5_JDK-Pbs,UCUsfRCHj5U1wAJEJiQpPLPw,제이제이살롱드핏,25-34,2026-03-18T13:08:51Z,,thumbnails/제이제이살롱드핏/kI5_JDK-Pbs.jpg
m_5tV5q0iyY,UCUsfRCHj5U1wAJEJiQpPLPw,제이제이살롱드핏,25-34,2026-03-05T09:01:10Z,1259,thumbnails/제이제이살롱드핏/m_5tV5q0iyY.jpg
0D0pmVb-UPA,UCV-h8UJ12Ed-pTi4_X9mDEA,채찍단,25-34,2026-03-02T10:10:45Z,183,thumbnails/채찍단/0D0pmVb-UPA.jpg
h_k6nnPCld8,UCV-h8UJ12Ed-pTi4_X9mDEA,채찍단,25-34,2026-02-01T09:51:38Z,238,thumbnails/채찍단/h_k6nnPCld8.jpg
VpfT37O5WDg,UCV-h8UJ12Ed-pTi4_X9mDEA,채찍단,25-34,2026-01-10T08:59:46Z,319,thumbnails/채찍단/VpfT37O5WDg.jpg
wSboe6KJ6ME,UCV-h8UJ12Ed-pTi4_X9mDEA,채찍단,25-34,2025-12-31T09:42:59Z,202,thumbnails/채찍단/wSboe6KJ6ME.jpg
ZYfTflhCgv8,UCV-h8UJ12Ed-pTi4_X9mDEA,채찍단,25-34,2025-12-30T09:08:03Z,273,thumbnails/채찍단/ZYfTflhCgv8.jpg
NOlP2VQ7Bac,UChWJavW1PbvAkPTcB06EeIg,키다리형,25-34,2026-03-23T05:56:56Z,11040,thumbnails/키다리형/NOlP2VQ7Bac.jpg
v57IlKMbcXg,UChWJavW1PbvAkPTcB06EeIg,키다리형,25-34,2026-03-22T03:55:26Z,903,thumbnails/키다리형/v57IlKMbcXg.jpg
ElwqysShjMQ,UChWJavW1PbvAkPTcB06EeIg,키다리형,25-34,2026-03-21T03:06:57Z,855,thumbnails/키다리형/ElwqysShjMQ.jpg
JKduPqEz8lw,UChWJavW1PbvAkPTcB06EeIg,키다리형,25-34,2026-03-20T06:13:43Z,10485,thumbnails/키다리형/JKduPqEz8lw.jpg
MuJxmrRL9Gc,UC00-W8j2qHJy83ONqoaM5xQ,FitBurst,25-34,2026-03-19T15:00:41Z,438,thumbnails/FitBurst/MuJxmrRL9Gc.jpg
xQSclj3rgtY,UCermBTTTr559dzLc0QMlTSQ,고운,25-34,2026-03-23T11:57:07Z,,thumbnails/고운/xQSclj3rgtY.jpg
4sgFLmCsKto,UCermBTTTr559dzLc0QMlTSQ,고운,25-34,2026-03-21T10:19:30Z,689,thumbnails/고운/4sgFLmCsKto.jpg
kaRhhSuSm8k,UC0NazDJj6HZnqXR9x9HiXEg,디어다빈_영양사의 다이어트,25-34,2026-03-11T01:28:47Z,245,thumbnails/디어다빈_영양사의다이어트/kaRhhSuSm8k.jpg
M2NqC__-2ns,UC0NazDJj6HZnqXR9x9HiXEg,디어다빈_영양사의 다이어트,25-34,2026-03-07T01:32:46Z,690,thumbnails/디어다빈_영양사의다이어트/M2NqC__-2ns.jpg
jiAqy-Ag2CM,UC0NazDJj6HZnqXR9x9HiXEg,디어다빈_영양사의 다이어트,25-34,2026-02-22T08:45:09Z,614,thumbnails/디어다빈_영양사의다이어트/jiAqy-Ag2CM.jpg
vLtRoS8VXWg,UCRU0BQP9sA2UAZYMsZdEyuA,쿠크닥스: 멘탈 바사삭 클리닉,35-44,2026-03-18T07:29:05Z,775,thumbnails/쿠크닥스멘탈바사삭클리닉/vLtRoS8VXWg.jpg
nKoIa8-mjKk,UCRU0BQP9sA2UAZYMsZdEyuA,쿠크닥스: 멘탈 바사삭 클리닉,35-44,2026-03-11T10:05:50Z,728,thumbnails/쿠크닥스멘탈바사삭클리닉/nKoIa8-mjKk.jpg
M-NSEeyzdrg,UCRU0BQP9sA2UAZYMsZdEyuA,쿠크닥스: 멘탈 바사삭 클리닉,35-44,2026-03-04T10:22:36Z,677,thumbnails/쿠크닥스멘탈바사삭클리닉/M-NSEeyzdrg.jpg
BddajebB_qg,UCRU0BQP9sA2UAZYMsZdEyuA,쿠크닥스: 멘탈 바사삭 클리닉,35-44,2026-02-25T07:19:03Z,553,thumbnails/쿠크닥스멘탈바사삭클리닉/BddajebB_qg.jpg
x7507DvqE4A,UCRU0BQP9sA2UAZYMsZdEyuA,쿠크닥스: 멘탈 바사삭 클리닉,35-44,2026-02-19T07:20:39Z,928,thumbnails/쿠크닥스멘탈바사삭클리닉/x7507DvqE4A.jpg
NEyPPBqV9bg,UCWW--vYvkR604lbGg92J2_A,재활의학과탑팀,35-44,2026-03-14T14:09:19Z,436,thumbnails/재활의학과탑팀/NEyPPBqV9bg.jpg
KqzjzpsYMfk,UCEcL8vvX2V0z2nM8oXQVIeQ,SOOD_Edward Park,35-44,2026-03-20T12:00:00Z,540,thumbnails/SOOD_EdwardPark/KqzjzpsYMfk.jpg
9xbc3qV8gCg,UCEcL8vvX2V0z2nM8oXQVIeQ,SOOD_Edward Park,35-44,2026-03-13T12:00:00Z,604,thumbnails/SOOD_EdwardPark/9xbc3qV8gCg.jpg
KY-WztTHc78,UCryIerultxHgKoG4LgD9DNw,두근두근홍닥터,35-44,2026-03-13T22:00:22Z,503,thumbnails/두근두근홍닥터/KY-WztTHc78.jpg
EGyintl4uDo,UCryIerultxHgKoG4LgD9DNw,두근두근홍닥터,35-44,2026-03-07T00:00:14Z,540,thumbnails/두근두근홍닥터/EGyintl4uDo.jpg
aHvMUExIyeI,UCryIerultxHgKoG4LgD9DNw,두근두근홍닥터,35-44,2026-02-27T22:00:02Z,656,thumbnails/두근두근홍닥터/aHvMUExIyeI.jpg
tRkTym6klnw,UCryIerultxHgKoG4LgD9DNw,두근두근홍닥터,35-44,2026-02-21T06:19:17Z,716,thumbnails/두근두근홍닥터/tRkTym6klnw.jpg
Tx7e0YVczJg,UCryIerultxHgKoG4LgD9DNw,두근두근홍닥터,35-44,2026-02-13T02:30:07Z,619,thumbnails/두근두근홍닥터/Tx7e0YVczJg.jpg
JTV9DktTjxQ,UCKmEDAD5k5KFMcY5wvGIeGQ,에일린 mind yoga,45-54,2026-03-23T11:00:35Z,1909,thumbnails/에일린mindyoga/JTV9DktTjxQ.jpg
yAD6oqZSUFE,UCKmEDAD5k5KFMcY5wvGIeGQ,에일린 mind yoga,45-54,2026-03-16T11:01:45Z,1434,thumbnails/에일린mindyoga/yAD6oqZSUFE.jpg
Fv6X9kJez6Q,UCKmEDAD5k5KFMcY5wvGIeGQ,에일린 mind yoga,45-54,2026-03-09T11:00:22Z,2226,thumbnails/에일린mindyoga/Fv6X9kJez6Q.jpg
_S7ns8s_td4,UCKmEDAD5k5KFMcY5wvGIeGQ,에일린 mind yoga,45-54,2026-03-02T11:01:40Z,1359,thumbnails/에일린mindyoga/_S7ns8s_td4.jpg
xNHLJvzEAMM,UCKmEDAD5k5KFMcY5wvGIeGQ,에일린 mind yoga,45-54,2026-02-23T11:01:34Z,1264,thumbnails/에일린mindyoga/xNHLJvzEAMM.jpg
Y9ZRBybwwlo,UC3Qae46SPhpTpLDoeG60gcA,Hoo dance & fitness(후보티비),45-54,2026-03-16T07:50:24Z,326,thumbnails/Hoodancefitness후보티비/Y9ZRBybwwlo.jpg
xnLHlSNbvfQ,UC3Qae46SPhpTpLDoeG60gcA,Hoo dance & fitness(후보티비),45-54,2026-01-10T05:28:29Z,292,thumbnails/Hoodancefitness후보티비/xnLHlSNbvfQ.jpg
kxN1vvtXaJs,UC3Qae46SPhpTpLDoeG60gcA,Hoo dance & fitness(후보티비),45-54,2025-12-25T06:46:59Z,184,thumbnails/Hoodancefitness후보티비/kxN1vvtXaJs.jpg
wjB3iGkrA_c,UC3Qae46SPhpTpLDoeG60gcA,Hoo dance & fitness(후보티비),45-54,2025-12-08T12:47:10Z,386,thumbnails/Hoodancefitness후보티비/wjB3iGkrA_c.jpg
FKlTnv1y1QY,UCs4MKd5EKOV61lr7JXO-ysg,따시기(Ddasigi),45-54,2026-03-21T09:20:40Z,242,thumbnails/따시기Ddasigi/FKlTnv1y1QY.jpg
cX9IJ12w4fQ,UCDunp3yW9Yp6cWcOv3wn-cg,임피티IMPT,45-54,2026-03-22T21:00:37Z,2557,thumbnails/임피티IMPT/cX9IJ12w4fQ.jpg
jM5TD88jIO0,UCfDkQiPchwM0F2SkHWl5JYQ,빅씨스 Bigsis,45-54,2026-03-06T13:01:23Z,1336,thumbnails/빅씨스Bigsis/jM5TD88jIO0.jpg
I0ZQ5XC0uRk,UCfDkQiPchwM0F2SkHWl5JYQ,빅씨스 Bigsis,45-54,2026-01-27T05:46:39Z,1449,thumbnails/빅씨스Bigsis/I0ZQ5XC0uRk.jpg
3d2_0R8vEAU,UCfDkQiPchwM0F2SkHWl5JYQ,빅씨스 Bigsis,45-54,2025-12-31T20:45:42Z,1802,thumbnails/빅씨스Bigsis/3d2_0R8vEAU.jpg
K9j-X6GfY_M,UCfDkQiPchwM0F2SkHWl5JYQ,빅씨스 Bigsis,45-54,2025-12-19T04:51:25Z,848,thumbnails/빅씨스Bigsis/K9j-X6GfY_M.jpg
-U88syMdrgw,UCfDkQiPchwM0F2SkHWl5JYQ,빅씨스 Bigsis,45-54,2025-12-01T05:58:13Z,956,thumbnails/빅씨스Bigsis/-U88syMdrgw.jpg
ZaDN7miDago,UCqLpXUYCykYLInJycJ9W3rA,김아랑 Alang Kim,45-54,2026-03-07T09:22:51Z,673,thumbnails/김아랑AlangKim/ZaDN7miDago.jpg
65r0CDYQrvI,UCqLpXUYCykYLInJycJ9W3rA,김아랑 Alang Kim,45-54,2026-02-25T12:46:32Z,1127,thumbnails/김아랑AlangKim/65r0CDYQrvI.jpg
9BZVyxmMD9c,UCqLpXUYCykYLInJycJ9W3rA,김아랑 Alang Kim,45-54,2026-02-21T13:56:27Z,702,thumbnails/김아랑AlangKim/9BZVyxmMD9c.jpg
clmkLsbfty0,UCqLpXUYCykYLInJycJ9W3rA,김아랑 Alang Kim,45-54,2026-01-31T08:00:46Z,954,thumbnails/김아랑AlangKim/clmkLsbfty0.jpg
BW9yhtPU41o,UCuFGPhfJlIngZaC2BjLaJdQ,김소형채널H,55-64,2026-03-20T23:15:00Z,303,thumbnails/김소형채널H/BW9yhtPU41o.jpg
kt_JG6YskHg,UCuFGPhfJlIngZaC2BjLaJdQ,김소형채널H,55-64,2026-03-18T23:15:04Z,365,thumbnails/김소형채널H/kt_JG6YskHg.jpg
pvAO1_S4T4I,UCmzK71U9c8w--ejwOTiELgg,루이빈치과 류지헌,55-64,2026-03-23T01:00:06Z,290,thumbnails/루이빈치과류지헌/pvAO1_S4T4I.jpg
PaXM6UxTsuI,UCF9vbHlZpz7FbOAky3fnYxw,의학채널 비온뒤,55-64,2026-03-20T05:13:11Z,,thumbnails/의학채널비온뒤/PaXM6UxTsuI.jpg
zXkPpLShlYM,UCF9vbHlZpz7FbOAky3fnYxw,의학채널 비온뒤,55-64,2026-03-20T05:17:47Z,2755,thumbnails/의학채널비온뒤/zXkPpLShlYM.jpg
ChpcdsNhu0s,UCF9vbHlZpz7FbOAky3fnYxw,의학채널 비온뒤,55-64,2026-03-23T12:08:48Z,3136,thumbnails/의학채널비온뒤/ChpcdsNhu0s.jpg
DDUUpYliV9M,UCF9vbHlZpz7FbOAky3fnYxw,의학채널 비온뒤,55-64,2026-03-20T05:26:44Z,3435,thumbnails/의학채널비온뒤/DDUUpYliV9M.jpg
cVETeuyVykg,UCF9vbHlZpz7FbOAky3fnYxw,의학채널 비온뒤,55-64,2026-03-20T05:28:43Z,2734,thumbnails/의학채널비온뒤/cVETeuyVykg.jpg
UmozqR6c-Ss,UCw8hsZYZcasyyLrfOFP8D-w,지식한상,55-64,2026-03-22T01:00:22Z,1109,thumbnails/지식한상/UmozqR6c-Ss.jpg
RrYLwU3PDm4,UCw8hsZYZcasyyLrfOFP8D-w,지식한상,55-64,2026-03-21T01:00:35Z,3720,thumbnails/지식한상/RrYLwU3PDm4.jpg
_lhQruuLIh0,UCw8hsZYZcasyyLrfOFP8D-w,지식한상,55-64,2026-03-19T10:01:05Z,666,thumbnails/지식한상/_lhQruuLIh0.jpg
4XGxsEKuMgM,UCw8hsZYZcasyyLrfOFP8D-w,지식한상,55-64,2026-03-16T10:30:07Z,3664,thumbnails/지식한상/4XGxsEKuMgM.jpg
DNv-VmivsOQ,UCw8hsZYZcasyyLrfOFP8D-w,지식한상,55-64,2026-03-15T01:00:10Z,783,thumbnails/지식한상/DNv-VmivsOQ.jpg
SvAHIji_gk0,UCatDnMlI2LI2dDb15BuZbAg,건강구조대,55-64,2026-03-22T01:42:28Z,3217,thumbnails/건강구조대/SvAHIji_gk0.jpg
AyHhFSTizI4,UCatDnMlI2LI2dDb15BuZbAg,건강구조대,55-64,2026-03-21T01:00:10Z,1164,thumbnails/건강구조대/AyHhFSTizI4.jpg
y73tv5O6VDY,UCatDnMlI2LI2dDb15BuZbAg,건강구조대,55-64,2026-03-20T09:01:30Z,2016,thumbnails/건강구조대/y73tv5O6VDY.jpg
p8_lAHLi6Ic,UCatDnMlI2LI2dDb15BuZbAg,건강구조대,55-64,2026-03-18T09:01:17Z,1482,thumbnails/건강구조대/p8_lAHLi6Ic.jpg
OxhoVIv-MrE,UCatDnMlI2LI2dDb15BuZbAg,건강구조대,55-64,2026-03-15T01:30:31Z,1319,thumbnails/건강구조대/OxhoVIv-MrE.jpg
KG5p3DZ1eis,UCtTzA9_TTSWnVNxsN4GiLgA,건강의 신,55-64,2026-03-20T13:44:00Z,779,thumbnails/건강의신/KG5p3DZ1eis.jpg
QLC4B05Onko,UCtTzA9_TTSWnVNxsN4GiLgA,건강의 신,55-64,2026-03-13T10:41:00Z,938,thumbnails/건강의신/QLC4B05Onko.jpg
ugtHsWIe3Ho,UCtTzA9_TTSWnVNxsN4GiLgA,건강의 신,55-64,2026-03-06T13:18:00Z,850,thumbnails/건강의신/ugtHsWIe3Ho.jpg
NWoQuGj6_W4,UCtTzA9_TTSWnVNxsN4GiLgA,건강의 신,55-64,2026-02-12T10:40:00Z,7007,thumbnails/건강의신/NWoQuGj6_W4.jpg
gn0TXWlQH-M,UCtTzA9_TTSWnVNxsN4GiLgA,건강의 신,55-64,2026-02-06T14:10:00Z,864,thumbnails/건강의신/gn0TXWlQH-M.jpg
WctMdlFfnpM,UCOUzm2Kw5nKAwyDd1ewjXwA,우리 모두 튼튼,55-64,2026-03-22T21:00:37Z,631,thumbnails/우리모두튼튼/WctMdlFfnpM.jpg
-aEdiGafh9s,UCOUzm2Kw5nKAwyDd1ewjXwA,우리 모두 튼튼,55-64,2026-03-21T21:00:00Z,1626,thumbnails/우리모두튼튼/-aEdiGafh9s.jpg
dfR_NZTxOYw,UCOUzm2Kw5nKAwyDd1ewjXwA,우리 모두 튼튼,55-64,2026-03-20T21:00:46Z,2289,thumbnails/우리모두튼튼/dfR_NZTxOYw.jpg
ii7-Xt2uw40,UCOUzm2Kw5nKAwyDd1ewjXwA,우리 모두 튼튼,55-64,2026-03-19T21:01:00Z,1322,thumbnails/우리모두튼튼/ii7-Xt2uw40.jpg
gHHgg8QQOXA,UCOUzm2Kw5nKAwyDd1ewjXwA,우리 모두 튼튼,55-64,2026-03-18T21:00:49Z,668,thumbnails/우리모두튼튼/gHHgg8QQOXA.jpg
m1zYkKsJoLA,UCTp5fJVTDuFmf_dVfIMF7Nw,무조건당신편,55-64,2026-03-23T07:30:18Z,3692,thumbnails/무조건당신편/m1zYkKsJoLA.jpg
m5yNlqIZv5U,UCTp5fJVTDuFmf_dVfIMF7Nw,무조건당신편,55-64,2026-03-23T03:26:54Z,,thumbnails/무조건당신편/m5yNlqIZv5U.jpg
MtTUTGV1BfY,UCTp5fJVTDuFmf_dVfIMF7Nw,무조건당신편,55-64,2026-03-22T23:08:40Z,42898,thumbnails/무조건당신편/MtTUTGV1BfY.jpg
W0zyYlAFYsQ,UCokhKITywla4LgvmkjAHhVQ,이상대 중년 홈트 - 45세 이상 초간단 운동,55-64,2026-03-22T09:00:00Z,340,thumbnails/이상대중년홈트-45세이상초간단운동/W0zyYlAFYsQ.jpg
AyhTgNuuTBs,UCKm4_DlQnY6U6SXVeDGDMhw,백세지혜길잡이,55-64,2026-03-22T11:30:12Z,1529,thumbnails/백세지혜길잡이/AyhTgNuuTBs.jpg
YK_E5EMHaE8,UCKm4_DlQnY6U6SXVeDGDMhw,백세지혜길잡이,55-64,2026-03-18T11:30:36Z,1566,thumbnails/백세지혜길잡이/YK_E5EMHaE8.jpg
NdS8hD3quf0,UCKm4_DlQnY6U6SXVeDGDMhw,백세지혜길잡이,55-64,2026-03-15T11:30:15Z,1496,thumbnails/백세지혜길잡이/NdS8hD3quf0.jpg
JDVcoIIwJY0,UCKm4_DlQnY6U6SXVeDGDMhw,백세지혜길잡이,55-64,2026-03-11T11:30:15Z,1593,thumbnails/백세지혜길잡이/JDVcoIIwJY0.jpg
-ZqGUi3YfSU,UCKm4_DlQnY6U6SXVeDGDMhw,백세지혜길잡이,55-64,2026-03-08T11:30:00Z,1516,thumbnails/백세지혜길잡이/-ZqGUi3YfSU.jpg
6p1TVQRrtRw,UCpKHS8_xkkS23d23n3Wk8yw,이동욱의 백세건강 TV,65+,2026-03-22T22:45:01Z,1644,thumbnails/이동욱의백세건강TV/6p1TVQRrtRw.jpg
xahTUNKHr88,UCpKHS8_xkkS23d23n3Wk8yw,이동욱의 백세건강 TV,65+,2026-03-21T22:45:06Z,1505,thumbnails/이동욱의백세건강TV/xahTUNKHr88.jpg
3pXIuL0apN4,UC2-gb53qXD1LgyRq0K36l8A,건강박사,65+,2026-03-21T20:00:07Z,1513,thumbnails/건강박사/3pXIuL0apN4.jpg
Q59ZhfRblH8,UC2-gb53qXD1LgyRq0K36l8A,건강박사,65+,2026-03-20T20:00:17Z,1510,thumbnails/건강박사/Q59ZhfRblH8.jpg
sBdZHj-DKhU,UC2-gb53qXD1LgyRq0K36l8A,건강박사,65+,2026-03-19T20:00:55Z,1620,thumbnails/건강박사/sBdZHj-DKhU.jpg
hX66pJLv0Nc,UC2-gb53qXD1LgyRq0K36l8A,건강박사,65+,2026-03-18T20:00:37Z,1579,thumbnails/건강박사/hX66pJLv0Nc.jpg
ev1BJ7zH1Vc,UC2-gb53qXD1LgyRq0K36l8A,건강박사,65+,2026-03-17T20:00:37Z,1484,thumbnails/건강박사/ev1BJ7zH1Vc.jpg
XJId4PmQw5E,UC3454ef0lSLjBSjmKH0bs9A,DR.Dylan의 건강 비결,65+,2026-03-23T09:30:16Z,2498,thumbnails/DRDylan의건강비결/XJId4PmQw5E.jpg
-yU1l246tkE,UC3454ef0lSLjBSjmKH0bs9A,DR.Dylan의 건강 비결,65+,2026-03-23T04:00:01Z,2561,thumbnails/DRDylan의건강비결/-yU1l246tkE.jpg
mIrmCA9Y19s,UC3454ef0lSLjBSjmKH0bs9A,DR.Dylan의 건강 비결,65+,2026-03-22T09:30:26Z,2441,thumbnails/DRDylan의건강비결/mIrmCA9Y19s.jpg
stVCh308yPg,UC3454ef0lSLjBSjmKH0bs9A,DR.Dylan의 건강 비결,65+,2026-03-22T04:00:54Z,2590,thumbnails/DRDylan의건강비결/stVCh308yPg.jpg
Hik98_uedYI,UC3454ef0lSLjBSjmKH0bs9A,DR.Dylan의 건강 비결,65+,2026-03-21T09:30:12Z,2542,thumbnails/DRDylan의건강비결/Hik98_uedYI.jpg
9_h__FQFwBc,UCeae_8zNL3z0iDOZyIpAskA,건강생활,65+,2026-03-18T11:45:00Z,1291,thumbnails/건강생활/9_h__FQFwBc.jpg
YF2r6Z69BYg,UCeae_8zNL3z0iDOZyIpAskA,건강생활,65+,2026-03-13T12:35:00Z,983,thumbnails/건강생활/YF2r6Z69BYg.jpg
Dms6qQj6qC8,UCeae_8zNL3z0iDOZyIpAskA,건강생활,65+,2026-03-03T09:45:00Z,928,thumbnails/건강생활/Dms6qQj6qC8.jpg
aeXt5kVN5pE,UCeae_8zNL3z0iDOZyIpAskA,건강생활,65+,2026-02-07T22:45:00Z,943,thumbnails/건강생활/aeXt5kVN5pE.jpg
yid7X-IDsjA,UCeae_8zNL3z0iDOZyIpAskA,건강생활,65+,2025-11-05T06:45:09Z,967,thumbnails/건강생활/yid7X-IDsjA.jpg
7cvGXlSf77I,UC051O1-21M1W2oCYJbn3aAQ,서로건강,65+,2026-03-23T09:00:22Z,3339,thumbnails/서로건강/7cvGXlSf77I.jpg
IiK1QuGOEBg,UC051O1-21M1W2oCYJbn3aAQ,서로건강,65+,2026-03-23T06:36:45Z,,thumbnails/서로건강/IiK1QuGOEBg.jpg
CTRlj-77heE,UC051O1-21M1W2oCYJbn3aAQ,서로건강,65+,2026-03-23T05:02:54Z,2379,thumbnails/서로건강/CTRlj-77heE.jpg
m1DLR61ZUlg,UC051O1-21M1W2oCYJbn3aAQ,서로건강,65+,2026-03-22T22:00:49Z,3699,thumbnails/서로건강/m1DLR61ZUlg.jpg
nNdyP2xX6cY,UC051O1-21M1W2oCYJbn3aAQ,서로건강,65+,2026-03-22T12:50:17Z,39625,thumbnails/서로건강/nNdyP2xX6cY.jpg
F6J24HOwCOQ,UCWupWRVfGxqARiSDqZkMhog,다시 청춘,65+,2026-03-20T09:54:02Z,1410,thumbnails/다시청춘/F6J24HOwCOQ.jpg
LprSGdPHMWA,UCWupWRVfGxqARiSDqZkMhog,다시 청춘,65+,2026-03-19T09:57:38Z,1575,thumbnails/다시청춘/LprSGdPHMWA.jpg
mwWxIFzuAG4,UCWupWRVfGxqARiSDqZkMhog,다시 청춘,65+,2026-03-18T12:20:55Z,1429,thumbnails/다시청춘/mwWxIFzuAG4.jpg
cs6cxE0A1KY,UCWupWRVfGxqARiSDqZkMhog,다시 청춘,65+,2026-03-17T11:10:53Z,1313,thumbnails/다시청춘/cs6cxE0A1KY.jpg
Chd7k2h7XTY,UCWupWRVfGxqARiSDqZkMhog,다시 청춘,65+,2026-03-16T10:37:27Z,1157,thumbnails/다시청춘/Chd7k2h7XTY.jpg
DbOmuWS1ZEg,UC9aBr3lDxrgYuzOCx7CUbxA,소중한내인생,65+,2026-03-23T10:45:01Z,2620,thumbnails/소중한내인생/DbOmuWS1ZEg.jpg
xMdYvGj0U8I,UC9aBr3lDxrgYuzOCx7CUbxA,소중한내인생,65+,2026-03-21T10:45:11Z,2201,thumbnails/소중한내인생/xMdYvGj0U8I.jpg
Mey-_5hGicA,UC9aBr3lDxrgYuzOCx7CUbxA,소중한내인생,65+,2026-03-18T10:45:06Z,2696,thumbnails/소중한내인생/Mey-_5hGicA.jpg
PayQzvNknBU,UC9aBr3lDxrgYuzOCx7CUbxA,소중한내인생,65+,2026-03-16T11:35:42Z,2123,thumbnails/소중한내인생/PayQzvNknBU.jpg
1Xoo3JnhboU,UC9aBr3lDxrgYuzOCx7CUbxA,소중한내인생,65+,2026-03-15T10:45:00Z,2281,thumbnails/소중한내인생/1Xoo3JnhboU.jpg
tgi86Rbn3OM,UCHhtRT2BHQvgIuxpuKiSLkw,시니어시니어!,65+,2026-03-20T09:57:03Z,732,thumbnails/시니어시니어/tgi86Rbn3OM.jpg
krvt8yfNu-Y,UCHhtRT2BHQvgIuxpuKiSLkw,시니어시니어!,65+,2026-03-16T05:35:47Z,1225,thumbnails/시니어시니어/krvt8yfNu-Y.jpg
C6E0dOKsvSs,UCzDs6GlAZsYlGbd_OUBdjmA,건강지식TV,65+,2026-03-17T09:04:12Z,,thumbnails/건강지식TV/C6E0dOKsvSs.jpg
vMxYEgF51nY,UCzDs6GlAZsYlGbd_OUBdjmA,건강지식TV,65+,2026-03-23T01:09:52Z,42901,thumbnails/건강지식TV/vMxYEgF51nY.jpg
FQAP7ZqNHK8,UCzDs6GlAZsYlGbd_OUBdjmA,건강지식TV,65+,2026-03-22T03:17:12Z,42900,thumbnails/건강지식TV/FQAP7ZqNHK8.jpg
5Mnb_Hfjkk0,UCzDs6GlAZsYlGbd_OUBdjmA,건강지식TV,65+,2026-03-21T02:05:47Z,42901,thumbnails/건강지식TV/5Mnb_Hfjkk0.jpg
cm8j-wX7QoU,UC9IdV7zIlIXm8UXU2JH7pSg,백세친구,65+,2026-03-19T00:30:41Z,1435,thumbnails/백세친구/cm8j-wX7QoU.jpg
h6mzRVDFfZE,UC9IdV7zIlIXm8UXU2JH7pSg,백세친구,65+,2026-03-17T00:30:42Z,1469,thumbnails/백세친구/h6mzRVDFfZE.jpg
H7ifyytAWCw,UC9IdV7zIlIXm8UXU2JH7pSg,백세친구,65+,2026-03-15T00:30:16Z,1369,thumbnails/백세친구/H7ifyytAWCw.jpg
x2f9JsXxUQc,UC9IdV7zIlIXm8UXU2JH7pSg,백세친구,65+,2026-03-12T00:31:01Z,1555,thumbnails/백세친구/x2f9JsXxUQc.jpg
