channel_id,channel_name,n_videos
UC-3wHyVaLCiujjjPYXtif5w,몰입한국어 Immersion in Korean,10
UC-5FZijYaFYgx4YMJOpJuJQ,지혜의 창고,10
UC-Epg0cmJNbKFx3RqCnKs7Q,입시왕,10
UC-JSzYAYzGI19jPtanJ3mEQ,미친국어,10
UC-KtovRhLtb0g17LaPVOBvg,에듀클래스,10
UC-Qa1Aonx8_At8D11NSDz5g,버럭혜라 : 깨달아보자,10
UC-WVQ3_9zN_HwKTWp3miPmA,Thuyết Pháp Mỗi Ngày,10
UC-l8Pvs_v-Yo-xBDmXEFohA,By Ruaa,10
UC-lhFye4rnQ3ri-alWf662g,장성숙 정신건강TV,10
UC-qRvt-Lijj45Tq6Yqf8Cbw,아트코벤트,10
UC-swf20n5xdKW0waeLpXPFQ,EBS,10
UC04W8elroFpr_dkvFzqqgfA,영어회로만들기,3
UC057uLtnbzqs4qG9-cxssjw,슈박스 SCHUBOX,10
UC06-2Z7uFRixRnQ9HdjMomw,브텍우뇌육아,10
UC06_tZKbGEX_Wae9kLSWKDw,백세불패 - 치매예방퀴즈,10
UC0AlV6CGVPYRyZmHTNP8bMA,한자마당,10
UC0MVv0wGYB078pISgHFwhzQ,최태성 1TV,10
UC0SA1qcioI8gSkGWjp1djwA,경희대학교 Kyung Hee University,10
UC0UZdGwYL9cvD9Wqam7Teng,책 읽어주는그녀 라라,10
UC0UbOvKLPOUEoSIObwU0-hg,다나트,10
UC0Wy2BjhsQP3gk2iuksCudw,에스텔잉글리쉬EstellEnglish,10
UC0bsXLXrSxltCp0BN2O0Jpg,Small Talk in Korean,10
UC0hPTviTyDq4GsYijlt-QZQ,정철영어성경TV,10
UC0lJDV9wY5C6FJfKrEkRlYQ,우주의 발견,10
UC0u0PTn7hOxkYSYRqTalk8w,전기치트키,10
UC14kG7Psx-44CmW9ilzlTOg,Draw Sweet,10
UC17lvWECf2AWRbqKuCcf4VQ,책읽기좋은날,10
UC17qW0wrebSnRAl5EWKuWgA,신종식수채화투어,10
UC1JuasrqdCZ63YhKhxZ0J3w,스튜디오헤이 StudioHey,10
UC1Yctn_P1sZjx1lMS9dcSSA,범준에 물리다,10
UC1orAPOQdcHNDlndltGJFEw,내 삶을 바꾸는 지혜,10
UC1orofViseR1HE42X8PSQtQ,Real Korean with Morning,10
UC1yRQiP30UCJeF5LjAQV-Vw,별헤는샘,10
UC1zN_akM_Cy1IBDzDNJtqGA,May Daily English,10
UC24zBkSpg-Y2g_ETJlpBUtw,취준생의성장멘토_꿈푸언니💪,10
UC2CyfFBlwsqhpULbGrLtdkQ,미국인 션쌤 Sean Teacher,10
UC2Fh3XoQYNYTba-cigq5cAA,스파르타클럽,10
UC2SLjm9P0C5Y9LosLDrLgsg,이온81ㅎ ( 천부경 암호 해독),10
UC2ZW7h_B-a1If6y3dElR7Yw,"아카데미과학 Academy Plastic Model Co., Ltd.",10
UC2eJoP6NTmyO-kJVPqzF_zQ,리걸마인드연구소,10
UC2hHqc8QY1A1XGN3vlQjRcg,책 들려주는 창가,10
UC2lm1Y2c_xRRpdws9eQ27Yg,수능 영어 연구소,10
UC2o1kCU_E0_b8K6UnEcmbXg,박문각 공인중개사,10
UC2owPym75IZth4z4U5Xro2Q,신분상승 영어,10
UC2pMobxHHN4F8Rbk799g4yw,채널 정은표,10
UC32IOisFxLTONS6edpJWWkA,타로 알려주는 남자,10
UC33KZCPmSbi1M4We7r9Q4mw,국풀TV,10
UC3AIwHYhKeZm9ltKqGOpcGw,거인의 어깨 | On The Shoulders of GIANTS,10
UC3EBdTML_JzJbc1aKYoZDDw,우리역사바로알기,10
UC3LijSf0_93nbBli0ew_Sug,교장 크리스선생님,10
UC3NQgm1Th1sMhOIJ8KnQrOg,헬렌잉글리쉬,10
UC3S4DVhzCi6_lsF6pmPkMIA,흥딩스쿨,10
UC3VPg0Hbtxz7squ78S16i1g,DYBooks,10
UC3VVK5qeHT1DbzqYlzo64iQ,딜라일라 킴 Delilah Kim,10
UC3YmhT0aCMrP-0jt5kF_KFg,귀가 뚫리는 영어,10
UC3fE5_lkynZjMssDQ1zdyDw,나눔철학,10
UC3lIXKvzFXqpTs0FZWCcKNg,ACE황단단,10
UC3qwgQhgVZAjDAkb2rZbNPA,영어식 사고 l 러너블 티처조,10
UC3xghg92eW-IaftxedvU5vQ,"샤튜브, 유학에 관한 모든 컨텐츠",10
UC43KOLtWnrT_b4NidKB0-VQ,하루영어,10
UC4ARi7nP4gB3JxqQYHBGcUQ,조작가의 스몰빅클래스,10
UC4K9eELJ1-cOa60dWeWEnpw,뇌과학 쓸래요?,10
UC4RUPCLWItISTnNGt5t4P3g,정약용의서재,10
UC4RsobeIZvbWwr1Vd68Jmog,소 아저씨의 과학 이야기,10
UC4U9KyVSroL8a2DEQNHDYRw,책읽는신쌤,10
UC4Y4DvQozKRxSfORvZpM5ww,결국엔 성정혜 영어,10
UC4aGVjxhkeeeAvuH6TOn5Fg,실전창호,10
UC4dCg_iioDqyBLEnUA7BvKg,WorldCom EDU,10
UC4guIrJi8bzwDgX-7Cu2aDQ,서울대소자쌤,10
UC4id9L5MoglrKmY3_Eetv0A,대치동캐슬,10
UC4o5nOjyZwtKSGS9kCFwRHg,영어가 막막할 땐 - 길잡이영어,10
UC4p00wkOeZBFY6HuzjABBVQ,"라꼼므, 번역가의 영어공부법",10
UC4pjftfPdvusUueGbtzndYQ,최진석의 새말새몸짓,10
UC51fBvzBFyL7DDNLD9r7M3g,WONLEE,10
UC59N4YTqBjs_xte25Fc2YPA,5분 뚝딱 철학,10
UC59aP5raweeEOoPBGEv2ZiQ,지혜담은노후,10
UC5AVL9zsZy6xkZcuJNw-xDg,효명작명,10
UC5FmBg4pLeD2DljCNtqEkpQ,김만수 바둑 학교,10
UC5KyjrRio7A0N0ScbIDUIow,노을커피의 교육.입시 TV,10
UC5R4VhnTNZvPRG1c5FEWlPw,설쌤TV - 단꿈e,10
UC5WziSmG1SyOexoH66kkpxQ,케익 수학,10
UC5YmN9A4tB0yoE5IrTUsBnQ,토익김동영,10
UC5ZpIzwDrsT_IMvHGBTswRg,온중국어 ON Chinese,10
UC5bAQKjAHUvQ1MQV24YyGTw,친절한 대학 기초영어,10
UC5eQnTuj7h-0Hx-8FD68DGg,마음의 부,10
UC5ejXDZv61xIFlboat1d3wA,변경호TV,10
UC5m1d4sPHnpcLCJEu3j2FpQ,최민준의 아들TV,10
UC5tkGLO0GpglCOtkY_GJGpA,왕초보 영어학교,10
UC60BR3cIj_ND87shjg06RPg,뉴뉴스(NEWNEWS),10
UC66Sx42x4_dD3SsG6rOUqCQ,미드 1만 시간 본 남자 - 수아 바나나,10
UC6Edx0QzL8mt8-Z1FxMCV3w,손나래 발랄해,10
UC6HCvkLC4Dh09uVGlc3cDfQ,LineDanceDallas5,10
UC6JMy6VO-z7LlPRlkOUUiBg,렐라중국어,10
UC6TPS-yjXKuPg470iupxRgw,Language Master,10
UC6WAnvIpGwXMy-DVfdxKrNw,아토즈논구술아카데미,10
UC6a_25n7GEVCFqEN_Rp-aAA,온토리 - 기업교육 파트너,10
UC6fZ02H87mj5GqMM7X9UQIQ,10분영어,10
UC6hPdue_UHtHjQDNuQiW6pQ,말 잘하는 임행복,10
UC6lIntyO-vhCP0WkniRAW7Q,고명환tv,10
UC6t7la0reF80Tf3uu4xvT_A,미국영어,10
UC6yUGQNLwNAqb9M8vUhxBlQ,Project스노우볼,10
UC6ykkU7v8uhmF-Rk1bNCHMg,drawing jori0506,10
UC7-QVnPSJ96g9T6HVFvyKMQ,영어강사크리쌤,10
UC737T1zTN6MQ1uWorHVAXvA,태웅쌤 - Comprehensible Input Korean,10
UC75ZYhG2jyDVmgzt4caBZ8Q,나글조아캘리 (덕인),10
UC7F6UDq3gykPZHWRhrj_BDw,사물궁이 잡학지식,10
UC7FJnzLxwcbeIbrcreHnLlg,대치동 재우쌤,10
UC7_DYXAd6_QyjFuQm3YiSAw,국제청소년연합(IYF),10
UC7cZrVYmD8L9vvOmBDZV1kA,심정섭TV by Jonathan Sim,10
UC7fAOD8cT3KyyPIS6agqSLg,대치동 솬쌤(김소환T),10
UC7iC7E6jGO6Cq1HqlXGVjHQ,문정아중국어 공식 유투브,10
UC7j82fEuOlCUwVhXz1Qo3zw,백년수첩,10
UC7m5pXsA9hfSPUKtX1W7xQQ,멜 토스,10
UC7nAIf5iFw4pf8rWkTRrRxA,김응빈의 응생물학,10
UC7qi7lteNLgWjZ3u1UQSrgg,또선생,10
UC7tPhhDzo_IcNuAkSzpF9aQ,Anwoo Mapping History,10
UC7uDyFIqExDnfXAIZqumFrQ,셜록현준,10
UC7w3lmH-NxpFUcpa5KDoWHA,댕댕이와책을,10
UC7yOuTk9zJr7-5jhNxEueDQ,언어의 정원,10
UC7ynjArlSFuXW23ssZAknyA,Learn Korean with GO! Billy Korean,10
UC85XZXQ8TtEC9zpnmNTmMIg,척척박사 사주,10
UC85rQ0Fdnn0BREQbaUsoJ7w,까칠교수,10
UC86T02acE7ixVz5ZLTlrnQw,탐사튜브,10
UC8DYLjLs0MtL9GrDl-JK5Fw,류리ON RYURI-ON,10
UC8MKHO351vti4Q0RE7I0iKg,영원의 울림,10
UC8PoXoh1QsmLVSeWo9m8u0w,독서연구소,10
UC8S64ijkpe5VhiXNWmGGwVg,수학혁명 김지석,10
UC8VHusOvhF39wb4k0vYr1dA,위인의 하루,10
UC8VXy_LYazhuRj2i4vdBrkw,요지경속심리학,5
UC8X4a1jredRdGcKMZ19zl0w,저스티스,10
UC8bHjiSJFZFfFK1p6QPIWFw,젭스,10
UC8bmQ1piA5IGBXtuRa7dvaA,김책임=대학원X바이오X박사멘토,10
UC8qp6-6XXgAgZx3hJ39RMBQ,광주광역시교육청,10
UC8tOQvOKqO4GM--YHEj59wA,이기는 법,10
UC9-N-zkaxFVmurCYmpepaCA,이사야,10
UC9mihb2Ag09tETJ70lvYpzw,김시현,10
UC9oxRR3Oyua_mHOKEtd4Lnw,합격다드림_균쌤,10
UC9pDHQP3NaZCOWMYuoQfwHA,재우의 서재 : Be Yourself,10
UC9sVcKAu05lT96TMD2qiEkw,영어학교 : 영어가 쉬워지는 채널,10
UCA3SxXh630kVxmshSw1xp6Q,Artpower_Seunghee,10
UCA4ZUofyfHIk-qXlAQQV5Hg,너진똑 NJT BOOK,10
UCABNCR0D5TbFkv3v0VSEJwQ,레츠아트,10
UCAEF3mM5YQcP_o231fLRXmQ,깨달음이 머무는 곳,10
UCAQiTds3u7g6HHGhLOsscYA,Angel English,10
UCARHbZtiBTOgDDjGm1k1Mmg,해죽이북카페,10
UCAUVrySqqyFnsVsyn37JhPw,가든패밀리 (Garden Family),10
UCAYlLZD0crhIEU9r4HfG2sw,Song Won,10
UCAaG99KK--o37ZoYxvYdkwA,설레는 수학,10
UCAiflozzmVHQSYasZo7NREQ,어디든학교,10
UCAiieFMhZZiOYsK1hk76qmA,교육의 민족,10
UCAkfoe5B5A9ANcEvGWDnBtw,방문각,3
UCAkww1dLYNyoz2fdlJZV3Qg,PAGODA파고다,10
UCAlCEzL0QxyufwrjTOa7p4g,토토의 Korean Podcast,10
UCAm1JXQN3hGfBY3CxZiXDnQ,일상의인문학,10
UCAxJwZ03iXR01k89vcDAtAA,멀리보다,10
UCB0WcCsLWxcCz7d8MGjAqMw,대치동 영어학원 내부고발자,10
UCB4MbYcHYQcf-al_21aIg7A,경상북도교육청 맛쿨멋쿨TV,10
UCBJfn18i3Md3_YTnxPFR_aQ,희망의 노래,10
UCBJi6ui3Kn75zPldNk9WYLw,실속 영어,10
UCBUkrU2PUtBcdSKEcR75q-Q,이교수의 책과 사람,10
UCBWD4nCrCi5gGAV_Sa7imWg,반만년한국사,10
UCBWe_dHJQu_gAoTOIWUkQJg,Univ 찌룩,10
UCBeCjZj4UHnBZ3hR0sDKCfw,듣는 보약,7
UCBg3BzAjCSolApVTYReuVhQ,픽미쌤TV,10
UCBm_gdGw8uLcwFwP5RxxNtQ,천쌤에게물어보셈,10
UCBnApHnR1hkYcR0iX_Se9Lw,지혜의 메아리,10
UCBqg-gCi-s9hhQ228HhEJSw,korea sewa,10
UCBtOmEN96TOM8R8QAzx3OSw,pJenfist(젠피스트),10
UCC22DqXbTW-m4oUHj8XmhXA,Chicos Coreanos,10
UCCBYLXOSeHIyNsDzxvNCklw,삼육대학교 SAHMYOOK UNIVERSITY,10
UCCFwxpznDJzgnnVGuVxQcUA,와이트리댄스스쿨OIO-49I6-3OO3,10
UCCKn_W_0PBvnvzsasP14nYw,서울과학기술대학교,10
UCCKq9tQf5_341L76OqFXGEQ,EF Korea - 어학연수/유학,10
UCCScEriE--bvE5R5qRhasaw,화학하악,10
UCCTK876rgNAUE8PKRryZhhQ,Sookmyung Women's University 숙명여자대학교,10
UCCaFYslhot_g4QxMjAcC0gg,Didi의 한국문화 Podcast,10
UCCe1PpycS-vi4gbJgGuy6Qw,박임규 parkimgyu 연필과 수채화,10
UCCj-hjgQ7a3Q75n3ixLNldA,"용찬우 Dragon, Chanu",10
UCCq9w9rG51vZxWPxLNB04mQ,EBS Learning,10
UCCx4GAUvl9a5jJG3sQxCxqw,인생의 미학,10
UCD-pGG0i5Xz-HQDSBI6FZsQ,아이클래스,10
UCD-ss8aBcD6Jslql-ZeYSbA,김세라작가의 15분에책한권,10
UCD0E-zH1e1lNmGIv-V11s0g,거인의 속삭임,10
UCDATvKmotWRx5B3dAGSW6Ng,AI 실전 수익화 클래스 | 게으른 유튜버,10
UCDGuwYNlT8wBmMZresvB1YQ,사주세요,10
UCDZjQGOk3Sz5ntmZeZrHD2w,행운의 전령(이강학),10
UCDbZBPI9IMdukzxiy2PTt7Q,위인의 지혜,10
UCDbuGwprDpNDjrdInPcz72Q,English with Ferrol,10
UCDdr39UwZo5dN8Iiih3PhRg,시원스쿨 러시아어,10
UCDqvj2O7ZFG6qJi0yFvZMVg,KOMONE,10
UCDrkqqlsKpYttjSY0FA_VyA,Learn Korean with Bibek,10
UCE7DL2zQRsXTZaQ4NTPoMNA,양쌤일본어,10
UCE8Mfihua3aiE5i_5FBM7Rw,Wawa Gong 와와공,10
UCEAYA3rHDlJZrsB1gy3kQvg,이웃집오타쿠,10
UCEEUrs4bXdUipU2Oa3_5fag,윤코TV 어반스케치 전문방송,10
UCEFT7-JkggmFSNX8CncSs-A,원리를 깨우치는 영어(원깨비),10
UCEL0UHw8k4q9XHQ6WYi2kkA,이다희:-D A H E E channel,10
UCELnSDrnstcK68yiP9sGhnA,E's Chinese Class,10
UCERdItb-rWZnWpVItN9tA0A,책읽는 오로라,10
UCERrRJphKQWHcIWqswnMg_w,김원샷의 원싸이트,10
UCEVMVwDhChRGwRwLKkwdYXA,고려사이버대학교,10
UCEaU4UjjM3KV_cOQttREBQA,강문호. 수도사 이야기,10
UCEbSJkTdYBbXyITcFAD_haw,말해보카,10
UCEcZg8dYo-kDaV2Vuqr67-Q,모두영어,10
UCEdNRdGhJhH51pTyGN1mn3w,수능 이코치,10
UCEgg5k_B2jPy68mZPQRyMEg,보원교수BowonTV,10
UCEmqgAdERSA9Oj-ZNlbcWjw,박영덕 용접학원,10
UCF4RQw6uMwB4i1_7SRrII7A,ECK교육 온라인강좌,10
UCFCr-W4IS5ZoGfUtSBd5lEQ,Jack Dessins,10
UCFJAXRUMqxNhSa2jUXjHlWg,메리토익,10
UCFRjA43Kt6ohmn9G9glZylQ,수학통역사_조안호,10
UCFcMY8DlamCdLxj4_DJcuTg,연수남TV,10
UCFi7nf9CXWDJZfxgo_7sRIA,김유영 교수의 io JLPT - 온라인 JLPT 모의고사,10
UCFj2Ahly7ELJXfvzAKH-Lbg,미국회사직장인,10
UCFvzXI6Cd78nRQWxNw01Udw,애리 Aelly,10
UCG2DUiUkDuQckaRjkxqFUog,링글 - Ringle,10
UCG8DT-HHMRXaLOjNR3vvwlQ,영플릭스 Shadowing English,10
UCGBmAtk23991lvgjAKRZybQ,J's English Lab _ 제이 영어 연구소,10
UCGDA1e6qQSAH0R9hoip9VrA,라이브 아카데미,10
UCGGLIeX8d7X4NPF4h4esvZA,전기는빠지직(송건웅),10
UCGTGdcYHZNFvM26w1UncmOQ,꽉 변호사,10
UCGiXxJX_OAUYcrtOVXNCPzg,poetwhang,10
UCGwOGZs0aoxMLhtY9q1WGRw,이영수,10
UCH4YqIY3Gi_l-qbf_Lj2f3w,경찰공무원 1위 해커스경찰,10
UCH84zZ96vfcioIUS7-uKF4w,리딩게이트 RG STORY,10
UCH8bWxeipp2QXzjNMSoKxAA,ART JACK,10
UCH9V9wph5cDEcsWvMUQsjUQ,의대생 정진우 JINWOO,10
UCHBqx0hVrFuVYT4fajWn7ng,JJD 語学学校 - 英語,10
UCHEEOe5SnxYau9puXKtqx5Q,Abby P,10
UCHHUXIYpoxNQgdCXpq-o4ug,노벨라 Novella,10
UCHNU_M38dGr2-TLLsXK9bKQ,퀴즈코리아,10
UCHT4jsBe9moc8VS3fVM-0rg,Nep,10
UCHW8YcfjmtlOXYcgJlkP99w,Your English Roadmap (잉글리쉬로드맵),10
UCHaJ6PG2TI6V3a3VilQ9HvQ,선운의 명리터,10
UCHffT4dVZeihTTzuGU9F3ww,밀리언마인드 A million mind,10
UCHiNbsJgzu3BIdC0dprz18Q,Uncle Jack,10
UCHijQnfbYcJr3kFOH4CSY_g,할슈이써,10
UCHkKf85AxbSM_IFNhs9kOPw,보현TV,10
UCHmt8ONoIsTsvPZ80M23f6w,명사중심명중영어,10
UCHuSBcZbE3yMpJbzW43g48A,락서,10
UCHwOQ9wD0XJLnCEYiHQM1jQ,참쌤스쿨,10
UCI3Wpnaj_UfnmxL4fIz-Tug,토니토니,10
UCI3mHMt-wivlZ3LS_1KiPHQ,장동선의 궁금한 뇌,10
UCI6hp5DxbIvFwjrgF0r40HQ,"예, 소방입니다",10
UCID6yW3XXQADh2hbMQ64KyQ,제이미쌤 한줌영어,10
UCIDgYpZoATsKQ5ekdgyVrZg,육퇴한밤,10
UCIHQauazD_tj9MC5q6JzaVQ,예후아트,10
UCIQEri_rkakWxoYqACvC9-A,DADAM Education,10
UCIVjI_iS9KOIkQb2ggCfxIA,합격 윤쌤(에듀윌 간호조무사 저자),10
UCIY0tjXjj2hGwqVwoZ38wLg,Sena's language TV,10
UCIeGcgo2NLHwYV5_NHuOwgg,12 Math,10
UCIeTTBW4Ywvx3wlZy1a6Dxg,도라와 러시아어 с Дорюшей,10
UCIkt8TCWiH0xO3Wy8ZfvvVg,서가명강,10
UCIp1huLEPfBv-js3K95AqMQ,레이첼 랭귀지스쿨 Rachel's Language School,10
UCIpQ4Z_y2dObDVDt4T_nleQ,도올TV,10
UCIsrXcPfmSQ_yT0NglYAU1Q,라이프루시딩,10
UCIysKfbBSjqJI5odKEU-ziA,Hello Jennie,10
UCJJ_n7RI2ALoo5wdX2qzmYA,수상한생선 Life Science,10
UCJJpZmjVwvZX0lhELWTNV3A,스푼영어,10
UCJJv5M4cirGff57vqG2MLjg,서아쌤의 비밀과외,10
UCJXH3qKa0MEG-ErbUztVPWg,주하효과 (매출전략_ 한국말센스연구소),10
UCJ_3L5ElVq7fI0AAB91tfng,서울대학교 Seoul National University,10
UCJeZVs4Vu7LAse-vTLP3Siw,Saemi Nadine Jung,10
UCJgSTH8ksptyNucZVyMWapw,인문학이랑,10
UCJiaAMYIF-fkdYSlYRgo7iA,통역다은,10
UCJpIsrXze5HT3X64LDIIHUg,Korean with Miss Vicky 빅키쌤,10
UCJusobCDh4J4mOql5j3eZVg,한국외국어대학교 HUFS,10
UCJzHJ6rysDA1xCb16gzL06w,허세미술관,10
UCJzKUdFeihDie06w7eFRJlQ,영어쉐도잉,10
UCK8UPoaXZoM6I_yqVJ06cpQ,아키노트,10
UCKIicR8VM3HczwmJM9UxtTw,seemile Korean,10
UCKIrWWrtQGTvFdsIRNVeMeA,에밀리 독일어,10
UCKPJIbh6LGsTufo3r67HEhw,혀니C코딩,10
UCKSGWsJu9Yo47hrLXyxYiIA,십세들,10
UCKUEhfTj_CzTp-_2rZd-MYQ,연세합사의 논술학교,10
UCKWbpYjO7jb0hwcLxg7hPmA,jason kim,10
UCKc280ZeeQsYauS6zAk8b5g,말이라도 잘해야지 일본어,10
UCKhbE56XjvzsnHELIP0jO1A,최미영의Love Your Voice,10
UCKk-_15Ach5DUNd2vpcMvGA,뇌가 하는 거야 Blame the Brain,10
UCL-LWCFs53daozkd2ku3RPw,LTI Korea 한국문학번역원,10
UCL65pzEwM_RtSU4WJbq4Fuw,배나영의 Voice Plus+,10
UCL6SW8VxQ3ne_Yq3Rm0keKw,퍼플아카데미TV,10
UCL9KajmaUtuHfoC-2bTk8mQ,임용한TV,10
UCLAnAluWkiyBDsM4uLRrhgg,메가스터디교육 입시전략연구소,10
UCLNGY9N9Xmnc2kUpHoSJ5ng,Dr. Zye,10
UCLNuVLdzyTR2UCaG_jS2vlw,부를 위한 조언,10
UCLPuT5e6S7QJZ_KkjTW5ZYQ,엑스캠퍼스 X_CAMPUS,10
UCLTMYKwysJGmlqp3SgooCag,ABC kindergarten,10
UCLcfz3EIgDw01VtRLZmrxDQ,최재천의 아마존,10
UCLcpxYnuv6CDlneHuRgWFyQ,써니피디아 SUNNYPEDIA,10
UCLgSi1_mVaeYLm53WZJnuWA,쏙쏙 들리는 English,10
UCLjOW7dDhPrP27HwmXrbDmA,말의 비밀,10
UCLo4ehc-lqDAecLrI1b2MZA,천인지운명학,10
UCLzTTYV_2oGjGA5FtI-YHKQ,살림홈팁,6
UCM-3gtPdVkkf23P-1kcKA5Q,우마이 일본어,10
UCM2HVszjOG8328YYmCoQwAw,이지영 [Leejiyoung Official],10
UCM3Shj_HU_CGLi71wSCMZSQ,술술영어 - 영어로 술술 말하고 싶다면?,10
UCM6KoZ_wNIDbmfpmUSc56fg,유휘운-공무원변호사,10
UCM6hltNm1_4QzbO65ImpbPw,레디포그로스 (Ready For Growth),10
UCM7u3wF-2o_hDC_Lj5g-_hQ,명담재,10
UCM9TaQTrDwTNAL1xammmY7A,뇌새김 영어회화 공식 유튜브,10
UCMEwjiagAaxOBJyyGNUGERw,본즈 영어,10
UCMFi9g19yCZad4Qekwxv79A,김젬마,10
UCMSzjNHLZNNUUA-Z8OrXY9Q,성균관대학교SKKU,10
UCMUZ_iIFpSWLs2BUdPW9hig,채환 마음공부 하루법문,10
UCMUg6rFjwgUj_e_uGGmJwpQ,유리스마,10
UCMqVpr_9XHlcPB9qmDJw3eA,미드훈련소 | 영어쉐도잉,10
UCMzQ4LycOHFqFrw-elvv3NQ,달팽이책육아,10
UCN-9Ehv9GC5fFwveWWJ3ibg,세바시 인생질문,10
UCN1sd9EdQLBB3wYeeBf8Cvw,꿀찬튜브,10
UCNDUxE7CJvc_q3o_72bQqkg,따라하는영어 - 따라해영,10
UCNKX-ZuhSKzjxiqsJT_TuVg,친절한 밴다쌤,10
UCNM9TmyfbOD_GWAfd9qyOMw,제나쌤 | 영어독학,6
UCNXW-vqPQBleJ_asjL1hOlg,HANIJEMI ; KOREAN LESSON,10
UCNn3JdHaE2yUXuQ9BWwiCUw,뇌를 지켜라,10
UCNpYdUKMRScgFuoUiTq6RrA,스터디코드 STUDYCODE,10
UCNqeTkCIWapPPRGB-F9bQVw,한글로영어공식,10
UCO4lauUFFKAf4fgpA5c1yeQ,국어선생 장의순,10
UCO69r70Vl5GhOQK1wEt9olg,써먹는영어,10
UCO71fqX5XhKUyCrh1h7hMWQ,김광순,10
UCOIQA3qo42fYTnkfMB1zS6A,입시천재 펜타킬,10
UCONTlrUj5pVn7LammlleLJg,놀면서 배우는 심리학,10
UCOUh37Gvn0NmVw9E28qGC1A,소리담기soridamki,10
UCOVA4UVvciZCsqyIxsN5gCg,자기애적 효과,10
UCO_QtSs0R1CVhiAicSbmxVw,드림맘_자녀교육tv,10
UCOfPBjrT7sFiBe3Bl2e9bEA,캘리쌤 브이로그 영어,10
UCOhTlMePzhdq0Ja6y7BJ8aQ,그 남자의 목소리,10
UCOioCjtcn5xCrFpLTNZGtsg,예수회센터Jesuit Apostolic Center,10
UCOkFntdTHBosJBAgmBMX5Ew,타임어스,10
UCOock_9qHke843-hGjnVYHQ,책그림,10
UCOpHyyVYmHjgy4pYszkyfKQ,쉬운영어119,10
UCP-fDy76kLheskwrmA-b5_w,비블 bibl,10
UCP5hSBwJ2W7Lu9cwaO2-RgQ,문지혁의 보기드문책,10
UCPR9uggZu956g8_SIcTyyJA,런던쌤,10
UCPRvN1S5GmISnBsxGWzjYMg,[엄배영]기초 영문법,10
UCPhvyjw3ZrfxjEv6d5xE-7Q,책읽는 자작나무,10
UCPvMw4n1pEsSZCiPMnVxHHQ,와카메센세,10
UCPyppZROSEKwYej-oXPHdfA,소쌤교실,10
UCQ-Ju-faRRBXsSgsR2lH6cw,Drawing Hands (Jeon Sookyoung),10
UCQ6pR-Q5gdg0xvKCjBsW3BQ,엘리하이,10
UCQCWyl5AR8OdD-nuVw22Jlw,유리한국어,10
UCQDtETLm64dEWdmkDr6y_7Q,김자유,10
UCQE2r0rY0PIVQFwvgwlKhAQ,모두를 위한 미술사,10
UCQI-adqkUUERissAytUMZ3A,방탄자기계발멘토,10
UCQJEHG7bAaZGyoJgHvKhJuQ,들려야 말하는 영어,10
UCQNGm_OVjMWtQ5WN3aXGZug,바다별에듀,10
UCQT7znaczuADTOfQsSq4RRQ,영어 회화 인강도 다락원,10
UCQUHZuaNJJtJZCL5cnJgsRQ,하이하이 영어,10
UCQV9ka29OPPKlHk1CHLT4-w,바이블도슨트 Bible Docent,10
UCQWbZ9ulYleItbB77a2qw_w,부처님가르침,10
UCQWtvqiU1q_juZKeOFQBZgQ,김준식 키다리 선생님,10
UCQcJMiugQqUYlxm_Zrzw9eg,현서 아빠표 영어,10
UCQkiE4sHHUp_cP55gjJfnUA,키텔 KITTEL,10
UCQm-JIXzhjDZ3IQvOSXxoSw,지니쌤 조이클래스,10
UCQo-i4U67GW_CDh5s7hcv6Q,A*List! English Learning Videos for Kids,10
UCQrGtqkjOwziNriUB8X6a6Q,본즈 기초 영어,10
UCQyg5louKKtNOb-y53zj8iQ,시니어지혜,10
UCR0EVFf3JfdeTC52y7Nfxzw,책보고,10
UCR2zStjPzybzzZLlRC8PTaQ,JELLO ENGLISH,10
UCR3xTCbzHHl3BduhY8vHjog,맛있는 베트남어 - Tieng Viet ngon,10
UCR6212PWPEpNg1t8u123jRg,세진쌤,10
UCR9-OCi3ieZlclpZBN_02ww,무료 반복 학습기슬러디 (by 호정선생),10
UCR9k12k2SxIrRyEIRGeFFWg,정설,10
UCRAMp1GnTmNwJofLvu23rVA,[1프로컨설팅 사주 명리],10
UCRKkIDf1-APzp2txv0jJgdw,국립대구과학관 Scientry,10
UCRYm4qF0bSabz-umyPbtFDg,해피이선생,10
UCRiqFVH6khbdDrA5BzBnAzA,밀크티타임,10
UCRp8J0qjfikPxdrDRJTt3QQ,케어링,10
UCRrQ2IpKDUDJLsv7lQjkY3w,해운대 공부장첸,10
UCRvdXwPSmcZZuR4zRP-6bIw,프랭크쌤 기초영어,10
UCRy0M1426hCF8Q6K2j5utgA,니언nion,10
UCS0AIvEKcbM9LOFJSPvHROg,번역가J in NY,10
UCS0BVzOcvwYqsWfaY92WpSg,별하 캘리그라피 이지은 작가,10
UCS284U5C6Gv1XXSQLSOEkbg,이근철 TV,10
UCS4V1wnU8jA6SPuEVh7kOzg,시간의 항해,10
UCS9-qkxKRSxePF70azYYFrg,수학귀신,10
UCSD1bhdvFKZp9imNRC7KPnQ,길토익TV,10
UCSFnpwuWLRn58SFhJgSvOaA,정수영깡TV,10
UCSKoLcAd-PjFRt0bljKqvnA,수학강사이정민,10
UCSSgTTggcOUCu4Zvr34qqzg,뉴즈 | 스튜디오N,10
UCS_8v3yJnRahqwFvxoEIupg,지혜의 빛 : 인문학의 숲,10
UCSdz4cIYVjtBb3_AuTR6LLg,Topic,10
UCSo9B_19KMfSuxR5i2prTFw,준희쌤 요양보호교육,10
UCSsnbzVL74ci5JBnQ1YRrBw,JJD 랭귀지 스쿨 Language School,10
UCSvQJiTYECOrw-AYOr4yzqA,유니브클래스,10
UCT0dbpa7ziwzxcrL-v2ikGg,와이제이스파,10
UCT2z9Nx2sK9kbvOuju-0M7A,GH Parametric Design,10
UCT76W18BvOH2KRwD4ccC6LA,고딸영어,10
UCT7BVVXZ61-GsCX1CVeTXTQ,권정민 교수가 확인해 드립니다.,10
UCT8GGBEk9EoASEhoe7bXDuw,일분십이초,6
UCTAg4UgHGeT1HKj8rQt76XQ,초코서당(초명),10
UCTEMqWqkEyNZFLhK3aKWD2A,Doh Khit,10
UCTiZDBYn9x5ZaiJ44rLVq2g,수다솔,10
UCTmMK5Gx95eTUcIrc-8FWQw,내일은 심리학,10
UCTqpPK1YMBXywC2CeehyHEg,가치토커,10
UCU0IWfE48oeBgoKyayuZBWw,온라인 김도현 뉴미디어 영어,10
UCU8sFOlJTt9tAU0BHyQRO8A,스튜디오S - STUDIO S,10
UCU8zGsOZdGG97huvPHbuYbw,Bepul_Topik_Darslari,10
UCUDpuzmhP-XZgb30n0CvHrA,도약아트,10
UCUEFmgtW0p4P5QDUAqRcYuA,강감찬TV,10
UCUExeJrHQ7Z5RdHQD7iDJtw,|| 솔루션연구소,10
UCUGmIMTBM8atgOuhGT5L9wQ,"무의식 암기 .영어단어,중국어.일본어.한자",10
UCUROSo6T4xbCB47cRYISeJA,韩语老师candy,10
UCUV9bHklegmYbdt091TNvjA,충코의 철학 Chungco,10
UCUXc6BnKLUoN7b94T08pwSA,두남자 토익TV,10
UCUYQVjAKmat7byeO1Xpc7ag,연세대 혜림쌤,10
UCU_uWwLTwgtA5iRqoGUIoSQ,민정쌤네. ZIP [김민정],10
UCUbxGyz2C_Ld2D0DISKKbMA,노부영JYbooks,10
UCUkaBPcyqVjhSdLWppNL8SQ,Christian BGM 크리스찬 BGM,10
UCUkx8kqa_15bu0zal8Q9LOA,꽁교육+,10
UCUl_9-qY9iJ_OiM_oZTqUAg,쓸모있는 심리학  I  Practical Psychology,10
UCUyNNGDZUzy_RoGhWJYxBnw,매튜쌤의 영어수업,10
UCV2BUeQjYymQsE-kyIzH5ww,지식의서재,10
UCVAaIAKafXK8E2VOTiJtwiw,오늘명언,10
UCVBPV3aZkuCyYCFNePmDCOQ,디스커버아일랜드,10
UCVHedq_trS1pXFtS34NUi4w,이로울쌤의 이로운 교육정보,10
UCVI65BUSkVVebNrPov0WeIw,회사영어 제인,10
UCV_L2n9_OPfd-U2OncxyAYw,Papa 101,10
UCVbOPtXe4Fr7HDbeAf0VKAA,따뜻한 책한잔,10
UCVcA3V4MYFyEZ0ZSrkEoF0g,인생진리,3
UCVchPQg2h3Ec2cqF2fOxAUg,두치의PSAT,10
UCVh7USmUlUpX4wYj2DnJSyw,수학공부[Lucid Ryu],10
UCViS7dVlIh7-SlSKzXHcF6A,Speak Korean with Juhee,10
UCVkMCHP44uMkZg74cljtQxg,어피셜,10
UCVou7nB4umiUO9xuQaeBvgA,本当の生活韓国語,10
UCVsW_QS-bzIVDMChrRuBxPA,일본어 1위 해커스 회화·JLPT·학원·인강,10
UCW2bjsLAbJGgWIye2e98H1w,Papa English,10
UCWC0Tnr5P2fcZ3Hy6m7rqEA,스픽 - Speak,10
UCWLCuXK4Cuu_7n5Wg1PilbQ,현대지성,10
UCWOyWT0vXHyEwOhfwvilwgg,AI 전문강사 이도혜 | 챗GPT강사,10
UCWPUIA8a1VB7RRZfTkyLtZA,블로거 세나루,10
UCWUIboiO0yzLA4rOz1Wi9LQ,tiredbear yu,10
UCWZVd1bmppDiHb2hix31Cgw,AIVOCA_KR,10
UCWbdX2OQlZkpXBw9M21pjzQ,프랭크쌤영어,10
UCWfKVlLwfPBUgB2bIQ1vhQw,"Hello Korean 안녕, 한국어",10
UCWhX6_apdesoHh9y9BUgJXA,크루잉글리쉬 ㅣ영어PT 전문채널,10
UCWkN3JuHwe4aNUKbpiACLRw,SunnyLawTV_써니로,10
UCWqHm4u7junEcXkNKy6WEgw,쪄니쌤의 수학교실,10
UCWrBzLKCUS3Ifl1hkd8X-wQ,고고한 강교수,10
UCWz0zMOTDiv4KwLR-CkgcUA,처음영어,2
UCX0Oc4zrDWYBmaawAwtZ3Aw,심산 진로 컨설팅,10
UCX5z53aMgSuW-R2L3a6Ma_w,북덕의 북토크,10
UCXLON8o-zQnJ-Y34-mPMlDA,TOMO sensei,10
UCXb5Jph9hkZ2Q48QyBealyA,과학을보다,10
UCXmJ5425GeB-9u3oeRh1FEA,꾸준로그,10
UCXzJtqHpzyUa9tHu1fL3JtQ,남휘종,10
UCY2c8ZnQ80h7w1sjAsQmvtg,아니야 연대기,10
UCYMoST-OFvrTjJrsNmbFfXw,영어랑놀자,10
UCYOJkpm4YHKSDPvAb0rud-w,키우다문해력,10
UCYSmFPHb7224KrtlqmoTs2w,최태성 초등TV,10
UCYh6ilkmW_wXmSgqq-xdqUQ,Conversational Korean,10
UCYnpZyRFNzVSW53EL96HDMw,TOP Seoul Learning Korean Language,10
UCYtbLhbt0F5oURmHh2opvJw,깝스매스 | 노베이스 수학 연구소,10
UCYuUxqMfD0WHGFo-A1z5i8g,충북미디어교육방송,10
UCYz1VDueH9mZ26IGDg5O5gA,밀크티중학,10
UCYz6MCN5OxIuW_nFNEiaG8w,공부하는지호 Ziho,10
UCYzlbzBlqLNKxgawcHRWvLg,Simple Color,10
UCZ3DfYt7yRsjar88XIxvUnA,손해평가사 똑똑!한은경쌤,10
UCZ6UHYBQFBe14WUgxlgmYfg,오빠두엑셀 l 엑셀 강의 대표채널,10
UCZ8Men2K0rxzc_pPoGXd79w,영어맛 by 뒹굴신,10
UCZC_OcpmiV6b6Y2YpLPziXg,[승제튜브] 정승제 공식 유튜브 채널,10
UCZFcNlpKXzs2b5ROtjLnB9A,EBS ENGLISH,10
UCZJrzCWI7L2oGl26n4zvSNQ,NAMIL ART,10
UCZLpSrhkV1FA12qGsbC7Kog,상형에듀SangHyung Education,10
UCZ_njPaFCKrZcMQV6VFK6sw,제이크 토익스피킹,10
UCZp_ftx6UB_32VfVmlS3o_A,Tucker Programming,10
UCZvHcRsQZQyWnqKEWX3-XQA,이지 회계사세무사 아카데미,10
UC_027c1DrzmzWx9K9cgtSdw,직지선원,10
UC_2rCyMfN_HyrIVo3BjjCig,허경영신과함께TV,10
UC_7Q09HZZcKzpPCf1mwqSyw,차이랑중국어,10
UC_Ree4yve9u6zZ4ABhQXsDg,휴마이-HUMAI(김갑수TV),10
UC_T3dD0ABhb4EgozHd4x66g,영어할래요?,10
UC_W-SbfYudP3s7gEwEJ46JQ,Pink Ping Story,10
UC_bL8qNo5LxNN9zYHv2tPDA,도원대학당,10
UC_eiybz8mHFwAPbISM_hDYw,가치있는 시간 l 가시TV,10
UC_iLBgFPG1S_Xxu4rsVTxxQ,덕분스쿨(Deokbun School),10
UC_pFYt-qlE6eAIeFBamxttw,"여러분의 퇴근 멘토, 엑셀돼장",10
UC_sc0O1Dv0WyYU5N39V1o3Q,BitoArte Como Desenhar,10
UC_t0k-QTooSpxRMYbKcJZ5A,밤송이 Bamsongi,10
UC_tOZkClrES5siLGtGMIrgw,유리센 일본어,10
UC_yS9qx6-ZxS67HKPyWeXDg,세금내는아이들,10
UC_zfMeN2L_F1Ss23fPrqTyA,영어고민연구소,10
UCa0qEClkZ-EKlAMFtUGz6wA,히카루,10
UCaEIgztnMFSnnT60MASLIcg,김영사,10
UCaQlcTN7mZxzDAs4BwaaNIA,조승희의 고음팩토리,10
UCaT-zSQCdZ7cyTXE9lJOvxg,소설가 이묘영,10
UCa_Bvlw6AavvDun0_YDcAyQ,고려대학교 Korea University,10
UCacMaI9Yr5Ba8va7uCDi0bw,선생님도 매월 시험보는 학원 Since 2005,10
UCadhrKFHh_9K62ETq18EAAQ,제니리 영어 Jenny Lee,10
UCaj8AZrNOPfhE8nBs630v9A,코코팡 영어유치원,10
UCaorpTWiik0nzxdSS8MZehA,영어암송GY쌤,10
UCawt46dID01UZDvb2MQSVeQ,노년의 말,10
UCb4MVtZtinKBSrZOcRkThTQ,박혜원토익,10
UCb9kdZ3LKOTTcpp_1pw0o3g,최수수 ChoiSusu,10
UCbBYYjUT-zUthyeJ4qZvzig,희수 영어,10
UCbEbM29e8VHeaCKumKnPbtQ,AhIn In Korea,10
UCbEcbTZjgRluJRz-iHehdLg,Dongwoo Cha,10
UCbIcI2UQi8s1TQIyaS_q6Lg,알버트마미 에듀뉴스,10
UCbQfkzEECenPKsoTvZNTcNg,라임국어학원,10
UCbWX-b4qyRPmZg9FZkW_wFw,Calmante Coreano,10
UCbfUHhYssxYSc0JpA--p4pQ,팡스카이,10
UCbjqrG_6Vq38GgMTwEKPV3w,그레이스 레이스TV,10
UCbxH8_UgfZNjiyVJsWHaFDg,유학원장 몽선생,10
UCbybSnZkhSNM5_7BGlcp-7A,HOLAYESSI 올라예씨,10
UCc0UYt9rHJ4LLe_09YQnEqw,오늘의 구약공부,10
UCc31TNtY9ektLt8zpG-VZ0g,길벗스쿨 놀이터,10
UCc4OKP95qmWGTBlg5WEeChg,아이돌 한국어 Let's Learn Korean,10
UCcJsCcWlSPDC5dFNRqVxy_A,우주먼지의 현자타임즈,10
UCcKfGOfFVeoYZnv2xL5d4cQ,동국대학교DONGGUK UNIVERSITY,10
UCcTeKGFve4Wyweq3I6SUAwQ,대구광역시교육청,10
UCcU6RCjsoPqJ7HtiIpLmyyw,masterTOPIK,10
UCcU6z9BKDL0Uyy5hCMli_LQ,깨달음의광장,10
UCcdTyFwYNsQIpTicSDA7xSw,연떠,10
UCchJJBeIJg9WPHWhk3uqjyg,비상교육 온리원초등,10
UCcpHJz9r2AYCYA1CP-M1SNA,대성인테리어기술학원,10
UCcqX5LB-O-uogiSq9VIgn0w,세명대학교 Semyung University,10
UCcqqRUiq5Ogj0X8A6IykVGw,단아한 독서,10
UCcwuIk_TeJc9sU0pjjZkafw,성과사랑은하나다♥성교육보자기,10
UCcxtuvt27KKGPOk82ywIOxg,[명리학TV]세상에 나쁜 팔자는 없다.,10
UCd2BUqN2-lCe4kXjdD5PPAg,뉴피디 행복명리학,10
UCd2Qw0zgC7EUGo5uwIXJmWg,앤디쌤 /미국 유학 개인 컨설턴트,10
UCdBGv5PG8DTkagoEuN9W7-A,에어컨 설치 전문기술 교육장,10
UCdGTtaI-ERLjzZNLuBj3X6A,널널한 개발자 TV,10
UCdOVD1pKx_3J2eBdSouv-dg,정진우의 철학교실,10
UCdacdEjPCECoEMn8A4LrJqg,도경선생 명리강좌,10
UCdg_hmWKeimn-oh4yVp2AHA,안쌤영재교육연구소,10
UCdkeU2NiCGskJcLpE2LGGFg,효린파파,10
UCdop7AYwvReE6jK7M69MA2A,함께하는 세계사,10
UCdrOxa4jvdpsLFXUfon2gCQ,치매야 잘가라,10
UCdrd40HlXCgm9-Q_PMmxySQ,Jk English,10
UCdztarmSjAtcuu0fYbPhisQ,타타오 캘리아트,10
UCeGSVRl5whuMDtkZdUlMIaA,과학교사K,10
UCeL4AAB0PzyZAN7bB64_9Fw,"하루한장, 명리",10
UCeR7HwTXYackQeVVLUczS6w,방구석 중국어,10
UCeXtiE5RDNQduuGe9rfQYNQ,바이브온(VIBEON),10
UCeepAJvRZbn16Q_iVXdFTEg,정약용 인생조언,10
UCejnGOkGj9h1VEnBOs3n7gg,통합과학 장풍으로 통과,10
UCelgDm55dDAyA_H73UnEwQg,JW 제이떠블유,10
UCexUyFaq9YH7XJfCQzVR_jg,교육부,10
UCezt_gfn8nJyFltdQUvFM0g,지름길영어 - 늦었을 때는 빠른 지름길로,10
UCf2sS5ir4AQPq1dhaRBuyvw,"꿈을 찾는 사람들 강연,강의,강사,꿈찾사",10
UCfAvLNvgLhern55h_cXUntQ,콩나물쌤CongSSem,10
UCfFY2jbp7ed3Fy6nbIeXSwA,송금석아트투어,10
UCfItFV5mpz3cGadRuVZ2FNw,"지혜서재- 거인의속삭임, 지식의취향",10
UCfLpvXn82P_R8Dmpq_PDz2g,수능수석 아크미,10
UCfM759ZKCiAvHpN8y12nGow,지혜를깨우다,10
UCfcirK9LH5WxLEBKG2H29xA,"서울대 까는 남자, 서까남 TV",10
UCfqVgO6RaWrvmBhpHwrk0Uw,날마다 기막힌 새벽 스쿨,10
UCfrcZjXxVJjGSGSVHCyExlg,에듀파이어,10
UCfwmLB1zj4rLihlV_6hP2ZA,최해직책추천,10
UCg0-nO1RDEoV3W8FZiel5Uw,엠베스트,10
UCg1DGzrHZ6TnEZ6Kkj43FHQ,우동이즘 스토리텔링,10
UCg3wU-Y3Aq8-0UAqYjXMCnw,허경영강연,10
UCgI0Vb8OKAumdO9MOSh8Ilw,미도움,10
UCgI8i080Y5GsKiQOiWOEZdw,5분 영어,10
UCgIFmJOfd9IGh2Zk58ANX_w,한성은,10
UCgIqWVha90SeKlDx4BL1eWg,SIMPLE KOREAN,10
UCgLTTqW3Pw4_WemkcVgMJBw,스앤프 Simple and Powerful,10
UCgMppGtIOm5KrXqTHcWwjvA,잘듣세 - 잘 때 듣는 세계사,10
UCgNdySYvntYzFuERfy4O3tA,히마와리 일본어 ひまわり日本語,10
UCgUaqrLRGLL-dHislR1e2TA,책과삶,10
UCgW1gRKgsEGVp1wNUlpSV7Q,JJD 랭귀지 스쿨 일본어,10
UCgYm5V3-dlRNecmfUxt0A3g,찬슬교육,10
UCgZZviS3Yiq6g6MdJil7gkg,대성학원,10
UCg_LBHpviiqEBYUJFeVQjvg,다이애나의 책장 Diana's Bookshelf,10
UCgaz7WOHwJhjdcSAvN5R8ag,운배영-리스닝 아카데미-Unbaeyoung,10
UCgcQegYVEmpEnx7fOvfTEqg,터칭소울,10
UCgewE54VCkVw549rH-JoFEw,EOS교육학,10
UCggR1BSIKXtIT6nMhcvzFYA,1일1영어,10
UCgheNMc3gGHLsT-RISdCzDQ,세바시 강연 Sebasi Talk,10
UCgjgxObUi7EliUWluplpPyg,어쿠스틱노트 AcousticNote,10
UCgkHFFbeegwBIZkqBghFPZA,금성에서 온 남자_슈카이브,10
UCgkNo-Qjk6uvVMGyAciQeMg,이야기 고수,10
UCgnJ9GFnjxa90f2echNkoYA,공부의신 파인만,10
UCgoEYliLUmz_XHXN_c3X3Qg,이기상 아카이브,10
UCgpwML6hw_FJkAc7xrv4BXA,한눈에 심리학,10
UCgqj2htG_G4VmPATB3Y9tqg,정재현영어꿀단지,10
UCgt1xVd4ZSNrGcU054TPBLQ,이덕일 역사 TV,10
UCgx42Ag1v4v9BbLEgqSxxGA,IDA입시연구소,10
UCh6lnrfn5qwjUrzSouEWdzg,패스트영어회화,10
UChTTMT1EfEDr5pyq9GaF91g,윤도영통합과학시스템,10
UCh_7YYbdNp-GaXrqLQ5AuQg,노쌤,10
UChb57dS47R8KGOoiGM3-oQw,아이스크림미디어 i-Scream media,10
UChebnr50i6eFbWaYViJBVJg,수치남,10
UChkSZTFj7Gp1Z4Ar7hqcFsA,미라클사이언스 - 금성에서 온 남자 슈카이브,10
UChm4sBoJl0ULz3BsAsIEkWg,Enkh Anuu,10
UChvRXI1ZHSwDl8cJPSkyi5w,현재사는 심용환,10
UCi1hLu811KJHTiKWZmSQx8g,책한민국,10
UCiASlu1S0netzacU67fXsMA,민요TV,10
UCiBObKrMWcGpHErSlAL2fLw,보컬쌀롱VocalSalon,10
UCiNbRpsxCHAWNvqwJ5VEuGg,대치동장원장,10
UCiOlEit-GxhNmtlTeWL0FIw,이현왕 - 재밌고 쓸모있는 '사주',10
UCiP3mCFIOjSJ2hNm3a77QFw,"깊은 밤, 이야기",10
UCiS8Wx_7_1Hgi39YrFPiiIg,리나쌤의 한국어 Lina's Korean Podcast,10
UCiVxB-XMcqw6mQ9QpWPOfAw,요뚜 스튜디오 Yoddu Studio,10
UCiY81Z9QK1Cu_LKEY9WRKiw,미래엔,10
UCinNE6haGCujhMRSHkSy7hw,듣기채널,10
UCj3lvmuJ1VPpytupfNRKHow,서울대쌍둥이,10
UCjDudhyRiFOZjLpti74tV6w,이클립스,10
UCjIF_N_r5OqkgbvVmeJvnlw,인생문답 - 행복한 노년 명언,10
UCjKORFTGdukXpr-TY8io32Q,Flasso,10
UCjLys1wWLJLyCJy7n6tRuGA,케이진 KJin,10
UCjQZS3LOs7VdtAs4ynkKH0Q,LineDanceDallas3,10
UCjSY6W830-E0SXrCzKPyuFw,메타명리 | Meta Jun,10
UCjU4ZtylhL86XKtgHQWpl-Q,평강공주 리더십 연구소,10
UCjYC2TxPELIWuw0NU9m6fcA,강쌤노래TV,10
UCjkGAyhG0Q6H4_gzdfTMg-g,Joony art,10
UCjljs0dZ3Z2tkwBWOfCwjvQ,쉐도잉 일본어 [SHADOWING日本語],10
UCjmY2zd_J1ONnyyXedvedhg,미니멀영어 Minimal English,10
UCjnMDMhJgaf3mzV7g7pfXng,"다락원 중국어 회화, HSK, 여행 인강",10
UCjv5-RbW9IQpLA88MpxbNWw,이교수의 인터랙션 _ 커뮤니케이션 코치,10
UCjvSUYZ1LtFpCuegxA74yAA,국가교육위원회,10
UCjvvQN96_vaxCXtk-n5qCOg,한국어 배우기 / Learning Korean,10
UCjy7PTx-IZlsb8AyNaeB1wQ,위선자,10
UCk-A26gfdPROSDpYMZk4Xjg,인생철학,10
UCk0_b4YlVwHMUJofZTSb3ww,영어독립,10
UCkW5ByrBFTf-lVVmF_bZfKg,헤일리 쌤,10
UCkaHU9bA3BACxvQ4LyV4NDw,영어청취마스터(English Listening Master),10
UCke0s4-Iatj-PO5ZhDXW0ug,인문학 브런치,10
UCkgDFniWXiEGY4SZm0NHf2w,이지스퍼블리싱,10
UCkkIhk2m1cQnOG1Vu8iVkgg,워빵니중국어,10
UCkx7GfmRA5AvH1UmcLhN0dw,더큼학당,10
UClDCaOGD69aOZW1GPckqTjw,전기뿌수기(남민수),10
UClNkNwyQXm4rhnGDf2e0yOw,쉽게 배우는 데이터와 AI | 찹쓰 | 통계 딥러닝,10
UClPWDge6kFVESzlzcuXKJfw,친절한 대학,10
UClQxoNN4nfaECCgdypcICeg,소리내어읽다,10
UClWWrurSeL7sYjMehPW_2Ng,취업사이다,10
UClkZfse00Rl226AJ7V5Hl4w,고독한 낭독회,10
UClqxHMQZneFQ_vXGrmW1cMA,최종현학술원,10
UClzr_hd4-6GEJvu2sISjNIA,교양수학 김희진,10
UCm-wmcPhfjI0jVoDTS1sCiQ,Komuko 코무코,10
UCm3tzuevoAq9vvjsbgcr0pQ,Gwen Tv | 그웬 토익스피킹,10
UCm5108VByLkHnu4-b-moBLQ,조맹 Chommang_Drawing,10
UCm6DJzDbULepAlByJP5Pyvg,악어오름🐊,10
UCm8b4lN71y1oaay__fcz39g,강점면접 죠스플라잇,10
UCmAjT4O_3HPqOCfukgAUacQ,대학띵 Univ-thing,10
UCmCCcAzgvzTxLZ7Z4J9OhBg,역이 YEOK-I,10
UCmC_DPfSybUXqrkSaL1R4Gw,초등교사안쌤TV,10
UCmFAEsh-YZlrOM7kKNnQXLg,호두과자 인생공부,10
UCmKVnKCKWy4d1EpOVml2doA,일본어인강 유하다요,10
UCmPmbhAf5EnSNY-kk-iNCUw,농사 대신 알려주는 남자들,10
UCmYlT4RsSUIj4qR9dRBaYjw,홍성사,10
UCmZiHU5N0BT3K8oiDGT9tLg,윌라,10
UCma2_rrf2FeD82J3OadClvA,drawholic,10
UCma37fJBlF718VRgGlx4yGA,theMEGASTUDY,10
UCmc_nZkO5o1ez5PpS3K8xSw,색종이 연구소 origami,10
UCmd9PAac7gVE5WnzsK1Itgg,지구 박물관,10
UCmjwMlVeo5DoH8xCmMQlVgA,해커스톡 기초영어회화 공식 유튜브,10
UCmkpesc582q0FCTRjMlVRxQ,책식주의,10
UCmoo1ULkJwg5uTIFpwuZRCA,시대인재 SDIJ,10
UCmqLfViN12R2dJ0dAN2zlKg,리히트 책방,10
UCmu3ZGgx991E6-EMxnJwM_w,헤이젤TV,10
UCmwspFbQlWYlUrHHMyWXAhw,폼나는 영어,10
UCn0MK9vcIxinP4033UEHiUw,스튜디오 샤,10
UCn4DXBkbzB39gsCjDTq7Tuw,차설사주학(瑳設 고울차 베풀설),10
UCnCdjk03MDrQXKiXeA_vUQg,민팍의 마음너머,10
UCnHe9JhgzEMcS4wPRWTXLKQ,하루일본어 はる日本語,10
UCnICRc4OFQTQ21myO3zQgUw,라멘 먹고 카시라  KASIRA,10
UCnLk4dUC2z9mXJfYEVVvdjg,켈리정토익,10
UCnLyZZgF9BQtayaWnPmNKWQ,시계토끼제니쌤,10
UCnM1q7wj-6UiewPkajot4nw,민영쌤,10
UCnTsruhYqHQow40-ckOt7HA,기독정병학교 TV,10
UCnVJGlCcNZtmgTW9Ilg5LYQ,듣고배우는영어,10
UCnYDZAxjscouf1F14QcylcQ,대산전기학원,10
UCn_YQoNPsO4t8Sp4hoBXg-Q,조병호 통박사 Byoungho Zoh Dr. of Tong,10
UCnbw8nxw72tLruV278hw0Ig,파깨비(pakebi)TV,10
UCneTTVH0MHYciUE5c_QHAeQ,일본어클리닉,10
UCnou22ty6uNsrJi_biBEAeQ,네오스북,10
UCnq4RVUj9POVyQXYLKfucUw,입시읽어주는엄마,10
UCnrqYvgeVsM5uB7-pJy74yw,뇌를 속여라,10
UCntgJwLyQKdxcv7IvMwsHcQ,컴해되,10
UCo05_0PnLINYwQQmBUOpIBw,노마드마크,10
UCo293IQQ3vJCjxRlmRpd7lg,골라듄공부,10
UCoCvTlU0KpNYwnMIgs7MPrA,보다 BODA,10
UCoD7qwjTpUE4hKffMICPeZg,미술과놀자 ART & CRAFTS,10
UCoImezW58RliqQpWwcmD31A,모모의 일본어 노트,10
UCoJmDjJ-BosTRFdAEBAUWsg,청혜선원 Who am I,10
UCoLUBbrSBYA3nPtNIcJDd_Q,지구과학 강의하는 박선,10
UCoLdK5mzM9UNW2MjzwmfbSw,북마녀,10
UCoOeuP0ybjLYeua6qyWzoJQ,The NEWTON EDU 더 뉴튼 에듀,10
UCoTt7DAE0908lx2-riTGs-w,충남교육청,10
UCoUAR3YWzVH0L0_HI4AkYuQ,은혜로운 과학생활,10
UCofql6hTv5owvjkpotkAAbA,아나운서 엄마의 육아연구소,10
UCoiBJkU9nUCszKChyDBw-wg,이병훈소장TV,10
UCokSmriiLfoQDw0XPvMz04Q,강남인강,10
UCokUZClKh1ZK0TjJgxVK5-g,주아쌤_소리튠영어,10
UCollr1m-KJhCkLT6mKxCVcQ,자생법:자본주의에서생존하는방법,10
UCp4cS5YwvqJWdyJLvmneO4A,기막힌쌤의 진짜 교직실무,10
UCp58Kk2yDVJBLlhRWzJEswA,공덕장,10
UCp6qu3qoecMKbJWwDX2ZX3g,June Lee,10
UCp6r5-YfW3i5_mF1Y2dJIVw,수학GOAT🐐,10
UCpB_1NoC_XRjqxdixYiJdXw,영어쉐도잉 덕수쌤,10
UCpFvcggFQtqOOsKx9Nm6HFQ,붓다의 메아리TV,10
UCpN7WfW-BIc7DFDnd0cd6Pw,성장수학,10
UCpOI6s9fGQXrSPA9KHiyk5A,전병칠,10
UCpUdIlHnD8sG5vq8sUfPdrQ,누배쉬통,10
UCpZagNrMyGPmxmIdXZaplIw,Spanish drill with Bianca,10
UCpZchu3spsC0j2fPQudJc8Q,마인드 토피넛,10
UCpd87eI8uY-Ct4MUGoBeR-Q,아우성TV,10
UCphqFqkHZKOutrUwp_jWT7A,오마미,10
UCpmAiWIGtd6dgOzKHnuHS4Q,아트앤스터디,10
UCpnsi-6x40qnshCy5hnFC5Q,Sound Sound 다니엘,10
UCpsC4x934EylqtTFduCacAw,경제훈수 - 쉬운 경제 지식,10
UCpup3qyI-CfjRzgu7BLeGHA,Soojin's Joyful Life In Korea,10
UCpwgKgx20IJz1NU4IzubtaA,길 인간학연구소,10
UCq09qx5vyulUQT7FHSAXOpg,한국어 한 조각 A Piece Of Korean,10
UCq0pVPNYdDWQk1iTS4jTk2w,브릿센트 x 영국영어,10
UCq47_48Ayd1ezVP9in7BMaA,양쌤튜브,10
UCq4jckvIGYbC9fD73KPp6tw,서울시교육청TV,10
UCq7-gOh15ChDcFJ9xN9SYmg,리베하얀,10
UCq8VejJyWWPcr2Th8Zu3wMg,백상현_정신분석 & 인문학,10
UCqCXqnFaVlHq1HcSpYl-5ng,"쉬운 영어, 파킬리스영어",10
UCqOBgoAdok8z07gcRVdzuKw,월말 김어준 〔audio magazine〕,10
UCqOO8FqoVW6Y87jLnqhdflA,인천대학교 Incheon National University,10
UCqQR8b-MTXuMgrV7scZfq_w,어션영어BasicEnglish,10
UCqRM5iDcFWlm8uvE91UYfQQ,제갈건,10
UCqXR_dpEBfoNAMEx5nQUHsg,프란치스코 영어방,10
UCqggs7O0UagaBlQVjdzQwiw,개쉬운영어,10
UCqitDr3BFDRcIdQyPHf7P3w,성장하는 시니어,10
UCqkIGJKoltTrGp-Y1DOqr5w,영어영어tv,10
UCqlt161BWlWtLz8ImwKy1hg,수능 수학은 이동준,10
UCr-ksBu_cRCZa1QM_1iyZgw,존쌤의 언어습득법,10
UCr1-pCk_4U9-_vgMT69rmZA,"[한능검] 공시 ""한국사 1타"" 문동균",10
UCr3pzj_Pza3R0L-jU0jlA0Q,크리스쌤,10
UCr5v8vcrJm3DY62aBu5lalQ,써니즈 오디오,10
UCrGHOqYV5eI3CedB3jOFNjg,MegaGen Implant,10
UCrJxlqvY9pQGnGjUDiBFCeQ,분당강쌤,10
UCr_COmKByxqExcz6h3cL5kg,캔잉글리쉬,10
UCrkyjgWJyXlSgpZZ8c9cAiA,구급독학九級獨學,10
UCrm8s8_MqQ8b91rQVYduV2w,언어과학연구소,10
UCrsyzoeyfc49aHJ3oNgFU8g,Korean with me 99,10
UCrtLGKxDsc9_Z2m6A195qtA,강지완오픽TV•미드영어,10
UCryx0Z1VkNLagNrRLxe5m0g,3초영어,10
UCrzozbSN31T21L2eJbOIn7A,토익의 모든것,10
UCs4t9SmWsBCJBV6bcrkl3oA,"나의 실현, 아룸답게",10
UCs6F8zBQj58u6qjkWPq2SQw,백강현,10
UCsLgKKiv8kDDGy1stC8BxVA,공부의신 강성태,10
UCsPTKncTjDuse7gVizNb4XQ,세정TV 마음공부,10
UCsTdGIy5I7vpt-8TsIQkKVQ,진짜녀석들 오픽,10
UCsUQJ-cKxOm2_XeDYmdB3dw,케다맘tv,10
UCsWyruoEM_h0A_y2lpPYqTw,지안라이트,10
UCsYUbtnf5B0ihwT_jEJYZlA,윤바른글씨,10
UCsd3sako-x7RidLUTRxOAHA,지식카트,10
UCsevf_2siyCwYA52ALFAyXA,선생 김봉철,10
UCsip2tsBHJbrjMkG-oRHUqQ,종이접는 도토리,10
UCskeuVKSCW9WQ9LDQTjv3ag,화석선배 족보zip.,10
UCspO48FIkm2ynIK9ho-GdAQ,"지원쌤은 AI,영어 전문",10
UCsr_ycWprzNRllNDus-XpOA,국립어린이과학관,10
UCswZ-im6-XORrZatRoUvPYA,김교수의 세 가지,10
UCt3_VuMWXdBRzuMlBCk8q9A,별의별 교육연구소,10
UCtAIF542H-3rw4rWl4UVjlg,소무승,10
UCtARAyBE78VufwXcu8vrfig,그집아이,10
UCtGhlqitKentFjOMkWnmHFQ,[디즈니월드잉글리쉬] 공식채널,9
UCtI4MDUExmlidGR1zh3tlqQ,IELTS English Academy l edm IELTS,10
UCtLDhcNA8Qr7VUkC0szSmQQ,Billio,10
UCtLdMob0xzPFiViZWCFt_6Q,미쉘TV,10
UCtNj8oFnGrULrNExjpA-Oqw,운명을 읽는 지혜,7
UCtOvL5Qdhj-0GNZGwOJvfBg,검은 비둘기🕊 [지식],10
UCtSVRAlOfeCHZ932bIwIAsQ,인생멘토 임작가,10
UCtVg4Qkf2bxbx-rWeB1Xd0Q,ChaChaPiano차차와피아노놀이,10
UCtXKwftg3B0DqFU6nf4ZgcA,미소남,10
UCtdFj2BnAul5lWycpCHMBaw,쑥쑥 영어(에리카),10
UCteSWCaq9SebMu7GAJgTEJA,홍대유니온 미술학원,10
UCtlBbkzvHIgIqCttAJRsXCw,오키영어,10
UCtoIqaAuvP6rWCvFOdxKVpA,Chloe Art,10
UCtyDaj-Cime9qDkQ2zdqrjw,Coloso - 콜로소,10
UCtzeEmxPeLXPDqj7SKaenTg,지식소매상,10
UCuCXgRIIZAS8OsS3npYpyqw,교집합 스튜디오,10
UCuF6H7WNhN1WXKYucQB2Lzw,AriJjuBbang's Korean Learning,10
UCuNQriIxX4RNwuhBxCWVT4g,교육티타임,10
UCuVcAdA6VFrLj_DUsmgAoMg,김성민 중국어,10
UCuXNp0fof2yAmyfEnZvuuvg,윤옥희의 굿퀘스천,10
UCuYWy4P9224woATDEibCZiQ,생각하는기계안전,10
UCueLU1pCvFlM8Y8sth7a6RQ,‍김성범[ 교수 / 산업경영공학부 ],10
UCufMvGtKg2hoTs0h1Ti5cxg,인공지능수학 깨봉,10
UCugrf8b6bXECSFuAH_Gy6Wg,코디정의 지식채널,10
UCulMZ7UvkXA3pJrmvXg-BHA,나비계곡의 웹소설 이야기,10
UCumUP1MXkHUmCXNq1HQkHpA,"다락원 일본어 회화, JLPT 인강",10
UCup-I9-MXNR0n6oM_qw3FWA,차곡차곡TV,10
UCurKdABs96jMVepo_WxGAtQ,그레잇영어 Great English,10
UCuuA38hvvuipqXFIP3BfLEA,EBS 지식,10
UCuuGut9GFP0UJ5EJJCv_V6A,만들기여왕 Craft Queen,10
UCv3aqvZYZM6FUMLqhMO9l6Q,영어 키위새,10
UCv3nMVluPlJp0hJ4g4HTXNg,의대생TV / Med student TV,10
UCv3oe-l4vSt9gEihExPowmw,[4MON] TOPIK,10
UCv3sEjEN4iupE2xQM7E1VBA,AI Coda,10
UCvAL_K2P6FuftfV_fgnP4-Q,세잎쓰 saeips,10
UCvCon7giKfHWLavW4nMm4kg,새삐SAPPI,10
UCvFqejfxHH-p5_qDzCrUbpA,아트인문학,10
UCvLBLb1EobX94kP4ohDWjKg,CGN 성경통독,10
UCvM5JKYxej9DF4Knsx7u8jQ,이상욱의 진료실 밖 처방전,10
UCvVtQQYWcq2gQg2VUvSO4Ig,파널톡,10
UCvaoWPMzC3lUwjZ3hztuwpg,바로 써먹는 중국어 | 써먹중,10
UCvc0fPP-gmnlPj34hPH-JaA,elufatv,10
UCvgRYCzfZk0MtfV26AKRzZA,통합과학 박선,10
UCvkLnjWQIntS0pnreTEfP_g,지니스쿨 역사 GeniSchool History,10
UCvlclrQdVd1FLGR1RI21H3w,Abel's 歷史研究室 History Lab,8
UCvppJlTNsl8rticq10HWbeQ,지후영어 (언어학 커뮤니케이터),10
UCvsJc7Xq0m_TdSs-YGfPg1Q,역사돋보기 이영,10
UCvtq8Yrmr6HqyYbETei4KIQ,김재하 수학,10
UCvzU9eII5TqdjwrLI6b9YbQ,All Things Korean Podcast,10
UCw0Qbd7oWBYNJJFX-QFd0Ug,진약사의 기도학교,10
UCw2qDMChcPLr6XQzzsOn96A,세가영,10
UCw42_lHrXMGSuwCkEIc0KFA,인생을 바꾸는 3분 심리,9
UCw4izi2fsJzFltt3EbmokWA,오픽노잼 opicnojam,10
UCw4tBr1FlL1nK8RydcoA86A,생윤은 김준호,10
UCwBfDJmnPe-dP5dsHNTm17g,슬기로운초등생활,10
UCwXRhIYfVLOa2eU_Ux4TrMA,수학하는 땅우,10
UCwZlAOvYyswqKD7A9aucOEQ,SNU Medicine 서울대학교 의과대학,10
UCwgUzX2ey4FaxJU-pVw3ZtA,한국어로 말해요_Speaking Korean,10
UCwgew-iQxiOL1_XeYG0Tn0A,개상TV,10
UCwgjQw19FzDp0b5BanAXp7g,유니스터디,10
UCwk1mPtTL0VpxHh1uXrYOLw,쓰이는 중국어만 알고싶다,10
UCwo_z6xXij0mo8EQvzvMKrw,지혜로운 백세,10
UCwsyJBNS-PblVYQLy3EJ2QQ,지은jieun,10
UCwzJw3PLEcSAPrO4g86iswg,김창옥TV,10
UCx5y0IiXTgY8CNlTo5SrxAg,박종현,10
UCxFohOTbYm0KpjF9krPp9zA,CBS성서학당,10
UCxGvIRwvQdBDRYKtRULB76A,진학티비,10
UCxJSA4HaszUawEVlGZIrwxQ,뜨억맨의 지식탐구소,10
UCxlk8Lv0UTEnW6MFbUdcRNA,영때잡TV-영어때려잡기TV,10
UCxmL-z2JL25SKWc_3igdD3Q,비밀중년의,10
UCy1x3GhPFHtno57QTFmZPhQ,교육대기자TV,10
UCy2bnCzsoOtX0MUqAED3Peg,대학미래연구소,10
UCy6BvP6iME_IwCbLrc512Ow,이서윤의 초등생활처방전,10
UCy9SHpHGDW261-qbbwzcy4Q,몽구로운 지식,10
UCyVOmtLSTTM-1KBAwRSeRQg,경남교육(경상남도교육청),10
UCyaovz9iGsbxRlCmS-dk9JQ,지혜브런치: 이야기 속으로,10
UCyiYl1elarHkNwzY_f8NJzA,골고루영어 - 그래머인유즈 10회독🔥,10
UCyn6m4SVKcRIKAqyhNYYDog,Learn Korean with Hoya,10
UCyor63cnjHmyTDIAavdmwxQ,하이빅쌤,10
UCyqZcS9E1tMFdBf8c8VrDeA,샤론코치TV Sharon CoachTV,10
UCysIDRNf_h8SQ_mxX5SAF5Q,turnoffyourtvvol5,10
UCz91gsVzc31VsJLunLF5LVg,경채 인문학사주(마음성장),10
UCzA62wwyiLnVnqFP4VEUOZg,수코딩,10
UCzBuFqffjRBIwYWyeY4abAQ,애로우잉글리시 Arrow English,10
UCzKwp16qZYWoVSTFZNyVahQ,개념쌓기,10
UCzTnh_qLBRZyE22wje9zCxw,생각루트 Root Thinkers,10
UCzWhNn2cvx5waerz7TbJgAA,김원장's [골라줄게 영어책],10
UCz_3g63yWTYjg6_Ko5QRK1g,미래인재경찰학원,10
UCz_50vr-UrfK0OVxPYxpODQ,e-future ELT,10
UCzcq6qEm7wJx0mHOoc6fZQQ,댓츠원 That's One,10
UCzn0zCafgFghTTcoX3yM3HA,"가온 집수리교육 , 집수리 창업컨설팅",10
UCzqdqmEY1oATB1dV7Pzrguw,옛전래튜브,10
UCzs1eY6Rf1nh7Bagp0vDewA,Hanacy,10
UCzsFjsEwelIddSk36g3pMRg,속는셈치고 심리수업,10
UCzvusnbYUqd6jllExLExk5Q,사이버한국외국어대학교,10
UCzyCJO0o4SIusHoqwT7t1ug,공부머리수학법,10
