channel_id,channel_name,n_videos,cluster_id
UC-4V6KB881maMQHPJVI7LXA,성령 안의 삶(성령쇄신) - 한프란치스카,10,0
UC-6e7Y6p8L--Ib4iwjnCVqA,불심과 동행하기,10,0
UC-JbwIkZI1f3Bings3VO3Sg,온누리교회,10,0
UC-O6JMrvn4R8CEYSmWW2Jow,제로현tv(시사코믹음방),10,0
UC-Y-bh9ZLN_cw_Lm4Ynnlrw,오천만 사연,10,1
UC-e1jt_Mu-9V7Eft-NEocrg,KBS스모킹건,10,0
UC-gtcwqgWLg-JEsmoFhCDng,포도원교회 방송국,10,0
UC-hc6yLEjk5C5gMTJKFGlPw,정치 읽어주는 여자,10,1
UC-l4DfKxXhNN9S8H2XooD4A,남양주TV최미자,10,0
UC-mMd02AqEpLfyy948R5lyg,감동띵동,10,1
UC-rNOfC5KB7iOsPft9CqjYQ,지박스TV,10,1
UC-sDvUroCCpUZhzk4I_3UIw,한국사 다시읽기,10,0
UC0Fyj1tRNBDoS5oIcDyOYBg,오메가교회 OMEGA CHURCH,10,1
UC0WBE73Wz_N3Wf7kDvkzLQw,너머의음성,10,1
UC0X2HqxrdilJGWLpo2Z-nAw,김큰형TV,10,1
UC0XMOPdhoMnb7ZwC7E2Kd3g,다이치 사장 ダイチ社長,10,1
UC0XZUIhY5aFO6Y8k23rlU9g,청춘은안단테,10,0
UC0lmC05T27RlzH5k_wO8geA,진리의 재발견  (행복신앙연구소 제임스강),10,0
UC0sKd8rAwhUqOwnxBf_FOLg,종리스찬TV,10,1
UC0xDiZa7Jbty1XqYL2SdvIA,강태웅,10,1
UC0xm3nsJXdMEA6ILZRHCXvQ,김민석TV,10,1
UC11H1nky3p31Bycf4TRFluw,주안에길 정진호목사(토오후6시),10,1
UC11sKzfembsp-_KqzCZ-lWg,대한사랑,10,0
UC145Ucfqm8bpqNNWUg9IG7g,대한예수교장로회총회 교육자원부,9,0
UC1OWCNdirYduYAXPfYLZGGw,청록암 엑소시스트 김홍기,10,0
UC1ZW8rbX5Ezched-FMoFckw,exworktv,1,0
UC1kQ1lTmjgiitlGatoga5ZQ,신토불이 신피디,10,1
UC1r69UTl24hAQXGOapfFYyQ,"사랑해요 하나님(하나님,성경말씀,설교)",10,0
UC1zRfFtqRWDZokdBl1jG0pw,CALLING GOD 콜링갓,10,1
UC21hzjXICz_dgXgLXJ1uEKw,정법전TV,10,1
UC27RSfE21eJq27lQ7p84TaQ,포도원교회(포도원TV),10,0
UC27X_qQYvU6vhOUcFj55NdA,隣国のおじさん,10,1
UC2CherVPJ74mghiQRwuEUnw,불광튜브,10,0
UC2Iko5L69mFarhDJX3htJPg,SPNS TV,10,1
UC2Lx2_u4JixQ2WFnWQfIbEQ,고민정 TV,10,1
UC2uMoQwII29QfgYnzTp3UWg,편안한 말씀식당,10,0
UC2uZSz_DY57Vu10Ca5giYHg,주백의 영역전개,10,0
UC3C4u8VnnrggbeSBzmxe0sw,민초야담,10,0
UC3E-gJGVeJkevN2ujtrLHkA,크립토 뉴스플랜 - Plan A,2,0
UC3MeAsOcP9VD0mhdaCIvJsA,Phantom Hearts(팬텀하츠),10,0
UC3NuLJUu3TEi574grrrLVdA,뉴스클레임,10,1
UC3PdND6r4mRtoAgp59jfbDg,대한민국 병무청 (청춘예찬),10,1
UC3RmDQ9A6cEh2CHI7u2GU2Q,크라임토크,10,1
UC3d7-hub1ZcrmQbpvzry-_w,회개와천국복음[정보배],10,1
UC3eKnVavq7CYAh9e0AleYlw,Eighth Army,10,1
UC4AGnZFRiHL_H1xeGv4ivlw,입국열차,10,1
UC4BmGN5BAbDkUOg7FEqNuJQ,싱싱파파551,10,1
UC4BoL2Mj-2hdMcIE0qnDhNA,서울환경연합,10,0
UC4DAnnB2ZAbZFjjgNd2SzgA,고논,10,1
UC4JtxeE9Tbe3MpUU24E8GHA,UNICEF KOREA,10,1
UC4KdOy46f0HCJBqTiq7MLPg,정의당 TV,10,0
UC4Kvr3lHWx-mLff7MsjMdfg,이선옥TV,10,1
UC4Rqn0d4HPD4iVA6juJbR1Q,Saving Grace,10,1
UC4UDZpvJ1ZwRoT-YpaBx2jA,신길교회Seoul Shingil Waymakers Church,10,0
UC4dpGYZ0CcSIC7JWNRaPBaw,OMMACHARITY,10,1
UC4gZe179OdKo6yNDCAfK-7g,춘자야담,8,0
UC4gtDyy2MaqwfZdSrSLwgyw,코리아감동TV,10,1
UC4igRfOVnLfb8cFKR0quJUQ,광주가톨릭평화방송,10,1
UC4kBy1VeN3y3h3RlDUu4-0w,옥토끼한수애,10,1
UC4prQjZlZRKXllTaK88AeRA,머니인사이드 쇼츠,10,1
UC4rFSUIL1_oEkaT5FeBQbqg,이만갑,10,1
UC4xKqYrfSPwBQLSomlmjErQ,엄인호TV,10,1
UC4xW_nXSfjdMl2U8XBm3-yw,벼락대감,10,0
UC4y2Jx26qCb7CrSt_i5bf1A,열린공감TV,10,1
UC4yOeRzCWCiqglwyIFmA8Gw,자항TV [자유로의 항해],10,1
UC4zn1ypqQL0TH0xbsH9ycKQ,임오경tv,10,1
UC4zuXRJF5Vq2y6cEq-4PBGQ,개국본TV,10,1
UC51Im4em7RQXezT9BQ_J0XA,감동편지함,10,1
UC552RTqzDHZMjaeE41kGVNg,REAL Bible 1611,10,1
UC58DV9gnwdNemztB8C5aqUg,산신무당TV,10,0
UC58ySWAGaH5AxRQCk3XGLzA,새미래민주당,10,1
UC5Ecd7719wyFQMiopTToWIw,한국문화예술교육진흥원,10,1
UC5JFLdlLe5_XMkVQuT6t7NQ,수원중앙침례교회,10,0
UC5PzG8kd8lyo7BbHFLxAbig,Joyful Church,10,1
UC5TUntj-j6u6XjXUh7UgAqg,사법정의TV,10,1
UC5VE_KuAtTSLRZaW22nHI4w,세이브더칠드런,10,1
UC5dDbYhImjKCun_-KCqoGyQ,복원왕 Restoration King,10,0
UC5iyNm4QQDoeFbAW2sd92jQ,아가페TV,10,0
UC5k9Z_nBwQvXHeqdRlYI03w,대한신궁☆별궁선녀,10,0
UC5kpAktK58a_NWZJqNK28mA,정승기 작가의 [아는척],10,1
UC5rJi-E3aMkb46vVHJArvYg,한빛감리교회,10,0
UC5u-oXBxEYFvEnSkudH5ALQ,역사의 흔적,10,0
UC6-_qtQxwpyoNQYdmQ_-tnA,초심 백은종(서울의소리),10,1
UC6429ygpCvxyXVN_EEiRh-g,동명암 별상장군 태산,10,0
UC67VGYk8R2-_hjTc8-ORaew,Jesus Centered Church 예수중심교회,10,1
UC6BzO1MokTXD_7vcTLSBSyQ,쉬기날기,10,0
UC6ELAautipgIhZkMKaQrFxg,사선하이킥tv,10,1
UC6SZ7KSlPrecXoEPflZGEnA,가을인생,6,1
UC6Swqra8BqePCs1ymFCdDMQ,송영길TV,10,1
UC6e43Z5P_ThOnz7XaSe5zpw,jungbub2013,10,0
UC6p9UlZbp-Z8hiSiBODWe4Q,깨달음의노후,10,0
UC6pbecjgGeIVfUp-o1wxA0g,문종형의 온마이크,10,1
UC6vq0sz62drPgUNRlriNBRQ,바람의사연,10,1
UC6wiUwl7dPhZOAM92lGgKPg,KBS HUMAN : 뭉클티비,10,1
UC78QPsn2UBdELyQwaF2hq8g,나연심리상담소-나르시시스트전문상담,10,1
UC78duXU2wQzD9ktmnYNc4Pg,신인규의 시대정신,10,1
UC7EmCHrdRg1wwuzS5VnAE3Q,상당교회SDTV,10,0
UC7O-tKLkDwUI_7i-B0bJqiA,진짜살길,10,0
UC7OPpm1HecRakm7r5Nyqagg,극한직업,10,0
UC7Y8Kv3Z58I0HTeN4rU6BSA,Dark Case Mongolia 🐞,10,0
UC7ZwqdkwJi2QPu6A3vJmvwA,인생의 황혼 이야기,10,0
UC7_qYAPvc1jKbTKWJ4k0iJg,하리운TV,10,1
UC7hVEBYDz2bn54TyjKv7aSw,Fat Little Asian Man,10,0
UC7kYzfu7mHLQ7nG6AMnTc9g,The Korea Herald,10,1
UC7rgFIt3tcJrcXEvhddMsuA,승리의힘TV,10,1
UC7yJldGjDNDp2D5OhOgkuVw,해인스님의 마음법당,10,0
UC89WFckRAl_KhUHLDhZ25bA,인생뭐있슈,10,1
UC8A69oUkm84-8oqce096X5Q,고향 교회를 찾아서 go Home Church,10,0
UC8H51i8BKBYbtociWveeljg,황혼불장난,10,1
UC8J8ZN2Wl6jPsdgCvRmXi4g,21일간 열방과 함께하는 다니엘기도회,10,1
UC8PtMK-mkqIan3t9Se9pjyQ,정민철의 진짜예요?,10,1
UC8RK_zork4w2mBR5AcuklrQ,함께 가자TV,10,0
UC8TW2XUCCJ5CAOvsoVRSwcQ,유목민이야기,10,0
UC8bu8ujjC3YH8W66d6l-LDQ,찬란한인생사연,10,1
UC8nJZbz4z0nhgC-d5vn5dKQ,올빼미TV,10,0
UC8w6JV0B60_alM-u2lvL4qA,개장호 팟캐스트,10,1
UC8xUEMOIFJjFt4KvkRj-Mnw,한사랑교회,10,0
UC9Ac9DjBEmNqjAYxf8V1HPA,C채널방송 : 설교,10,1
UC9An5mbRfyPep6LRKKvK-bA,AmazingGrace큰은혜교회,10,1
UC9NJrDozNXmMOkCDu8gopCQ,박보명의임재TV,10,1
UC9SqDZBWgTWmmJ5M8JXyj5Q,J안나방송,10,0
UC9VKvuGihgywp6eCRDo7dIA,KAHEVA Universe,10,0
UC9a0BE4Txo1u_nKDa1nmXMA,정치오락실,10,1
UC9bH8YvZhlKfdcKkE8TFDLg,기독교포털뉴스,10,1
UC9bhKM0xsPjUKlAV1Cxa4zQ,주오심교회,10,1
UC9fo9LngIBqKAI1RSM9ySzg,한동훈 도토리 연합,10,1
UC9llC1TNTSmVgAEKYN7uqOw,위대한 지혜,10,0
UC9pqnztZBUTADtN3_7t5h7g,신이말해줌,10,1
UCA8J9i6YrSHVTTGyqqOzsuQ,좋은만남교회 in 대전 [박아론 목사],10,0
UCAF67mzMqpKdnbtzCCY4cag,한소망 류영모목사 유빛,10,1
UCAIKDpvvn7MdwS4hP99763g,소종섭의 상식학교,10,1
UCANYmmtBqXOXlPT4FPj6aqg,운빨사주,10,1
UCAOWqcG6ioaMj5XeAgMqQ5g,가든국제결혼(인생은10차선),10,1
UCATRd_fhlgYRFHJtzba5DHg,도공스님의 목탁소리,10,0
UCATbX8CtKXObzMK2KtfsROw,할세상 할터뷰,10,1
UCAVVxLmPDFkSTROPue8ZrRA,장윤선의 취재편의점,10,1
UCAmko1lU7UpU8mv_xezC7zg,나두잼,10,1
UCAoSVcAzo82fAZhYD8Mevvw,민주보좌관,10,1
UCArsbER8z4kkdttiBGI83RA,"두란노 공식 채널, 두란노북스",10,1
UCAuVZQmTHmog-Eo_Mpf9pJw,역사의 재원쌤,10,1
UCAukknCxSsm6VGJIH1JESuQ,이웃집풍경,10,1
UCB1cbaiGZBw9ntzD4rFgqiw,프리티윤 pretty yoon,10,1
UCB3-HRmisQQBtNUiBWxotog,주이집트한국문화원 المركز الثقافي الكوري بمصر,10,0
UCB4-evtMkqBY7KcbjBlHwZw,제이비TV,10,0
UCB7S5UUeiVFCjEnmymrPfhA,신짜오 형제들 - Xin chao Brother,10,1
UCBE4ONS-Fpbv_K1BDqmY0Rg,그안에진리교회,10,0
UCBN3MgSMKvaatzb_qkG09rg,시민참여방송,10,0
UCBQR7qEOWScPPnSGo-y1vGg,UNESCO ICHCAP 유네스코아태무형유산센터,10,0
UCBeJxvfmdg6qY5CDdJwSXRQ,미제사건재발굴,10,1
UCBgOFlErJ_FthCvoCfxtNUg,첫열매들,10,1
UCBh3Qv-rKu6ZDxEcrio70Hw,분당우리교회,10,1
UCBqqROw4mQiNkYsGfVm0Vjw,테네트,10,0
UCBudsXahvCbbGNOQ6JZ-dDA,TV하늘문,10,1
UCBytBQbm4CcEwHNBRoZmvCg,법륜스님의 하루,10,0
UCC3yr_asVhvxnDgiSQ9WP5w,현실 참여 캐릭터 까뿌까,10,1
UCC4R2T8oBcqSO0qyu91Rgzg,고대감,10,1
UCC5rO_gtKq6RjawahnDhhTA,에필로그 찬양 선교단,10,1
UCCATFGVyXoa361VN6lELz3w,오륜교회 oryunchurch,10,1
UCCDR82XXlqgHREhdVU7-yOA,KTN한국방송,10,1
UCCE1WU88OYCSdIjtw_8si-g,"최영은 변호사의 ""이혼은 처음이라""",10,1
UCCEbX3VmxVLeuGkM-XNTvNw,TV나라사랑,10,0
UCCQaZUqCkl3UPlpfjR9UGUA,동북아사람들,10,1
UCCTPkC9-7MKSSM1GxnAPGkw,안산제일교회,10,1
UCCcouVtd0bGzsn9mM1EeBNw,감동쓰나미,10,0
UCChCGzA-yKpyDH7vSvBJoIA,쉬는시간,10,1
UCCjtWjrTVwxUHK3G27c-_aQ,양이원영 TV,10,1
UCClJnXy1t1jmGIwgZkBvDGg,뉴스피릿 탐사추적,10,1
UCCqaPJqI5q1kfO51qWWOjrQ,세종문화회관 Sejong Center,10,1
UCCsz8A7Ur8gH3CkHwY_LQZA,정변TV : (법무법인DH),10,1
UCCyekoQIkOuw7oPPgvROa-Q,전농TV,10,0
UCD1zPFHgvyvQgSfjXeqfv0A,그레이스153,10,0
UCD2vJi6-7c4ZimTetyjVnRQ,행복한교회,10,1
UCD3-jqyj4plWD3yz2GKmfUg,한국 주먹 100년 이야기,10,1
UCD69Je34Q6-tD_gVAQG5D-A,산골짜기말씀TV,10,0
UCD9Z1C0R0Kb7kOYAm8Gc_LA,인생 별 사연,10,1
UCD9qMCDBgYfGXLc1uLFII9g,정권쨩의 라이트빤치 국가브리핑,10,0
UCDE0dbY2d9f3q1zFcm218fQ,감빵인도자,10,1
UCDL5vp0_vkUG2mGlNXOpPug,마음 정거장,10,1
UCDUd3ORfaOduIHEllHASw4g,아메리카 X파일,10,0
UCDat02pvrCcXdOo9801lAow,[판사의 마음] 판사출신 문유진 변호사,10,1
UCDkt35etnlx6tExSv8xt6bw,국가유공자를 사랑하는 모임,10,1
UCDlUvO1z2W96dhPTR51P27g,김영기 법사[서하],10,0
UCDwBgvIfLRQc3yqGRWaNgDQ,7000 미라클,10,1
UCDwDZlwDblLU7v7Jq_px89w,예수동행(위지엠),10,1
UCE2B1Hdi1nhnOajEuT7AaLw,엑소시스트 이혜진 만신,10,0
UCENRJe4ffvvAWxaal19gpQg,SpiritualTV / 시대영성TV / 정치 / 정보,10,0
UCENfQ7-rV2PYbBd129CE1Gw,전도군tv,10,1
UCEPAuwSpb6AdZ1UtBFwGLDA,알보몬tv,10,0
UCEk3VwaA6e4H9TW1vSXOjDA,동행복권,10,0
UCEkvJ4es19IG7NpbMQUygFg,AMD미디어,10,1
UCEmGi8sOKMsBvsvXtD-Mlcw,WAVE PROJECT TEAM,10,1
UCExG7Dp0Fe0bIr_1d17oEwg,국방연대기,10,0
UCF562uDvgi9B5cXpp5QBVjg,만나워십,10,1
UCF5tmaIKfz-5weHew7BH5zg,消えた時間,10,1
UCF7ILqY81fobysdTIvth8_Q,김지원의 지식 수색반,10,1
UCF8IMoyVeAPlcRU3V3B3jeA,제칠일안식일예수재림교회,10,0
UCFQ9qlqWHqwASTBT2XmSZLQ,Pastor Pablo Shin (신재훈),10,1
UCFTQkZ7vqcWjPkN4KeEyHdw,번개탄TV,10,1
UCFbLL1YDEd1Kz5OKZw8tFTw,우인스: 우리의 인생 스토리 - 해외감동사연,10,1
UCFedtwqkwPCAI5oh1XO2NHA,Damascus TV,10,1
UCFortY_H2K58VZOW8DBsdng,전설의 만담,10,0
UCFqSzZ35shcPLUWSDbR2p-w,부처님지혜,10,0
UCFw00RemJhSkAW9ltFzMwlQ,봉황선녀TV,10,0
UCFx5krpZE3Bk4JMP2xfgJoA,"Go&Come, Church of God",10,0
UCFy7AdL6tJsjBXy4q39FupQ,황혼노후별별사연,10,1
UCG1wAHkfxi_zBxo3cL6dohg,"Newsong Guide, Church of God",10,0
UCGEu1Teaxlto3_CUUl_l_Yw,태을천황,10,0
UCGFpyYudIbPlQwABGJXtUQQ,노회찬재단,10,1
UCGH15REVHcfyyuNtn86JSxw,MCAKCC,10,0
UCGKLqlrr4fIEinpedne_KxQ,Choi Esther,9,1
UCGLaz30SXnxXhYR8wrTpbXg,새가나안교회(NCC),10,1
UCG_Gth20Rt4pgoVxVjWsSqg,저널리스트,10,1
UCGbMk-lVcRnGtLqldUJ1FYA,InterCP International Mission Camp,10,1
UCGciQ9ODnnFsgKRJOlHaadw,기찬성,10,0
UCGr5Iru97RqRQXMwThKTkEQ,이승원의 지식의 전당,10,1
UCGrMG52egZF3j0CUv9c5FUA,베이직교회,10,1
UCGsZ-8EHKTrkotIuumnz3rw,용산구청,10,0
UCGw3qB0fOh6pIziPXTV-DqQ,홍어보수원조,10,1
UCGz8SXbeMFrDE-gSuXjBXNw,Ho-line,10,0
UCHAFKz5o1w-NxUoSi_IbEbA,뉴파수,10,1
UCHB7Lfc-tsx_lVWBMoekgIQ,제보자X의 [제보공장],10,0
UCHBQWrUtTuEDX0r-rqAn0eA,우학스님 K-BuddhaVillage(부처님마을),10,0
UCHFR84nup5zCrmM384wbBDQ,HMBC,10,0
UCHHE2qSYZBmhCoi88x06Hdw,향기나는로또체리,10,0
UCHMl6cx4Q1JsvTwAT2gA8Vw,부산일보TV,10,1
UCHX-p9hTwvttjCUVr7W61NQ,서산 관음사 (원묵스님),10,0
UCHZW1NdU0VHKVhltZUaBX5w,심재TV,10,0
UCHbhx9ufu26GvfSxnKKvIrA,온누리교회 월요치유집회,10,0
UCHdqgJxSnra-7kTIldPoSng,여풍당당 바람대처법 [묻지마 간디],10,1
UCHeX5PJp5Ef9RPPLi59GpmA,한베국제결혼TV,10,1
UCHeyp-ksPvSH6faR8VrO21Q,닥쳐라정치,10,1
UCHjpKwGh7BEB72oTK4qqKhw,민주특검단,10,1
UCHorzVlHRUOffaxkYUY8qLw,천주교대구대교구,10,0
UCHvRjUK74vI91zlgTIhlsmA,슬기로운 기도생활,10,0
UCHwWbDRUGtHlxs2nokYzf3A,경제학의 모든것,10,1
UCI-WwAj_XaJIREYSBEHXipQ,고무장갑 - 간호사의 폭로,10,0
UCI0Xv3ycP-BWr05deDZBvVg,세상의 모든 브랜드 이야기,10,1
UCI2hKj3EhSwYNUm_cOwbF5g,만신tv,10,0
UCI788NxeJn_gr5GlzmnD3vw,손상대TV2,10,0
UCI8HW08rOSlvweOjJ9Gp2Ng,홍익학당,10,1
UCIBeXIOOmHrXJ90yjQVgANg,To. Ministry 투 미니스트리,10,1
UCICPdQObbJ5-9SKyq7BVgLQ,무속인 선음동,10,1
UCIDNr5dMPYQwwklOqJRUvWw,여의도너머,10,1
UCIEc0IxH6ZKWEt4FcAsg3Xw,이정호 TV.토오후4시.하늘의영광보좌,10,0
UCIGqIln2WmBnmy8fPA-IsSA,림쌤의 10분역사,10,0
UCIItIEnZPjKo0eqvq9qIJAg,소망교회,10,0
UCIOhLDkpNcQyHsHSBwd5y_Q,민병덕TV,10,1
UCIWeUjJMnPxhfX1NH7DqOeg,부자로살기,10,0
UCIgcgNUcM8U04aEK1ZbNBnA,"두란노 공식채널, 큐티&매거진",10,1
UCIiTJae_d0azhad7rtvi3FQ,저작권TV,10,1
UCIk_6_-gigkPhRolVeREsSg,성서나라tv,10,1
UCImNzIAkfG-pztnZVoxB60A,한국노총,10,1
UCIxgiQ9-JNkLOJq-zuB529w,정치꾹,10,1
UCIyCuNLXToRkyBHu1gRbxGQ,갓쇼의 톡툰,10,0
UCJ7nyeked8jHUhVZR7uWS1w,사)부산성시화운동본부,10,0
UCJ8ldi8PVz4KN0_qDajUvCw,다미닉 튜브,10,1
UCJ8oPR_Ow15Jtl6Up5zXEhg,결혼의 정석-방심하면 호구되는 국제결혼,10,1
UCJGGuxqVTkMIU4J2G_SiE_A,Dark Crime,10,1
UCJNIJsUluHhuikAost77oCw,진정한 애국자 tv,10,0
UCJOUUOT2OnPbirlExl7ZPbQ,말씀지도,1,0
UCJPO9yjTh0enyxjhKhGb8tw,이야기 뚝딱,10,0
UCJS92uFeSxvDzKJMRUi2LRg,범산스님의 할TV,10,0
UCJS9VvReVkplPwCIbxnbsjQ,사람사는세상노무현재단 RohMoohyunFoundation,10,1
UCJUoChU3NbNHqYyzVHEzYUQ,그림읽기,10,0
UCJY_vHq3n_DkHcdc3g01RGQ,노원구청 미홍씨,10,1
UCJZy46fOOyyrnFe90md4GFg,마음닦는손오공,10,0
UCJ_b0m9H3VQq-wMgEVTBeZQ,이안(易安)인문명리연구소,10,0
UCJc0AUs6kbwzy23DGyERahg,내가 매일 기쁘게,10,1
UCJdG2TNRGVbBNZEzzhnv6uA,PMC필그림선교교회,10,1
UCJekkplFI8w22YRV4xQUqSg,성 베네딕도회 왜관수도원-Waegwan Abbey,10,0
UCJgrRF3bAYnYcvKT1fmJ7PQ,청교도 찬양 목사TV,10,1
UCJjg88xb_nV020aichTln3A,진선미TV,10,1
UCK-hgKxhGIEO5DerXtuS7uQ,한밤의 사건 파일,10,0
UCK1gwXNWywjzzo-KxVwWQtg,쉬운 사주 이규호 [명리학 강의 전문],10,0
UCK2ZCeS7zNrzHHwGXuygzPQ,다문화TV,10,1
UCK3Q4MGiowIcDX8Y0vPI5HQ,경산중앙교회,10,1
UCK3taoieImrr565kkbl2ppA,정치123,10,1
UCK8trmiolxU00XV2fNEUyVw,CJ문화재단 채널아지트 CH AZIT,10,1
UCKDU5gzraMh4OHgTg3LJZeg,테리눈나 다시보기 Terri Nunna Archive,10,0
UCKEiqXHJlap3vKkAyaVgqsg,은혜와진리교회- 조용목 목사 전용채널,10,1
UCKIArkCDHQAJQfOsovXJnsw,World Mission Society Church of God / Global,10,0
UCKIyfHqMrvQWNnHgop0VVjQ,시사김치전,10,1
UCKMaWEbhER_7WtsDpn8ZR2g,오산리최자실기념금식기도원,10,0
UCKPD484IYN8FiUMiYTkpBlg,피보다진한이야기,10,1
UCKUmSKfbdohL39Ib3f9g42Q,양결 목사의 바이블레시피,10,0
UCKYFQMonKRriJrHehw65NeA,구주와 변호사,10,0
UCKZ6jnfGzb9k01DAcAHQWSg,815광복TV 1채널[종합채널],10,1
UCKihLFs1j7iM5lvduT7ILMA,삼송제일교회 The first of samsong Church,10,1
UCKpuKGBnoUbnp4o35IE5vFA,김규현 변호사 | 정의규현TV,10,1
UCKvNdy-V_MES_p9RjCnfsXA,이혼전문변호사 조인섭변호사 웹툰,10,0
UCL2dV2Ohhspvy-dMyX0L4og,변호사 박리나,10,1
UCL4A30ACm6PNnTPsdBoQG0w,815광복TV 2채널[청교도 복음채널],10,1
UCLCZcDF0ztS6L7ZVQ4b8leQ,슬기로운 이혼수업,10,1
UCLJksJSP3NHo7P1jqn-c1fw,발빠른튜브,10,1
UCL_PDcQIPId1iCe2IO-vEiA,청초야담-조선에서 온 이야기,2,0
UCLe8F5PZs2PCGmPInF7LKTw,달그비옛이야기,10,0
UCLjGAm9RZZF1UDXl-ZIf9ww,법륜스님의 희망세상만들기,10,0
UCM0h5eNMPQTyZibB9GtW3yA,교양의 시대,10,0
UCM2cDYZJdYbu14UftWHo6Iw,믿음의 빛,10,0
UCM6HK3tRHtXLIQqP0xItg0Q,Medecins Sans Frontieres / 국경없는의사회,10,0
UCM8BcGB6BWKq3utIMhGKnUA,고성국TV,10,1
UCM8EBz9VPlR_tUVzTLrOCww,보현스님TV,10,1
UCMGEd5kKEwErD4M17ujsSEQ,"Newsong, Church of God",10,0
UCMKz8kR5MUN-uHB2_Jy_swg,비서실장 강훈식,10,1
UCML-USEtD8jO_I9m7I1oLIg,광화문운동TV,10,1
UCMMYnnrJSB1c-1-uHdeR1MQ,BBS 플러스,10,1
UCMSqv11vtt4oUmR_wyQ1VAw,MinJu_One,10,1
UCMZdTd5PlNg2jwSGBABlaqw,GOODTV NEWS,10,1
UCMdy7e6HiqB1sS-bXQTpXRw,서울서머나교회,10,0
UCMhtB1BMWE17RgPCCpAILnw,순복음축복교회,10,0
UCMo0NuJYRJUNXHbSYdfoQvQ,신광두레교회,10,1
UCMqsPR3RFYP2L7iLeMQhUDQ,CGN SOON,10,1
UCMvaAtYYCwCoHAA39VnigRw,군단의심장,10,0
UCMw4eAUqRsBBdx7oxPFSc2A,열일곱이다 - 가톨릭 찬양크루,10,0
UCMwv4_GnA-3bcA893rPUSow,미미상인 mimisangin,10,1
UCMyIdd9yLmLv2UuIskCK7Qg,퍼니이슈,10,1
UCNAgmJxTyitxmxJs6bCvZzA,온누리교회 차세대,10,0
UCNH3uANrJxm8yUSByOONL1Q,맑고 향기롭게 길상사,10,0
UCNQiHvGuXzjSzLI_Tk9ZI_Q,민주진보티비,3,1
UCNWXQRJSSY-hYMC_z7ddfDw,무당 레전드 용군TV,10,1
UCNYCzjT3jcTB0JaKoXgCCtw,인생드라마,10,1
UCNg1sSXB6MptseKW0FnYLYg,야담정자,10,0
UCNr55NlhUmZqHeFRUyswu4Q,대한민국 정치의 눈,10,1
UCNzWZmsJ2QmBss30LeZZTdg,서정욱TV,10,1
UCNzo-eUERlJ3xEJu0uc224w,황해도만신 정도령,10,1
UCO0aW8Pf7qA79llJDLkauEw,CGN 하용조,10,1
UCO45hBBmzZc-ZLT7n3m4PGA,수염아재,10,1
UCO77a6lTw2Z_dldGxdjv75g,무용담(무당의 용한 이야기),1,0
UCOCrDoJ2ymUClZRBPuytlzA,사주의 신,10,0
UCOE66D_Ewpd8zgzTalJ5Qtg,빅딜,9,1
UCOEIN_ctFYohnDLjX7g-e4Q,이정훈TV,10,1
UCOFiCgFirqos-JreYkw2uOA,다비TV,10,1
UCOJKd_nUILWOUKedK9M3hXQ,강남상안재 우도령,10,1
UCOMmEozrRVi9KgtoVWl3HIA,Jesus91 [구원91],10,1
UCOZnrJilN9FsL8pGd0by6xg,썰이빛나는밤에,10,0
UCOb113bmOxhnucIWpwH1Ang,절로TV,10,0
UCOc8PJrQQhQCcevrletsUIQ,이완배의 하모니,10,1
UCOhF781GjxYius4NN-7hiXw,청춘의목소리,7,0
UCOiHmVE20PgyVoPjpRhjVmA,가정선교회The Holy Family Mission,10,1
UCOiIqb7QPJaN7Fr3gzJa09w,센터필드 CenterField,10,1
UCOqtOq7zbhoArEEG3NgPQ3w,희키,10,0
UCP2p32Gz20PLa1-5itufwqA,마가의다락방교회,10,1
UCP3D5O3VgtDVeiymBtfUD8w,임사체험간증메시지,10,0
UCPC5_FI75PAxTodlXWF5eNw,감동오디오북,10,0
UCPCQdsfcvWEf5QuaNQf2S3w,두만강감동극장,10,1
UCPHVjQjX1ru_TUm0VMI7KVQ,심플로또,10,0
UCPJxK9zjrJFdvkuiP32cwuA,오래된정원TV,10,1
UCPKHlH9T00dqJtoYZx2zDjg,당첨돼지,10,0
UCPLAYUfWygga0AxYU656Glg,도연사010-2968-1525,10,1
UCPUwzOj4Qhv7sFpvvD1ASuA,김유미 TV,10,1
UCPlDH4oHFI_lC7ayQG9NuMg,대한민국 해군 R.O.K. Navy,10,0
UCPoSTEIGLy1DaY59irR6pKw,[법으로 위로하는 변호사] 김승혜 변호사,10,1
UCPoa7pl3y-Wudlwz0x6hgkA,고병찬TV,10,1
UCPp5No25CcVQae6fvKcOFdw,행복한크리스천(행크),10,0
UCPpAT7NOrsIFoIQXk0aPKOA,안철수와 팬들,10,1
UCPsoQwqbcVkQlVae8LF7wPw,부케렐라-국제커플채널,10,1
UCPsuu5vl-2cHKkYI-wvug5w,"Exhibition ON, Church of God",10,0
UCPv4_gLZ6vg2pM8PfRKwQnA,정치IN,10,1
UCPxB0IiFkRduwsQWlt3ilxQ,빈집여지도,10,0
UCQ21caARmy5hvLqvwIEBNUw,도람뿌,10,1
UCQ7CDpDOyxPU51s2DQ_TExA,네모선장함tv,10,1
UCQEaAy0dqiGPR3PLT62K70Q,NewMoravianOPR | PYEONGCHANG,10,0
UCQNoxpg_q2sHKIOScA9UepQ,정토불교대학,9,0
UCQPWKFepcH_Td8xxFvIfz6Q,북시탈tv,10,1
UCQSeXLCFXm6D-gC2NYqVAIw,민주누리,10,1
UCQVleFXeLrqazSwcqQyOGww,셀레나이민,10,1
UCQg_Y9uQBKfC-CCBMdksrVw,사주풀이 준철학관,10,1
UCQggkFMilrUb8ru2Uu5kOxA,도운사주(導運四柱)아카데미,10,0
UCQhKO3wKEdQ9sCdrePbKn9A,주사파척결TV -나는 의병이다!,10,1
UCQiQNOIqZAdrsSnOHEfgtMQ,통일시대TV,10,1
UCQiRpdVz5qYBL-aIKFeTepA,Giác Lệ Hiếu,10,0
UCQjJaYzZqgDymsJ_n8HWyGQ,사연이 머무는 극장,10,1
UCQq8i4cIllrsAxzZDXlHX9g,황씨부인당,10,1
UCR-RJLCiS2SpX6s8hsFPYrQ,황경구 시사파이터,10,1
UCR9YgzFmGQDgtqMJjnIo6Ew,양나래 변호사,10,1
UCRBIW6VGzhx5cpPV464uwOw,용부인당 지나보살,10,1
UCRHoIbke8M8i2o15eylfi7w,감동달고나,10,0
UCRKxKTfWwWDkH-xsiVPjaRA,코리아원더풀,10,1
UCRLM0MWS7m8vXzQ_5z2e7fA,히스토리,10,0
UCRMLi3Myh-hRMwF_t76rlIw,하나만TV-하나님나라 만들기,10,1
UCRO-l6Fli7rtpY2O9Y5NIzw,국가유산채널(K-Heritage Channel),10,0
UCRc7NC-QctelRMn_2dPxnCA,바오로딸 Books & Media_바오로딸북스앤미디어,10,0
UCRgXErYOtPB8oWdrVFtYe1Q,WEDARAK,10,1
UCRqIjP2OXBMMb-OX8agIYOA,dinara tilovova,10,1
UCRso-noWpZLaBs8ONU887iw,Molto 몰토,10,1
UCS1ckxOAZOAbaWPQboOwZRw,인천방주교회,10,0
UCS7oapzKYfu85wuEtWWHk8A,최국튜브,10,1
UCSA1IDogbvDfdc32WLchviA,갈렙선교회 calebmission,10,1
UCSCCzOVekxJ-5CKuxhaRz3g,한국경배교회,10,0
UCSFW3SEUXWvKFzRO0pHT9mQ,우리는교회,10,0
UCSMpUVJquw1QsdnOMnlTt2g,이철은NK TV,10,1
UCSNQKJE-xZSeR70tcMuUzzQ,건국TV,10,1
UCSS0d6Kah3e4u60DoQ-m6FQ,생각을 하라~,10,0
UCS_GZSOUf1ZlEhNRa-Y3XxA,오른손쏭,10,0
UCSca3PSMwiQzUd_PMcUwNVQ,이지선의 이지고잉,10,1
UCSdNAaZWxb4uQmqOpCAsJSw,JBC뉴스,10,0
UCSuuVcF9lix5dwFmAPkHE-g,KMIB,10,1
UCT7HiGxGduQHpFpoCsQkcEQ,인생지혜,10,0
UCT8dfszCIDh3gTKbjiHhkkg,남자살리기,10,1
UCTHQJubug3i6rIe5u0H-53w,칸디도 보칼레 Candido Vocale,10,0
UCTPgz41d8xPMDjrvUIa5nSA,역사원정대,10,0
UCTQdi5U60um1oEqIjbA4pZg,푸른스카이 Purensky,10,0
UCTTmBIpaFBu8zOAku_5rgGQ,최승윤 작가Artist Choi seungyoon,10,0
UCTeyCGJfUixtN-pSivZMdpA,김채환의 시사이다,10,1
UCTjCY9MqqNZWctUuzH6Eh9w,"장길자, Zahng Gil-jah",10,1
UCTleh456GChX4bbmHXbkDwA,bpmcpg,10,0
UCTrY45MDmR62xOPbaeRZk1Q,반야 인생상담소,10,0
UCTuk9d0ZekFtgAbPOQxo0Xw,임사체험 간증이야기,10,1
UCU-MgC6F4651fGGIr2iw6AA,김경수,10,1
UCU2qJERAoxY1emjHNspunog,장변호,10,1
UCU4NdktSD74pGiz-PJ08B1w,민주노총,10,0
UCUEyV9wWFVYjPJRJM8oOQjw,심리 톡톡,10,0
UCUFxsBn6wIRsfW0GaiOgRuw,김경국 TV,10,0
UCUNwNXVrWAHQpc8gPp1c6kw,정의구현 박완석,10,0
UCUUchki8-tdL1mhVERldlow,빛나는 코리아,10,1
UCUf1SUcZZV7cX0ciuLKkJTg,야담 옛날옛적에,10,0
UCUg58oE6uAvegvfKtzD6AJw,슈Tube,10,1
UCUn8h6aG6rCM1zvXKIuNpVQ,예술의전당,10,1
UCUydSSjERldLmbZuLrZZpcg,결혼전문가 김경애,10,1
UCV51QLHQuLmKKp9ooXTxf2g,죽음의 영역,10,1
UCV9DuGfS5xuE1u89MbtnCSQ,역사속이야기,10,0
UCVD1v8tXTlX98fX6t0ObdVw,현대종교TV,10,0
UCVH29TDOzmKPZQegdIowWKw,문사탐,10,1
UCVKni0FgB1zsXi1j_uQ0Iyg,인생변호사 - 검사출신 형사전문변호사,10,1
UCVPWkKgJKb0qiTYnvYxctkg,진보이펙트,10,0
UCVRbKXVxc8axxCkSvK4PKOQ,김동식TV,10,1
UCVTYPh-PX7bTeuym1qCOsTQ,범죄사냥꾼,10,0
UCVVAYUheWFfIA6Zn0s1GiCA,권순활TV,10,0
UCVfBrS1H2crOZHjf2I1mv0A,독도 코리아 Dokdo Korea,10,0
UCVhFJyAHl6FvaRI26G62ZFQ,무의식연구소,10,0
UCVie2L1HIi8177Y9VYMh4Hg,소래눈,10,1
UCVjl77IKoC9fjmD7zODn4kw,홍영웅의 사건파일,10,1
UCVs_OqOuoQ5kPSe4Tl6VS4w,막장드라마,10,0
UCVuZ0Y7mLfpJ1W69dkEKCuw,오늘의 운세TV,10,0
UCVyEBk5nPxRvefclwmct7HQ,인생그린,10,1
UCW-o2rc38bIa5_TlLj-zegg,코리아공감,10,1
UCW4_6V9Ox_9sYNTknQoTlMA,개성아낙,10,1
UCWAFtWIMxR_Qpjh_sWbmwyA,Creative Den,10,1
UCWCFLsVOHSVY90K5V4k6IoA,안호두 빠빠,10,1
UCWD1r9rnj0PRdkkuCz04XCw,여의도순복음교회 이영훈 목사의 절대긍정TV,10,0
UCWILj9rQwdhPogcdYIlzrXw,김샬롯,10,1
UCWJTlUFmdbISixxc6ZGAOHQ,상상프리,10,1
UCWQY8HC94kq9YT9VbC6N3mg,온누리교회 여성사역,10,0
UCWbtoy8dK7DEDxaCO2eqG8Q,감동을 더하다,10,1
UCWc2bf2SabfFF9UelS03gTQ,순복음대구교회,10,1
UCWd63xE3lv3KhWEAyMffdzw,예언의 빛,10,0
UCWw2YRY-nQFi6MrFVI30jkA,이소영 국회의원,10,1
UCWxjiGSVrwU4rbSxEMBIZiA,공셸TV,10,0
UCX2lcTOz1uVzULdJfpbWc1g,송파서광교회SKC TV,10,1
UCX3qkfIDXuFAgaOuwp0me4w,유튜브바이블스쿨,10,0
UCX4LFdCjFXMaCPbRH1omP6Q,최인호TV,10,0
UCX66fk-SAhnj0M8UAj7e6jw,이정훈교수,10,1
UCX7OZ_yjsnKSuz6Kg1WYo2Q,이상한 가족,10,1
UCX9fzfNpUt_GrVb-Gy6_Pvg,세계문화이야기,10,0
UCX9uDlgel1WsSkEzLzbRTdg,대한불교조계종 불광사,10,0
UCXNMgSZqmfX1_K8Uf4l4sog,KFN,10,0
UCXONTak7SmI8gR1rhzjAh8w,총회교육개발원 하나바이블,10,0
UCXiAIswmvBAbuivXl1w3T9A,Inner Kosmos,10,0
UCXlnC32GsSm8lFKE15iZROQ,사건의뢰 뒷방,10,1
UCXmnKrTofwqqxn_SQB42hTQ,보리수 도각사,10,0
UCXqPL_eApnUym_FGY6wmhQw,The Life 지구촌교회 - 더라이프지구촌교회,10,0
UCXteplAfqvJYf4TXabq3GxA,옛이모 / 옛날 이야기 모음집,10,0
UCXvQXTcC77Nav46NYc4FtDA,어벤저스전략회의,10,1
UCXzmwy-Zt-8DaIfN29jPOVg,전등사 TV,10,0
UCY1n0x0gPlpUwx00NcGEDxw,충격통,10,1
UCY2Td2vcSsYtMCuDiADC20Q,잘자샘,10,0
UCY8i60Jd_DPyqOB_AJut2vw,미디어워치TV,10,1
UCYJ3ZTBXsk1XIfjACZRE4yg,Church of God Media,10,1
UCYMukNXgYDCaJUYuW-IDQMw,정치픽,10,1
UCYRU3EY8fRE1q_woQEmXIBA,법화림TV,10,0
UCYUpffQpzjrmWnjR3gLjahA,노금채TV2,10,0
UCYYIYzVd-pW6V8hMeYDS1zw,KT&G 상상마당,10,1
UCYYPvecmdGQgzIfghtdWhGQ,서른일기,10,0
UCYYqb06Ym3aeubtHFwA4ECg,안협소,10,0
UCYZ-HmHqGjBKcWA-9SHcz5g,심불교,10,0
UCYpLOJi7euZwhv6osUgzQ5w,Megan Moon,10,1
UCYqEYLmHyAIUvUdFya8-uLQ,아웃캐스트,10,1
UCYqj-Z1LhisC9nAXMv-ZBWw,생활성서사,10,0
UCYy7NngiNeTw9DizOuPZAwg,헵시바_hepbsibah,10,0
UCZ1Msox6fGXvk7WDmDgf2UA,Holy Jazz Vibes,10,0
UCZ4TBQSB1POcb8nf-H5_G1w,국가유공자 라디오,10,1
UCZAuI-bAckZ4xFk_T9SB8vg,빛의진리,10,0
UCZCxmG_lSV0FCeDKuzUKlwQ,배기성 역사강사의 10분 지식북창고,10,1
UCZISSAMFewWQRGO_rDbec2g,이방인의 한국살이,10,1
UCZOv1gGSbsCm-z56XwiMYDQ,천주교 서울대교구 사목국,10,0
UCZZBJ7eh0xmXmjs8y8WIzvw,CTS BEST 설교,10,1
UCZbVZCb16HqvyT3RHPbveYQ,반야월교회,10,1
UCZcKfUzxlBXNyAX_mVRTTlQ,제이컴퍼니_정치시사,10,1
UCZjXx6DOXUzgUZBtOdvoPjQ,사이다뉴스,10,1
UCZpsZ57htcg9hxtIWG01oug,코리아주모,10,0
UCZr3cu75jx6Sz-6KRQ50ySA,널 위한 문화예술,10,0
UCZs4JB7TzuOiKmPrCXQ3Gyg,평산책방,10,1
UCZsVN_CMZFXQCyp4TlKuJ3A,아리랑국제결혼,10,1
UCZzkGDRI4xP5WfLc33htN1w,DHHC 하늘소망교회,10,0
UC_0a9Q_SLJfY1V2KJg0Mbvg,sjctv,10,1
UC_5q2iBoG7GUUDQA9lSaAnA,천선암경기도 광주 / 애동제자 / 010-9810-2494,10,0
UC_FGopKf5IVUpGs4EFb-pSQ,육군훈련소(K.A.T.C.),10,1
UC_GVZ-N9OjLNhPOfCnRkuOA,조선생만신TV,10,1
UC_IV-JURiQzt4APTfhWEp5w,백낙청TV,10,1
UC_Kh-qgPAZ8QFnGjtytArKQ,애기씨당,10,0
UC_SgaM1zbb1Mibnsp6J0fJA,기묘한 밤,10,0
UC_Vri4o2R5zDXGiTIrnKAaQ,BugsBoy - BB TV,10,0
UC_Xh-3k21u_6cNJi12qgLFQ,그리스도의 대사들 교회,10,1
UC__DzFJxR5EaaFwG46_xHcQ,박형준의 생각TV,10,1
UC_bM3osZIFYPTsK20Dd2Vug,동홍천교회 나단 김정환 목사 TV,10,1
UC_cLbKZyFJlaMEby5JQYlGw,붉은달 미스테리,10,0
UC_iT-dQV96rPviS4G4p5b9A,전한길뉴스 1waynews,10,1
UC_j58ieR6a-fqo3sKjW-GUA,템플스테이 Korean Templestay,10,0
UC_oEzIEGR7ZzdPu4YQDLnHA,황경순TV,10,1
UC_pOKLycxyVwNneMVjfMBUA,아이스튜디오,10,1
UC_qHnNOKsd5y75bSjCpFYmQ,한마음선원Hanmaum Seonwon,10,0
UCa5c474zwav6yij1MCB8dQg,잡학게티,10,0
UCaJCKfbU0l9SGMmI8OS9MxQ,정치대학,10,1
UCaQGk2guxAG3VxsNbv77w2Q,높은뜻푸른교회,10,1
UCaSMTZKTYjyPF2V5Y8AgDtg,고요한울림,10,0
UCaTNoZLe0sj7DUYSguDOkHg,달빛 아래 사연 한 수,10,1
UCaTiKgIoOqihpsRDisfL1ow,금실국제결혼,10,1
UCaVYvfVsC1ns3_aE66i6ZIQ,박홍근TV,10,1
UCaakGc-qhDRyhcOtUUJWO4Q,무극회선,10,0
UCai2sJn7B6rOercD9h0pUvQ,유튜브실사원김록이목사,10,1
UCapBxZyEfCAjx0udd3DWsgQ,새에덴교회(saeeden),10,1
UCasf2iEi4sZfwgcCpjOhhRQ,J woodworks,10,0
UCax0P1a9sUgoSrCcT71gujg,옥천암관룡스님,10,0
UCb3pCq_7N3QFwk1mzXnGTFg,주님의 손길,10,0
UCbQFiILpsCJXgRrzCbj35Tw,김운선TV,10,1
UCbYYDTY20wY0BcXc4re3Xag,WTC행복한 국제결혼,10,1
UCbaI7e7lhkfLSdMUfd5Fy0Q,CGN 생명의 삶,10,1
UCbcXQcXLty2rzrv2fUR_mzg,한동훈삼촌tv,10,1
UCbdeHam35cqnRNdVT3Y0ldg,총리실TV,10,1
UCbgGRffxm74LGKMVXXUsOZQ,만물상자TV [전쟁의 신],10,0
UCbpMN5MpTr3r0Ip1UN04nRw,용신장군,10,0
UCbw9n9WbO5ewE63zeY67Liw,김영준,10,0
UCbypT5enDzdGE7cLEY19WiA,환경스페셜,10,0
UCc3X6CdRsMZVJVMEBrr7Mqg,감동 후라이,10,1
UCcC2ywB9PWxk1IN9YmHDjbw,장례지도사 김범진,10,1
UCcEklVfHLZSwFAnAoy6BgnQ,영웅TV : 김문훈 목사,10,1
UCcGkobjI9S3VjDFOil7AYUQ,신촌성결교회,10,1
UCcUJw9EReJ66LYmz9ITRVEA,서구TV,10,1
UCcWDbGaEyy0kG5NBmQv1-dA,어머니 하나님,10,0
UCcWv9uciua4VYSPeneP17Ww,소소한 고대사,10,0
UCcaJkupoF4CsxDGIBPBQ77Q,매일성경읽기,10,1
UCcbOxuY016h_XVmIGSQDoyw,키퍼스처치,10,1
UCce3VBcnFf67Xv0Wj2PWMZw,장예찬TV,10,1
UCceXHeKTEwpcA7MmDvScXNQ,사랑의교회,10,0
UCcfnM_fIX1Q_ikHV7dbGI_w,최한욱TV,10,1
UCcg5HitJyM35QW0ROPJaRtA,미국시골목사,10,1
UCchCbWi1Mvibb6ddcZrrOHQ,일요서울TV,10,1
UCckIwMcUvcvN2gESHXg_Sdg,타임뻐스,10,1
UCckNt6fux2Y6VUHQLSsZzXw,성세정TV 수상한 여행,10,0
UCcli3vVyMcPLbrvsHJWaDBg,언승진,10,0
UCcploE6RT7cYKeex4Lbkc1Q,일월정사 정일경,10,1
UCctXsTmxLVtoGCe6yuMehVw,충현교회,10,0
UCczVQjtvv9zisTka4tIUxYA,열반 사운드 Nirvana Sound,10,0
UCd2cL2bgCRuaLRwEQF2Mxzw,ANOINTING 화양교회,10,1
UCd4BxCKyMHG2J0X1SerTPaQ,이동형TV,10,1
UCd59A_8S0bR5-t7yB4JTE8A,신앙과 애국,10,1
UCdDLPWS_2mc5X5J4l-cckKw,무궁화방송,10,1
UCdLfuBBYkZAW5B_VB0uO6xg,친절한 하나씨 (남북하나재단),10,1
UCdO0f8yYOEhD8lSInznzCFg,천신암 백호만신,10,0
UCdPDEq2K-tobMUuGBszDuYA,영종도헤브론교회목사김정아(Hebronchurch),10,0
UCdUCUtU-GSbmqisfrDR9QRg,VASAIO 선교무용센터,10,0
UCdUkQwI7Ozo5KnTGMPhzuhw,SamilChurch삼일교회,10,1
UCdWpijG5eeUO1ukFNtDyjXg,길위의 선객 탄명스님,10,0
UCdZ1aFbEp3O73HyM5tPuEzg,덕천암 석정,10,1
UCddtUFKa6OSb_Mnt7ydXMLQ,올포로드153,10,1
UCdhMFn8cyCwFs_dFyEcXg2g,대국당 용해장군,10,1
UCdj_kd5oReDlStFJz3K199Q,박상규의 직설,10,0
UCdvx_SAlHQoEgGPr4VD2bFA,이낙연의 사유,10,1
UCdyL69IH7WHJHOGhtejC8bQ,세계로교회,10,1
UCe9mXrQkew2LyqSYlJ4quPg,지노프레이즈 ZINOPRAISE,10,0
UCeMPgo_YXIH58JVYlurURoQ,비텐 조이,10,0
UCePjHumvAonV3aZ7fBh4SCg,파이디온 Paidion,10,0
UCeQKlCS0hnyWdlbiMq_fjiQ,스팍TV,10,0
UCeUk5Xb8MyzpwvwjCo-_XKg,"삼토크(시사, 경제, 건강)",10,1
UCecsGVMAXtSOMhHDmk13vNg,영성과 지혜,10,1
UCed23pVadTJDREbOWumgwPQ,정치마루,10,1
UCedmZb6YSW5kbMtHdWKejpw,심하윤TV,10,1
UCedztchYFm7opif2T12b45A,달리는 사연트럭,10,0
UCeeTu4laojSVP5rnIqOdXVQ,부흥TV 장경동 목사,10,0
UCef6FpB7jL5OZVOJxN9EHjQ,BrianKimWorship 브라이언킴 TV,10,0
UCeoCmEOb7eST82Q7OE8U26A,HEB방송,10,1
UCepZn-yku0hP4WGp1htXg-g,전원책TV망명방송,10,1
UCeqd4-XcxdxES08-5Im8oZg,두레김진홍,10,1
UCerAzgrPETJVqX1XZQRaXvw,K-VIBE,10,1
UCewDv6NIq_4aJ8F9PdY1HDA,안호성 목사의 설교 TV,10,0
UCf8h3rgyIyV2_wmF5TiR85g,조정훈,10,1
UCfEsGJW5HKom-jh-uP_XGNQ,無盡 MooJin Hanvit,10,0
UCfFioh-xDBkzfyFd0F1UR4g,이스라엘TV정실,10,0
UCfJL7n4QkRh8OaYlbF_FcYw,미디어C,7,1
UCfKgRiF00QRrY-zFO28Dlzg,겸손기도 신부[가톨릭],10,0
UCfOOXJ19YkLbegZIepsIR6g,노영희티비(영친이들),10,0
UCfQ48kTjXDiNwuDkU-Mz3WQ,심규진교수TV,10,1
UCfSrVtspmA_8rSeNuCOvyag,박세현의 크로스뷰,10,0
UCfY7XL2ON1YhPJdAA-OGaZQ,임마누엘,10,1
UCfdwCAK9QHC7XMyKbgmqnjg,한두자니S2,10,1
UCfm5543FeRChIIq-XMG4GeQ,국토전략TV,10,0
UCfmicRK2-WdZMVQDrfcitLA,TV홍카콜라,10,1
UCfunI3GFjqOdfduT8xWEbOw,TV벽운사 (벽운사 지산스님),10,0
UCfyWphjPVnPcxzoDjGJff7g,민주파란,10,1
UCfyiliqIR3tOvOja_idj7Cw,POD CHURCH(Parade of David),10,1
UCfz3xkNWe_9KlL9sLDUfPeA,NCMN 공식 유튜브,10,0
UCgDTMigAvpKJzStVkiDzNXA,Just Like Jesus 선교회,10,0
UCgMcsFexb6AWhkr7HzXUrCQ,KoryoTV,10,1
UCgOrq46HHPLETItXdQzG0Og,간다효,10,1
UCgQBBk_XtKAvO3sZlq0kp_A,[Samuel Kim Ministry],10,0
UCgXvncRS45_kZYDGPUEMGtg,천천TV,10,1
UCgaGmMIh68VMb2mcVfvtvtg,이한규TV,10,1
UCgafvb8sKcePPHbIo9WXjPg,복음소금,10,0
UCgeOlLcX6PReHdWImEnUVTg,스픽스,10,1
UCgihbdRe9G5OEJyk9mIN3Kw,영산회,10,0
UCgk4ZxZUTMepvqNTHyQaMlA,무당 김은혜,10,0
UCgon56aOD1m_177bgysnRPw,신궁 예당만신TV,10,0
UCgqT7rKdtfiQ0RvWdCdQhMw,참종불교tv,10,0
UCgsJIfzG-OmnY8O8rFZjtUQ,이마르띠노,10,1
UCh0aDV_FgWsIHnkNXCt7Xgg,분당한마음개혁교회,10,1
UCh1COUFMKTwS6128YODE4DQ,올바른마음,4,1
UCh3mIfxY1J-6k5QBKqs_hog,[유명한점집]경희궁 TV,10,1
UChCKI9vPYELH4cUGbdjv2vg,일공구공1090,10,0
UChGHoVjZwiPAH2gOpHspR4Q,UNDER 73 STUDIO,10,1
UChJbiWvHW4W1Ol1qi-ImGmg,암흑연대역사,8,0
UChP-klXIX1dzQELy-RGyf-A,만신장군 명인 김성주 선생님,10,0
UChPb2ojqlwCY40kH7vpupeQ,베트남처갓집 국제결혼,10,1
UChUZoNUeN5I2GmY_d3caaSA,Johnny Talkshow,10,1
UChVVN2RScvKk896qf7jMT-w,세모튜브 - 세계모든반응,10,1
UChWMMbVGsai-zyuRYWFJTUQ,베트남국제결혼(퍼펙트),10,1
UChjmDy8WQUSmywCqmjcuiFw,사자후,10,0
UChyW1smH43x4xjLQBQiqRew,Talisman /엘리사네 별장타로,10,1
UChzToabVCo8vGbmLT7EKqDQ,양희삼TV - 카타콤,10,1
UChzuKt77A9RIgJcQJ9sqm0w,우병일 TV,10,0
UCi40bauGJYSzn9XLoTsWY0w,진제사 진제스님,10,1
UCi5_3sZfbjXV_iZlgTywcIA,010.7202.0675 TV칠성정사,10,0
UCi7PPyLcfBVHPx1734pgV7g,K-Muslim Family,10,0
UCi7rUWlYC_S0-MHfhLZgfCQ,박시은 진태현 작은 테레비,10,1
UCiCpaaeB5xTn3x2sMh5gmlQ,예술교회,10,0
UCiEKCXdvTP8kOE2KGJpasPA,SIB 불교교육방송,10,1
UCiGeWRkwZJL1ZH_1ImaZwmg,경남TV - 경상남도 공식 유튜브,10,0
UCiHDvTX-bADmo9fDE4wApTw,"열방제자교회,강한용사들TV",10,0
UCiNarmdxvjYmkpmnt8yRYsg,강남중앙교회,10,1
UCiOrOk3NQGW2GafvjLJknMA,KST by The Korea Times,10,1
UCiVx0Mx7xYf05qB6Z-xwfew,이종인Tv,10,0
UCiWnCbb9k3ZbirIIbwncjrw,지릿지릿,10,1
UCiYdsZBKOxhTpARXdetfpaw,레전드사연맛집,10,1
UCia6ZMGmi67OTVcl5-hlvaw,고수의 생각,10,0
UCiaz5apWE3XBKRTAqBsx-zw,오세훈TV,10,1
UCipqVC1m5yUnltS6kJxa9SQ,피안가는길 (the way to nirvana),10,0
UCiyZpjKmMWdOZzKKMmLqK1Q,그사랑,10,0
UCj-Zu_tGHGy2U4iHN87xefA,JUTV,10,1
UCj1UYz0tDaoBVd8fLpI9Qeg,나빨TV,10,1
UCj2pbscMrEhydLnM8k0zQyw,Bandi,10,0
UCjBniflu825j2zTJK_g_X7g,신바람티비,10,1
UCjHPrYoxZnPlYohdMQYEL7A,할렐루야교회Hallelujah Community Church,10,0
UCjOkOfuW8z2mrFj6Tjelz-g,양시무스,10,1
UCjPqSbyqm5IZEoXu7I-KPag,KBS 히스토리,10,1
UCjTmeOhOtlG_V078xcPEOvg,기도외침,10,0
UCj_KDKEDgnXkeh0KlNpSL8A,인생튜브,10,1
UCjbKlfGfaF_1ALgFl8jk2hg,전수미TV,10,1
UCjcARtURtpSmaMV8rUKBCQA,해신암,10,0
UCjgM7Q280TRWOHmDT6Nr34A,탑골사연공원,10,1
UCjtn2Aj0wYdXSYclpveLnjg,꼬순이네,10,1
UCkAxDKuQCVZoRZDJt9C9AgA,역사의 비밀,10,0
UCkFUVhhHLvyGIKuXOrp-Lkg,조국의봄,10,1
UCkOkgVhksDPR3vdCjflq2aQ,운정참존교회,10,1
UCkQ3ZTwqQhKn9-Cfvpd4FqQ,묵상코치,10,0
UCkQrKFfd2Mrj58aTCm82MLw,굿네이버스_official,10,1
UCkSn8pe3mqOw9Ch3UW2RXBg,연희신궁,10,0
UCk_wbRpseBwMr32EhkFaDdw,석만tv,10,1
UCkdZR7sBajCG_-oiZt6kj6A,궁금한 Y,10,1
UCkmESE_2S-6rtHAPmAWFTwQ,예언과 해석,10,0
UCkoVP0f0H5ZvXkvN8RypKNw,장경동 티비교회 Chang Kyung Dong Media Church,10,1
UCkvN1F1z-3Ck-miZn-jupSg,이데닉 라이프 Edenic Life,10,0
UCky3SPg9kg32B-jdZ8VVWpA,히즈윌 HisWill Official,10,0
UCl0-6OJUDhsmAuK2mXvz2cg,땡초스님TV,10,1
UCl6GW0nhB6UIL05h2oF3vRA,해양경찰청,10,0
UCl6pOT9s-CKnCY3rKNxH9qw,한시간야담,10,0
UCl6s8dwzB15Y_1Px2fQ4DyQ,정치숏컷,10,1
UClEbJ_3EMk26pJ3Qun7QRMw,전쟁기념사업회,10,0
UClH3vRBs9ZgIAlBs7iQ6-8A,이용우TV,10,1
UClMEQRaRCEubR_wmxdwHqqg,Кайрос ТВ,10,0
UClVYZXBtUkebR7oKAqmTZ0w,품격있는하루,10,0
UCleQoiUFmXaqlPu_GSzRNww,안디옥교회 Antioch Church,10,1
UCleQy_Mav1ywNYA41o4pRwQ,새로운교회,10,0
UClfnwyDy1janeAYc4Pssk8g,인사이트 뷰 TV 정치시사경제,10,1
UCljnbFCt-4doBr7wtEIIbbw,김용민TV,10,1
UCln6LFElpRH6Kyh0miuEvMQ,감동한조각,10,1
UClvQiB_TfCBHtEPDQ4TW-gg,Danye Sophia,10,0
UClvT0GWxHHznabonSbWf7cg,국가보훈부,10,0
UClx1myM2XDI1Kl7ZOOMm3FA,민성사무당하림,10,0
UCm9_2M7vqqMn_Xt0dN8IbEQ,[성서연구원],10,0
UCmAku6STQvTSyx6oojMfa1A,엠페의 트레저빡스,10,0
UCmCm79R7kC5wcK_5vYUNeVA,일월신궁 자연보살,10,0
UCmDH7_qQUCjEy406-51F1lg,속보이는이야기,10,1
UCmJhtlywGmlfM2BbqQagX2A,지공선사TV,10,1
UCmPed_ZXgUH7dN8t5BwQrEg,안성은광교회,10,0
UCmTlIBDbE9FvcAzthJzPnAA,발견,10,0
UCmbkCrQVOX6XXz7b3IHJ_iA,돌고 도는 시월드,10,0
UCmkOpe3VTehtoIVUuHvdhOw,정영진의 나쁜질문,10,1
UCmkTYZWN8YjRf7QUwKGc-3Q,변변TV 이혼전문여성변호사 변경민,10,1
UCmpN9RxY8mnJtoQCXrOyRmA,굿피플,10,1
UCn08VTUFQU0YVTPjZub6nXA,역쟁이TV,10,0
UCnLVodHhzl0Ok1HNC4k-9YQ,믿음의 이야기,10,0
UCnPG3kj0a_yls_LWRrTSewA,한방언니,10,1
UCnRdHj745lc1tQP_gDR8YdQ,광주교회 Official,10,0
UCnRltuVaGEN7HFD6Xf7UPTg,평안과위로 Peace and comfort,10,0
UCnadEa_q_nXTpgEDNRWlbaA,알고싶은 이야기 J,10,1
UCniNGWJbEuzHvqfiePC5GKw,이삿갓,10,1
UCo2DxwO50c5W63oaS3HW-IQ,북한이야기TV,10,0
UCo4fLlpMKSaq_jgp7xW0BMA,미제사건 미스터K,10,0
UCo4mWF_AmP2u9UsGLEuA8gw,왓더캅,10,1
UCo6KgIt3eNaG6ugl6z2eBxA,작은형제회-프란치스코회 OFFICIAL,10,0
UCoFnzdoqp9wFGKCs62-48fg,우애국tv,10,1
UCoFvuvMlEPICy1ClmlgzA4g,박주민TV,10,1
UCoMw-WG9r7YTQQ7Ep8s-R0w,차길영의 신앙 교육칼럼,10,1
UCoQD2xsqwzJA93PTIYERokg,델리민주 [더불어민주당],10,1
UCoRGlo0c2iLO6E11O4TFyPw,큐티엠,10,1
UCoZV4nxgJnn-6w9dZMvDDgQ,정유나TV,10,1
UCoasowahM0evdJXbh5GFYoA,무당이,10,1
UCoeG4QtnNXXeMEU94cUBihA,국가인권위원회,10,0
UCoiydSu2BG9axZmoY8zpQrg,채널M,10,1
UCoorELrgYg5UqrKBqcUQZXg,백두야담,10,0
UCoreZRRtVpu521wZNJWfUqQ,국방부 - ROK Ministry of National Defense,10,1
UCp-qEsEB9INBU8pHykJSNuQ,노태정,10,1
UCp72hyxeYtcll_gVKs91sxw,갈상돈TV,10,1
UCpK4JNxTCGmeS4389c2KR9g,코리아짱,10,1
UCpOct2MyFowe8wTCB4CGzEA,암프로빌리지 : 성모꽃마을,10,0
UCpPZmot80YDHKd8zm2_evyg,이낙연TV,10,1
UCpXjV9ljdj1mwr2BJ-2r62w,테리우스마이,10,1
UCpeD0mJAezRBRPieCBzV-Kg,빨대포스트,10,1
UCpjCseYRqBXGLdOXWw8K1pg,열린교회,10,0
UCpxeSKncIk1Dv0UJbyx7G6Q,반지하 유정수,10,1
UCq2FJpctqsM_WsApFMvr4nQ,세라보살,10,0
UCq4IYvIXWeoEaNxSgxBqKww,덕분TV,10,1
UCq8aYAGVTCKkBDos4PnIwkA,길튼교회,10,1
UCqCqf21juyyL_8peGs2CWGg,새롭게하소서CBS,10,1
UCqJAAEXFXZqlwfe-_pgQm7A,현장소속 김종민,10,1
UCqN5A4KMovqcg6sAdMM63Fw,해천당 이도령,10,0
UCqUi5uLJN3VzyBsn4rJtRaA,文睿TV,10,0
UCq_sQk_0Tf5VwxPuptKInXQ,문희정의 국제정치,10,1
UCqiK2ueYzLrH-7TlxM9kQ2Q,서울드림교회,10,0
UCqi_9xjH1cK7C1o9x-zrF6A,ZOA,10,0
UCqo701psl90ou0bQOADLqyQ,chungwoon church,10,1
UCquoY7mZYzen5TDY3Bep8uA,RUTCTV,10,1
UCquq5sz9cHmSNIShEBVK4MA,보수미,10,1
UCqvF3VofCFaWO1N91DS-uyw,Korean Lens,10,0
UCr-KZJW-vlmAnfjUw56Jsrg,오박사 솔루션,10,1
UCr-SiBaekrT9PGNkNv_eeGg,안전한국훈련,10,0
UCr0vA_DXKO5mrc3g7eIsTvg,설교듣기,10,1
UCr5N0dZhCauS9qEmryjHY0w,당진시,10,1
UCrHycAyeEO7M8QwkIJB1dAQ,말씀리뷰,10,1
UCrIBGe2V01x4KMe8r_nPRlQ,감동대한민국,10,0
UCrLT0MVvKlDjhN5V9MKt39Q,구슬동자윤도령,10,0
UCrXO1ihw1Bg81mgLFDwXl4Q,석디터,10,1
UCraFvs6dqAMkWgxuZUVrlgg,감성대디 Dennis,10,1
UCri0m81wzUNH5Euw-D9E3CA,안산 주님의 교회,10,0
UCris9QMbviXz-Zh__wA4JFA,한동훈,10,1
UCrmV7fabwU59QR1YUsg4I5g,NC문화재단,10,1
UCrvk-ou3xpqP8cJsekpeRTQ,이언주,10,1
UCryNZ5KZZlZPaW02cc5K-pw,불꽃뉴스tv,10,1
UCsHZdZXPuHKhMhSHeVyCMmg,전설이야기꾼,3,0
UCsIvXMp-dXksyQ9wrj7o-ZQ,대통령경호처,8,1
UCsQ04jYF1mxuzVlMVVPR62Q,더메시지랩The Message LAB,10,1
UCsRUxc7mcOchfVPQmdP-miQ,너만몰라TV,10,1
UCsU3fr78Lyzjp2RGLoQIdbw,생존연구소 [동심파괴],10,0
UCsfJejqyYnEz2NchNfIcMjw,안양갈멜산금식기도원,10,0
UCsgbn3nQIbc0SIohzR64uGw,깨시연TV.깨어있는 시민연대,10,1
UCsu6SMg39zIcmyDcxL5RbJA,홍당무계,10,1
UCt3YddAGOURQyG4rifm56Bg,매거진동아,10,1
UCt77qfhriWeDMbSNft8bdHQ,정준희의 해시티비,10,1
UCtTFREOPRVXkdLAE5lqhFHQ,rosario이상각 신부,10,1
UCt_y0PzZB9hMB9lic0bm8Wg,AdQUA interactive,10,0
UCtdZvDm8VSjucp9ZRezb8tg,정치소담,10,1
UCtgC6peRCMRx2K2Vipockiw,The Message 더 메시지,10,1
UCthvY96ExzLeuyfSpG_yKcA,해결하는 변호사 송현영,10,0
UCtkcLbPdsMg018xOAU7kGdA,조제돌,10,0
UCts2a1lKJJKjUowGJkSmmgA,온리원 사회역사 윤미(윤언니의 미라클 채널),10,1
UCttP8RTpeP0v2sWsyXNb6nw,"그 시절, 역사 속",10,1
UCtuttLmsvrP07POlXPOD5GQ,심은의 우리그림 Korean Painting,10,0
UCu-1ENoajw23ec9ItPw0WcA,인싸it,10,1
UCu5Xmf25CLa6h9XkqtPC9OA,Togen,10,1
UCuNHpwi2p6Pkocfx9J8rKpw,성모울타리,10,1
UCuO5x2_6tHMfnPW-i43zl6g,신승목 TV,10,0
UCuUuExDFAwfJiTmAR7m1ryw,불교방송 용화미륵부처님 TV,10,0
UCuWebi6hqVRFsvb6UmWr9Qg,대구동신교회,10,1
UCu_kTdeO4oLvj62QMkDNLXA,문학광장,10,1
UCudezj2i6R94QOPqGJhbZwg,뉴사이드,10,1
UCulPhWtT5bXqf93rByMJgIw,가양제일감리교회,10,1
UCul_vrsVKqanG_vsLMkMPHg,제니 사탐,10,1
UCundQNi3sRRRdqAbiyEi-vw,미추홀구 미추홀릭TV,10,1
UCut6IYr1onGbgOCsjIV0a7Q,도그왜,10,1
UCutZ0BY-hJHq6bKV2a6SuqQ,하늘비전교회,10,1
UCutn72ZORxRfKpMaLwF9QhQ,BIBLE TRIP,10,0
UCv923HGDWMBrnHpC-dkQ3hQ,시사의품격,10,1
UCvBT2nke3xIMhq_ol7GFF3w,히든바이블,10,0
UCvEbmWiQa7SDft9pb_GocgQ,노후의 빛나는 지혜,10,1
UCvGO8vT_oklXTssireAiaOQ,괴들남 공포이야기,10,1
UCvb6BSXZT111ViDj84in9XA,Brotherhood,10,0
UCvbEMmhumw7AVSG2HH7GPJQ,김도학사주연구소,10,1
UCvbex9jMX6WqPOcZt8DGDhg,가톨릭신문,10,1
UCvdCk4mYU_SIkL-rQfoteTQ,생명의말씀선교회 평택교회,10,0
UCvsw6d2J-EjDaLsO3z3X8vw,무한열정,10,1
UCw1MmZNOe3GQXr3yMaEANxA,여의덕,10,1
UCw1NaP2FmWAqIS7AvhnJh6A,홀라이프워십 | Whole Life Worship | WLWorship,10,1
UCwFZv_VXCqzxDbjae8FSwJA,주판만신송화,10,1
UCwRFj9gC3meixU8fqKJdgxA,"외교부 Ministry of Foreign Affairs, Korea",10,1
UCwWXZfDeguSG_J79vsPXvOA,구슬동자 윤도령,10,1
UCwXOKS-z1t9u6Axmm3blXug,머니그라피 Moneygraphy,10,1
UCwXeKxnVMcKz-qr6s4nWzIQ,이거 누가 만들었어?,10,0
UCwg1mSaYYvY4zzxyCnjgo7A,한성교회 Happy People,10,1
UCwh5HmK0Xv5DwsvhsUMQOWQ,수협 공식 유튜브 채널,10,1
UCwlf6E2f3b2ddE1Y8GjKq4w,우국이세 월명스님,10,0
UCwowHefoB0EgAzIwqrR6EBA,CLTV,10,1
UCwveIdEMHbjLxkg2dbPCHsQ,작심삼일비디오일기,9,1
UCx1JYOy9Y4MujQyy5qwZKtw,중앙성결교회,10,0
UCx1k4PW-NXZU0pG2LAUKlUg,기도명언,10,0
UCxA8J3oAkhdKp6MKP5rTRQA,"ASEZ WAO, World Mission Society Church of God",10,0
UCxJXnm8uFSlDkjWy_ATl81A,지광스님의 운수대통,10,0
UCxOhqGd44wVu3Ec52D9Ek1Q,테힐라TV,10,0
UCxV6HwAqpzkAN1J2s9LolgQ,중국어로 [路],10,1
UCxWZbyZ-UhohFp3BYNh2d7Q,국가유산청 Korea Heritage Service,10,0
UCxfO1RnUDcJ3cMC-KTABfMQ,반석 위에 세운 집,10,1
UCxkXXExUN4vS4vPQFwQttZA,코리안드림 포커스 | Korean Dream Focus,10,1
UCxlQATl5nDMyXLZ2CshFksw,어게인tv,10,1
UCxpCUGw1ESBlYWrI57RqoGg,연세중앙교회 Yonsei Central Church,10,1
UCxvgq-uXoyo5_fWX0VejURA,한국사 이야기,10,0
UCy-iyBvtLsdYNWi_309NHzw,하늘팟 skypod,10,0
UCy6YWM7Pay4N5EesNEbTHwA,두레마을TV,10,1
UCy7i39UNvHunRZ4xXukP3aQ,부추연TV,10,0
UCyBasF9bs6pM7G1fxKluIMA,더푸른교회,10,1
UCyFQ_ltNR2STsc7YNNyzUjA,우리들의 생활정치,10,1
UCyMOXcrCUlQWHWjMhqHc8Rw,chanmi worship 찬미워십,10,0
UCyNsQI4_mdsaH3ECL8-w19Q,하현재TV,10,1
UCyXVnJijxHsBrzN9AAZ-Yxw,리움미술관,10,1
UCyXlZdeDbrTlyEFDQJ8xnug,정치끝장전,10,1
UCygKTjdV8ULvNT2cPANTE9A,Church of God TUBE,10,0
UCyhpoJjpnNeAtD_zfVuS5LQ,인천 정안신당,10,1
UCzB6hqKC3euluK0rjtdmdQQ,우리공화당LIVE,10,1
UCzGAd8pF5Je7DiXblqzhNkA,이화꽃대신,10,0
UCzJ76XXo-8n_h7OP1_rDu7w,대박뉴스tv,10,1
UCzSGltgUpGXFY_UgRDGaLaQ,라이트하우스무브먼트 LighthouseMovement,10,1
UCz_5gFCVa5tBRlJmU0VYuRA,말씀앤조이,10,1
UCzbKzE-cQKgeC0sZLylcWkA,이소연TV,10,1
UCzfheU-SqElfaQXwOzv8yGA,신지우 shinjiwoo,10,1
UCzi349JjwyrDhMXyGLQTQmQ,달빛선율,10,0
UCzjCoCi2g2_kWhQusUOYF5w,국립현대미술관 MMCA,10,0
UCzv5MFX6-pU5n58eJtHuEbA,여의도블루스,10,1
UCzzi8ZcCaWc5O3jc_IuB97A,NEWSONG STREAMING WMSCOG,10,0
