channel_name,channel_id,video_id,target_age,title,published_at,duration,duration_sec,thumbnail_path,thumbnail_url,youtube_watch_url,is_short_auto,short_reason,is_short_manual,short_check_note,is_short_final
Dadacafe다다카페,UCz8X5F5Zp18WS7vdW0jwVIA,1JOXw9WUIrg,18-24,"Spend a slow day with me ✨ | 건강하게 먹고, 천천히 사는 하루 with 요가원 🧘🏻‍♀️",2026-03-07T12:00:03Z,PT8M40S,520,thumbnails/Dadacafe다다카페/1JOXw9WUIrg.jpg,https://i.ytimg.com/vi/1JOXw9WUIrg/hqdefault.jpg,https://www.youtube.com/watch?v=1JOXw9WUIrg,False,,,,False
Dadacafe다다카페,UCz8X5F5Zp18WS7vdW0jwVIA,t5b_xCsyAUE,18-24,1월을 더 좋게 만들어준 것들 | my favs from january 🌊🥣,2026-02-17T11:01:23Z,PT5M36S,336,thumbnails/Dadacafe다다카페/t5b_xCsyAUE.jpg,https://i.ytimg.com/vi/t5b_xCsyAUE/hqdefault.jpg,https://www.youtube.com/watch?v=t5b_xCsyAUE,False,,,,False
박치열의 코멘터리,UCS1EqlF3NbRsn1rfWL_7_qA,hydfTP134Bo,18-24,"성형외과 말고, 이비인후과에서 보는 리투오 효과 총정리!",2026-03-19T09:00:59Z,PT8M2S,482,thumbnails/박치열의코멘터리/hydfTP134Bo.jpg,https://i.ytimg.com/vi/hydfTP134Bo/maxresdefault.jpg,https://www.youtube.com/watch?v=hydfTP134Bo,False,,,,False
박치열의 코멘터리,UCS1EqlF3NbRsn1rfWL_7_qA,VHebBJJu-z4,18-24,재수술 끝판왕 '들창코'를 완벽하게 내리는 기술,2026-03-12T09:00:48Z,PT9M,540,thumbnails/박치열의코멘터리/VHebBJJu-z4.jpg,https://i.ytimg.com/vi/VHebBJJu-z4/maxresdefault.jpg,https://www.youtube.com/watch?v=VHebBJJu-z4,False,,,,False
머라클 MURACLE,UCfmYdGYK5yZkXehmxKsaLRw,iksR3iZ-JaI,18-24,[🔥다이어트 종결🔥] 다이어트 마녀스프 뭐 먹을지 고민된다면⁉️ 쿠팡💜컬리 마녀스프 인기템 다 모았다!! 다이어트 마녀스프 집중 비교 분석👀마녀스프 이제 간편하게 먹어요~!,2026-03-17T10:01:13Z,PT15M6S,906,thumbnails/머라클MURACLE/iksR3iZ-JaI.jpg,https://i.ytimg.com/vi/iksR3iZ-JaI/maxresdefault.jpg,https://www.youtube.com/watch?v=iksR3iZ-JaI,False,,,,False
무브나 Movena,UCTDFr-lur2d3dNBRwF0N_HA,PCbbwZ6kgV8,18-24,초고도비만 다이어트는 현재 진행 중 (19~25일차),2026-03-04T09:59:40Z,PT10M30S,630,thumbnails/무브나Movena/PCbbwZ6kgV8.jpg,https://i.ytimg.com/vi/PCbbwZ6kgV8/maxresdefault.jpg,https://www.youtube.com/watch?v=PCbbwZ6kgV8,False,,,,False
무브나 Movena,UCTDFr-lur2d3dNBRwF0N_HA,kWHyeas8WKQ,18-24,하루하루 버티는 초고도비만 다이어트 브이로그 (15~19일차),2026-02-15T14:08:26Z,PT6M57S,417,thumbnails/무브나Movena/kWHyeas8WKQ.jpg,https://i.ytimg.com/vi/kWHyeas8WKQ/maxresdefault.jpg,https://www.youtube.com/watch?v=kWHyeas8WKQ,False,,,,False
무브나 Movena,UCTDFr-lur2d3dNBRwF0N_HA,8qpS9bUn9NU,18-24,배달과 멀어지는 중｜집밥으로 다이어트하는 초고도비만 –60kg 감량 도전기 (11~15일차),2026-02-06T16:42:04Z,PT10M56S,656,thumbnails/무브나Movena/8qpS9bUn9NU.jpg,https://i.ytimg.com/vi/8qpS9bUn9NU/maxresdefault.jpg,https://www.youtube.com/watch?v=8qpS9bUn9NU,False,,,,False
헨티야 살빼야지,UCu6rbZ120HokurXiqnLUcOA,h-KiLnLvFbU,18-24,다이어트 곧 3달 차 병원 다녀오고 치킨 먹기,2026-03-21T00:45:08Z,PT2H39M26S,9566,thumbnails/헨티야살빼야지/h-KiLnLvFbU.jpg,https://i.ytimg.com/vi/h-KiLnLvFbU/maxresdefault.jpg,https://www.youtube.com/watch?v=h-KiLnLvFbU,False,,,,False
헨티야 살빼야지,UCu6rbZ120HokurXiqnLUcOA,OFDed0suBsk,18-24,초고도 비만의 다이어트 치팅.. 역대급 행복 먹방,2026-03-11T14:36:05Z,PT14M26S,866,thumbnails/헨티야살빼야지/OFDed0suBsk.jpg,https://i.ytimg.com/vi/OFDed0suBsk/maxresdefault.jpg,https://www.youtube.com/watch?v=OFDed0suBsk,False,,,,False
헨티야 살빼야지,UCu6rbZ120HokurXiqnLUcOA,U6TLfJzzaJw,18-24,야채 안 먹는 초고도 비만의 112kg 탈출기.. 놀라운 근황,2026-02-18T14:31:12Z,PT6M50S,410,thumbnails/헨티야살빼야지/U6TLfJzzaJw.jpg,https://i.ytimg.com/vi/U6TLfJzzaJw/maxresdefault.jpg,https://www.youtube.com/watch?v=U6TLfJzzaJw,False,,,,False
헨티야 살빼야지,UCu6rbZ120HokurXiqnLUcOA,aNMHf1MGU1Q,18-24,초고도비만.. 치킨집 사장님이랑 싸웠습니다,2026-02-06T16:00:36Z,PT8M51S,531,thumbnails/헨티야살빼야지/aNMHf1MGU1Q.jpg,https://i.ytimg.com/vi/aNMHf1MGU1Q/maxresdefault.jpg,https://www.youtube.com/watch?v=aNMHf1MGU1Q,False,,,,False
다이어터윤,UCjf97H7AtbVfrX8-35Z302Q,g0vuzIsTwVU,18-24,"기다려주신 분들께, 영상이 늦어진 이유",2026-03-02T01:05:22Z,PT3M16S,196,thumbnails/다이어터윤/g0vuzIsTwVU.jpg,https://i.ytimg.com/vi/g0vuzIsTwVU/maxresdefault.jpg,https://www.youtube.com/watch?v=g0vuzIsTwVU,False,,,,False
다이어터윤,UCjf97H7AtbVfrX8-35Z302Q,71fTg0TlJOQ,18-24,-23kg 건강한 다이어트 vlog. 유지어터 식단과 운동 루틴. 내 하루를 밝고 건강하게! 🧚🏻🤍,2025-11-23T01:50:35Z,PT17M53S,1073,thumbnails/다이어터윤/71fTg0TlJOQ.jpg,https://i.ytimg.com/vi/71fTg0TlJOQ/maxresdefault.jpg,https://www.youtube.com/watch?v=71fTg0TlJOQ,False,,,,False
유어리아 your ria,UC9KoN-Yb1swVddjsezLegxA,Eoea5szQE24,18-24,탈색하구 머리정병 고쳐떠욤 ㅎ.ㅎ 슬라임 사자마자 이불에 흘림 💥;;; 일주일 브이로그 • 일상 브이로그 • 직장인 브이로그,2026-03-21T06:24:09Z,PT13M44S,824,thumbnails/유어리아yourria/Eoea5szQE24.jpg,https://i.ytimg.com/vi/Eoea5szQE24/maxresdefault.jpg,https://www.youtube.com/watch?v=Eoea5szQE24,False,,,,False
유어리아 your ria,UC9KoN-Yb1swVddjsezLegxA,dgojdBRUEug,18-24,𝐕𝐥𝐨𝐠.  ˗ˏˋ 덤벼 세상아 …. ˎˊ˗  머리 정병옴 ☠️ ; 일주일 브이로그 • 일상 브이로그 • 직장인 브이로그,2026-02-25T15:33:17Z,PT13M19S,799,thumbnails/유어리아yourria/dgojdBRUEug.jpg,https://i.ytimg.com/vi/dgojdBRUEug/maxresdefault.jpg,https://www.youtube.com/watch?v=dgojdBRUEug,False,,,,False
유어리아 your ria,UC9KoN-Yb1swVddjsezLegxA,tqGjtZV76Gw,18-24,𝐕𝐥𝐨𝐠. 일 열심히 하는 🐜 입니담 ᶻ 𝗓 𐰁  일주일 브이로그 • 일상 브이로그 • 직장인 브이로그,2026-02-11T13:42:19Z,PT13M38S,818,thumbnails/유어리아yourria/tqGjtZV76Gw.jpg,https://i.ytimg.com/vi/tqGjtZV76Gw/maxresdefault.jpg,https://www.youtube.com/watch?v=tqGjtZV76Gw,False,,,,False
유어리아 your ria,UC9KoN-Yb1swVddjsezLegxA,vO5Lomruky4,18-24,𝐕𝐥𝐨𝐠. 레전드 몸무게 찍음 .. ☠️ 그리구 감기 걸려떵 🤒 일주일 브이로그 • 일상 브이로그 • 직장인 브이로그,2026-02-03T14:18:19Z,PT16M45S,1005,thumbnails/유어리아yourria/vO5Lomruky4.jpg,https://i.ytimg.com/vi/vO5Lomruky4/maxresdefault.jpg,https://www.youtube.com/watch?v=vO5Lomruky4,False,,,,False
유어리아 your ria,UC9KoN-Yb1swVddjsezLegxA,qOiykdCIxTk,18-24,𝐕𝐥𝐨𝐠. 나 두쫀쿠 집 딸래미 .두쫀쿠 맨날 먹는다🧆 .  권력 있디 ㅋ   일주일 브이로그 • 일상 브이로그 • 직장인 브이로그,2026-01-22T11:51:11Z,PT16M18S,978,thumbnails/유어리아yourria/qOiykdCIxTk.jpg,https://i.ytimg.com/vi/qOiykdCIxTk/maxresdefault.jpg,https://www.youtube.com/watch?v=qOiykdCIxTk,False,,,,False
닥터로미의 성형노트,UCO_MXYZzB5vNkdcCWUXz5Rg,OqcXFTlgZHo,18-24,성형외과 전문의가 지인 수술을 꺼리는 진짜 이유,2026-03-20T09:00:37Z,PT6M13S,373,thumbnails/닥터로미의성형노트/OqcXFTlgZHo.jpg,https://i.ytimg.com/vi/OqcXFTlgZHo/maxresdefault.jpg,https://www.youtube.com/watch?v=OqcXFTlgZHo,False,,,,False
닥터로미의 성형노트,UCO_MXYZzB5vNkdcCWUXz5Rg,ZdLs0t5-jos,18-24,눈매교정 해도 눈은 더 답답해지는 이유 | 중3 남학생이 '이마거상'을 받아야만 했던 사연,2026-03-10T11:01:03Z,PT9M58S,598,thumbnails/닥터로미의성형노트/ZdLs0t5-jos.jpg,https://i.ytimg.com/vi/ZdLs0t5-jos/maxresdefault.jpg,https://www.youtube.com/watch?v=ZdLs0t5-jos,False,,,,False
에이핏,UCRGZCFuFCwp2D_YKByrqRfw,OmAUBStOprE,25-34,"⭐9년째 41kg 유지하며 알아낸 ""가장 효율적인 마름 공식"" (체지방률 10.5%, 생리함⭕)",2026-03-09T09:00:00Z,PT11M4S,664,thumbnails/에이핏/OmAUBStOprE.jpg,https://i.ytimg.com/vi/OmAUBStOprE/maxresdefault.jpg,https://www.youtube.com/watch?v=OmAUBStOprE,False,,,,False
에이핏,UCRGZCFuFCwp2D_YKByrqRfw,9AEYEHbrpk0,25-34,"❤️‍🔥의지 박약 환영!!❤️‍🔥 딱 10분만 따라하면, 내일 몸무게가 달라집니다. NO반복/NO휴식/NO층간",2026-03-02T09:29:54Z,PT10M36S,636,thumbnails/에이핏/9AEYEHbrpk0.jpg,https://i.ytimg.com/vi/9AEYEHbrpk0/maxresdefault.jpg,https://www.youtube.com/watch?v=9AEYEHbrpk0,False,,,,False
에이핏,UCRGZCFuFCwp2D_YKByrqRfw,nHYv58-zOjs,25-34,⭐️급찐급빠 성공률 200%⭐️ 연휴 동안 많이 먹었니? 칼로리 대폭파 Zone2 HIIT 30분 🔥,2026-02-19T09:30:01Z,PT30M24S,1824,thumbnails/에이핏/nHYv58-zOjs.jpg,https://i.ytimg.com/vi/nHYv58-zOjs/maxresdefault.jpg,https://www.youtube.com/watch?v=nHYv58-zOjs,False,,,,False
에이핏,UCRGZCFuFCwp2D_YKByrqRfw,CfWjgJiFtfM,25-34,"⭐호르몬 잡는 진짜 방법!!⭐ PMS, 질염, 당폭식 이렇게 쉽고 간단하게 해결할 수 있다니..😮",2025-12-29T09:29:52Z,PT22M12S,1332,thumbnails/에이핏/CfWjgJiFtfM.jpg,https://i.ytimg.com/vi/CfWjgJiFtfM/maxresdefault.jpg,https://www.youtube.com/watch?v=CfWjgJiFtfM,False,,,,False
에이핏,UCRGZCFuFCwp2D_YKByrqRfw,uLMJ9WtJPPQ,25-34,🔥부유방/팔뚝살/겨살 소멸루틴🔥여자 덤벨운동 10분 홈트 (상체 기본루틴💪🏻),2025-12-22T09:29:58Z,PT10M34S,634,thumbnails/에이핏/uLMJ9WtJPPQ.jpg,https://i.ytimg.com/vi/uLMJ9WtJPPQ/maxresdefault.jpg,https://www.youtube.com/watch?v=uLMJ9WtJPPQ,False,,,,False
비니BINEE,UC8tr6-Eys0CjF9h-yAte9Gg,cBjQZtelkHI,25-34,"먹으러 떠난 나홀로 4박 5일 도쿄여행 🗼 또또간집 맛집과🍣 쇼핑 동네추천 | 편의점간식추천 | 지유가오카,스지노에카, | 도쿄 인생호텔 발견..✨",2026-02-11T09:01:01Z,PT33M13S,1993,thumbnails/비니BINEE/cBjQZtelkHI.jpg,https://i.ytimg.com/vi/cBjQZtelkHI/maxresdefault.jpg,https://www.youtube.com/watch?v=cBjQZtelkHI,False,,,,False
비니BINEE,UC8tr6-Eys0CjF9h-yAte9Gg,5l97YJIjHGY,25-34,"-10kg 감량한 유지어터는 아침에 뭘먹을까ㅣ건강빵 추천, 연말회고와 30대고민과 계획세우기",2026-01-23T14:00:31Z,PT12M48S,768,thumbnails/비니BINEE/5l97YJIjHGY.jpg,https://i.ytimg.com/vi/5l97YJIjHGY/maxresdefault.jpg,https://www.youtube.com/watch?v=5l97YJIjHGY,False,,,,False
닥터벨 DRBELL,UCdIdgmrsh3h40jvxDDbSu5Q,ldSDGqh_oKM,25-34,“운동 후에 오히려 살이 찐 것 같아요..😥  근육량이 늘은건가요 ? ”  운동 후 체중이 갑자기 늘어난 이유  l 운동 후 살찜현상,2026-03-19T11:19:14Z,PT23M8S,1388,thumbnails/닥터벨DRBELL/ldSDGqh_oKM.jpg,https://i.ytimg.com/vi/ldSDGqh_oKM/maxresdefault.jpg,https://www.youtube.com/watch?v=ldSDGqh_oKM,False,,,,False
제이제이살롱드핏,UCUsfRCHj5U1wAJEJiQpPLPw,kI5_JDK-Pbs,25-34,"(Live) 선생님들, 마운자로 진짜 괜찮을까요? feat. 닥터프렌즈 우창윤쌤",2026-03-18T13:08:51Z,P0D,,thumbnails/제이제이살롱드핏/kI5_JDK-Pbs.jpg,https://i.ytimg.com/vi/kI5_JDK-Pbs/maxresdefault_live.jpg,https://www.youtube.com/watch?v=kI5_JDK-Pbs,False,,,,False
제이제이살롱드핏,UCUsfRCHj5U1wAJEJiQpPLPw,m_5tV5q0iyY,25-34,일주일 30분 공복 웨이트를 했더니 생기는 일💪,2026-03-05T09:01:10Z,PT20M59S,1259,thumbnails/제이제이살롱드핏/m_5tV5q0iyY.jpg,https://i.ytimg.com/vi/m_5tV5q0iyY/maxresdefault.jpg,https://www.youtube.com/watch?v=m_5tV5q0iyY,False,,,,False
채찍단,UCV-h8UJ12Ed-pTi4_X9mDEA,0D0pmVb-UPA,25-34,단백질 쉐이크 vs 단백질 보충제 vs 단백질 음료,2026-03-02T10:10:45Z,PT3M3S,183,thumbnails/채찍단/0D0pmVb-UPA.jpg,https://i.ytimg.com/vi/0D0pmVb-UPA/maxresdefault.jpg,https://www.youtube.com/watch?v=0D0pmVb-UPA,False,,,,False
채찍단,UCV-h8UJ12Ed-pTi4_X9mDEA,h_k6nnPCld8,25-34,시중 제품들 압살하는 마프 개꿀템 모아봤습니다.,2026-02-01T09:51:38Z,PT3M58S,238,thumbnails/채찍단/h_k6nnPCld8.jpg,https://i.ytimg.com/vi/h_k6nnPCld8/maxresdefault.jpg,https://www.youtube.com/watch?v=h_k6nnPCld8,False,,,,False
채찍단,UCV-h8UJ12Ed-pTi4_X9mDEA,VpfT37O5WDg,25-34,프로팝스 설명회 : 371개의 질문 중 10개만 추려봤습니다.,2026-01-10T08:59:46Z,PT5M19S,319,thumbnails/채찍단/VpfT37O5WDg.jpg,https://i.ytimg.com/vi/VpfT37O5WDg/maxresdefault.jpg,https://www.youtube.com/watch?v=VpfT37O5WDg,False,,,,False
채찍단,UCV-h8UJ12Ed-pTi4_X9mDEA,wSboe6KJ6ME,25-34,"붓기 빨리 빼는법? 중요한 날 써먹으세요❤️ (결혼식, 증명사진, 모임)",2025-12-31T09:42:59Z,PT3M22S,202,thumbnails/채찍단/wSboe6KJ6ME.jpg,https://i.ytimg.com/vi/wSboe6KJ6ME/maxresdefault.jpg,https://www.youtube.com/watch?v=wSboe6KJ6ME,False,,,,False
채찍단,UCV-h8UJ12Ed-pTi4_X9mDEA,ZYfTflhCgv8,25-34,모셔놓고 먹어야 하는 단백질 보충제 모아봤습니다.,2025-12-30T09:08:03Z,PT4M33S,273,thumbnails/채찍단/ZYfTflhCgv8.jpg,https://i.ytimg.com/vi/ZYfTflhCgv8/maxresdefault.jpg,https://www.youtube.com/watch?v=ZYfTflhCgv8,False,,,,False
키다리형,UChWJavW1PbvAkPTcB06EeIg,NOlP2VQ7Bac,25-34,[260323] 189/91/6% 44세 마지막 벌크업 (다이어트 질문주세요),2026-03-23T05:56:56Z,PT3H4M,11040,thumbnails/키다리형/NOlP2VQ7Bac.jpg,https://i.ytimg.com/vi/NOlP2VQ7Bac/maxresdefault.jpg,https://www.youtube.com/watch?v=NOlP2VQ7Bac,False,,,,False
키다리형,UChWJavW1PbvAkPTcB06EeIg,v57IlKMbcXg,25-34,가장 빠른 근성장을 위한 초보자 운동루틴,2026-03-22T03:55:26Z,PT15M3S,903,thumbnails/키다리형/v57IlKMbcXg.jpg,https://i.ytimg.com/vi/v57IlKMbcXg/maxresdefault.jpg,https://www.youtube.com/watch?v=v57IlKMbcXg,False,,,,False
키다리형,UChWJavW1PbvAkPTcB06EeIg,ElwqysShjMQ,25-34,살빼기 위해 헬스장가서 절대 하지 말아야할 운동,2026-03-21T03:06:57Z,PT14M15S,855,thumbnails/키다리형/ElwqysShjMQ.jpg,https://i.ytimg.com/vi/ElwqysShjMQ/maxresdefault.jpg,https://www.youtube.com/watch?v=ElwqysShjMQ,False,,,,False
키다리형,UChWJavW1PbvAkPTcB06EeIg,JKduPqEz8lw,25-34,[260320] 44세 아재의 마지막 벌크업 (189/90/5%) 다이어트 질문주세요,2026-03-20T06:13:43Z,PT2H54M45S,10485,thumbnails/키다리형/JKduPqEz8lw.jpg,https://i.ytimg.com/vi/JKduPqEz8lw/maxresdefault.jpg,https://www.youtube.com/watch?v=JKduPqEz8lw,False,,,,False
FitBurst,UC00-W8j2qHJy83ONqoaM5xQ,MuJxmrRL9Gc,25-34,🔸1 Week Gym Routine | 5-Day Split for Muscle Growth #weeklyworkout #gymtips #fitnesstips,2026-03-19T15:00:41Z,PT7M18S,438,thumbnails/FitBurst/MuJxmrRL9Gc.jpg,https://i.ytimg.com/vi/MuJxmrRL9Gc/hqdefault.jpg,https://www.youtube.com/watch?v=MuJxmrRL9Gc,False,,,,False
고운,UCermBTTTr559dzLc0QMlTSQ,xQSclj3rgtY,25-34,20260323 라이브 | 다이어트 QnA,2026-03-23T11:57:07Z,P0D,,thumbnails/고운/xQSclj3rgtY.jpg,https://i.ytimg.com/vi/xQSclj3rgtY/maxresdefault_live.jpg,https://www.youtube.com/watch?v=xQSclj3rgtY,False,,,,False
고운,UCermBTTTr559dzLc0QMlTSQ,4sgFLmCsKto,25-34,대사 회복을 위해 5년간 매일 하고 있는 것 | Diet QnA,2026-03-21T10:19:30Z,PT11M29S,689,thumbnails/고운/4sgFLmCsKto.jpg,https://i.ytimg.com/vi/4sgFLmCsKto/maxresdefault.jpg,https://www.youtube.com/watch?v=4sgFLmCsKto,False,,,,False
디어다빈_영양사의 다이어트,UC0NazDJj6HZnqXR9x9HiXEg,kaRhhSuSm8k,25-34,폭식 끊고 4주 만에 체중 감량한 다이어트 (디어마이바디 6기 모집),2026-03-11T01:28:47Z,PT4M5S,245,thumbnails/디어다빈_영양사의다이어트/kaRhhSuSm8k.jpg,https://i.ytimg.com/vi/kaRhhSuSm8k/maxresdefault.jpg,https://www.youtube.com/watch?v=kaRhhSuSm8k,False,,,,False
디어다빈_영양사의 다이어트,UC0NazDJj6HZnqXR9x9HiXEg,M2NqC__-2ns,25-34,"이탈리아인들은 절대 이렇게 안먹어요. 혈당, 체중 200% 효과 보는 제대로 된 방법(영양사의 활용법, 고르는 법, 추천제품까지 총정리)",2026-03-07T01:32:46Z,PT11M30S,690,thumbnails/디어다빈_영양사의다이어트/M2NqC__-2ns.jpg,https://i.ytimg.com/vi/M2NqC__-2ns/maxresdefault.jpg,https://www.youtube.com/watch?v=M2NqC__-2ns,False,,,,False
디어다빈_영양사의 다이어트,UC0NazDJj6HZnqXR9x9HiXEg,jiAqy-Ag2CM,25-34,제발 굶지마세요! 요요없이 다이어트 성공하는 7가지 루틴(아침 기상부터 취침 전까지 완벽 정리),2026-02-22T08:45:09Z,PT10M14S,614,thumbnails/디어다빈_영양사의다이어트/jiAqy-Ag2CM.jpg,https://i.ytimg.com/vi/jiAqy-Ag2CM/maxresdefault.jpg,https://www.youtube.com/watch?v=jiAqy-Ag2CM,False,,,,False
쿠크닥스: 멘탈 바사삭 클리닉,UCRU0BQP9sA2UAZYMsZdEyuA,vLtRoS8VXWg,35-44,"""나의 말투가 ADHD를 말해준다고?"" ADHD인 사람들의 말하는 습관 3가지ㅣ정신과 의사 조성우",2026-03-18T07:29:05Z,PT12M55S,775,thumbnails/쿠크닥스멘탈바사삭클리닉/vLtRoS8VXWg.jpg,https://i.ytimg.com/vi/vLtRoS8VXWg/maxresdefault.jpg,https://www.youtube.com/watch?v=vLtRoS8VXWg,False,,,,False
쿠크닥스: 멘탈 바사삭 클리닉,UCRU0BQP9sA2UAZYMsZdEyuA,nKoIa8-mjKk,35-44,여러분이 몰랐던 수양대군의 심리! 정신과 의사가 본 단종을 죽인 진짜 이유ㅣ조성우 원장님의 왕과 사는 남자 해석,2026-03-11T10:05:50Z,PT12M8S,728,thumbnails/쿠크닥스멘탈바사삭클리닉/nKoIa8-mjKk.jpg,https://i.ytimg.com/vi/nKoIa8-mjKk/maxresdefault.jpg,https://www.youtube.com/watch?v=nKoIa8-mjKk,False,,,,False
쿠크닥스: 멘탈 바사삭 클리닉,UCRU0BQP9sA2UAZYMsZdEyuA,M-NSEeyzdrg,35-44,“저 너무 불안한데 공황장애 맞죠?” 아닙니다! 공황장애는 ‘이걸’ 보면 알 수 있습니다.ㅣ정신과 의사 양용준,2026-03-04T10:22:36Z,PT11M17S,677,thumbnails/쿠크닥스멘탈바사삭클리닉/M-NSEeyzdrg.jpg,https://i.ytimg.com/vi/M-NSEeyzdrg/maxresdefault.jpg,https://www.youtube.com/watch?v=M-NSEeyzdrg,False,,,,False
쿠크닥스: 멘탈 바사삭 클리닉,UCRU0BQP9sA2UAZYMsZdEyuA,BddajebB_qg,35-44,지능이 높을수록 인간관계를 줄이는 이유ㅣ정신과 의사 양용준,2026-02-25T07:19:03Z,PT9M13S,553,thumbnails/쿠크닥스멘탈바사삭클리닉/BddajebB_qg.jpg,https://i.ytimg.com/vi/BddajebB_qg/maxresdefault.jpg,https://www.youtube.com/watch?v=BddajebB_qg,False,,,,False
쿠크닥스: 멘탈 바사삭 클리닉,UCRU0BQP9sA2UAZYMsZdEyuA,x7507DvqE4A,35-44,말 잘하고 똑똑한 아이가 자폐인 걸 알게 되는 과정ㅣ소아 정신과 의사 조성우,2026-02-19T07:20:39Z,PT15M28S,928,thumbnails/쿠크닥스멘탈바사삭클리닉/x7507DvqE4A.jpg,https://i.ytimg.com/vi/x7507DvqE4A/maxresdefault.jpg,https://www.youtube.com/watch?v=x7507DvqE4A,False,,,,False
재활의학과탑팀,UCWW--vYvkR604lbGg92J2_A,NEyPPBqV9bg,35-44,"[낙도행전] 탑팀X널핏: 섬마을 어르신들의 아픈 손가락을 어루만지다 2편, 여수 안도",2026-03-14T14:09:19Z,PT7M16S,436,thumbnails/재활의학과탑팀/NEyPPBqV9bg.jpg,https://i.ytimg.com/vi/NEyPPBqV9bg/maxresdefault.jpg,https://www.youtube.com/watch?v=NEyPPBqV9bg,False,,,,False
SOOD_Edward Park,UCEcL8vvX2V0z2nM8oXQVIeQ,KqzjzpsYMfk,35-44,스케일링 주기  이게 정답입니다!,2026-03-20T12:00:00Z,PT9M,540,thumbnails/SOOD_EdwardPark/KqzjzpsYMfk.jpg,https://i.ytimg.com/vi/KqzjzpsYMfk/maxresdefault.jpg,https://www.youtube.com/watch?v=KqzjzpsYMfk,False,,,,False
SOOD_Edward Park,UCEcL8vvX2V0z2nM8oXQVIeQ,9xbc3qV8gCg,35-44,"""재교정..이런 걸 고려하세요""",2026-03-13T12:00:00Z,PT10M4S,604,thumbnails/SOOD_EdwardPark/9xbc3qV8gCg.jpg,https://i.ytimg.com/vi/9xbc3qV8gCg/maxresdefault.jpg,https://www.youtube.com/watch?v=9xbc3qV8gCg,False,,,,False
두근두근홍닥터,UCryIerultxHgKoG4LgD9DNw,KY-WztTHc78,35-44,심근경색증에 스텐트는 왜 넣어요? 아스피린은 꼭 먹어야 해요? - 부산소방학교 5편,2026-03-13T22:00:22Z,PT8M23S,503,thumbnails/두근두근홍닥터/KY-WztTHc78.jpg,https://i.ytimg.com/vi/KY-WztTHc78/maxresdefault.jpg,https://www.youtube.com/watch?v=KY-WztTHc78,False,,,,False
두근두근홍닥터,UCryIerultxHgKoG4LgD9DNw,EGyintl4uDo,35-44,"당뇨병과 고지혈증이 왜 나쁘니? 포도당 주사, 올리브유는 몸에 좋다는데..부상소방학교 4편",2026-03-07T00:00:14Z,PT9M,540,thumbnails/두근두근홍닥터/EGyintl4uDo.jpg,https://i.ytimg.com/vi/EGyintl4uDo/maxresdefault.jpg,https://www.youtube.com/watch?v=EGyintl4uDo,False,,,,False
두근두근홍닥터,UCryIerultxHgKoG4LgD9DNw,aHvMUExIyeI,35-44,심뇌혈관 질환의 증상! 그리고 위험 인자들? | 부산소방학교 3편,2026-02-27T22:00:02Z,PT10M56S,656,thumbnails/두근두근홍닥터/aHvMUExIyeI.jpg,https://i.ytimg.com/vi/aHvMUExIyeI/hqdefault.jpg,https://www.youtube.com/watch?v=aHvMUExIyeI,False,,,,False
두근두근홍닥터,UCryIerultxHgKoG4LgD9DNw,tRkTym6klnw,35-44,협심증과 심근경색증은 뭐가 다를까? | 부산 소방학교 2탄,2026-02-21T06:19:17Z,PT11M56S,716,thumbnails/두근두근홍닥터/tRkTym6klnw.jpg,https://i.ytimg.com/vi/tRkTym6klnw/maxresdefault.jpg,https://www.youtube.com/watch?v=tRkTym6klnw,False,,,,False
두근두근홍닥터,UCryIerultxHgKoG4LgD9DNw,Tx7e0YVczJg,35-44,부산소방학교 신입생과 함께-심혈관질환 1탄,2026-02-13T02:30:07Z,PT10M19S,619,thumbnails/두근두근홍닥터/Tx7e0YVczJg.jpg,https://i.ytimg.com/vi/Tx7e0YVczJg/maxresdefault.jpg,https://www.youtube.com/watch?v=Tx7e0YVczJg,False,,,,False
에일린 mind yoga,UCKmEDAD5k5KFMcY5wvGIeGQ,JTV9DktTjxQ,45-54,유연함 + 탄탄함 동시에 만드는 요가 | 30분 전신 빈야사 요가,2026-03-23T11:00:35Z,PT31M49S,1909,thumbnails/에일린mindyoga/JTV9DktTjxQ.jpg,https://i.ytimg.com/vi/JTV9DktTjxQ/maxresdefault.jpg,https://www.youtube.com/watch?v=JTV9DktTjxQ,False,,,,False
에일린 mind yoga,UCKmEDAD5k5KFMcY5wvGIeGQ,yAD6oqZSUFE,45-54,"쌓인 피로를 풀어주는 요가 | 피로 회복 스트레칭, 운동 쉬는날 스트레칭",2026-03-16T11:01:45Z,PT23M54S,1434,thumbnails/에일린mindyoga/yAD6oqZSUFE.jpg,https://i.ytimg.com/vi/yAD6oqZSUFE/maxresdefault.jpg,https://www.youtube.com/watch?v=yAD6oqZSUFE,False,,,,False
에일린 mind yoga,UCKmEDAD5k5KFMcY5wvGIeGQ,Fv6X9kJez6Q,45-54,아쉬탕가 요가 맛보기 35분 | 주요 동작으로 수련하는 아쉬탕가,2026-03-09T11:00:22Z,PT37M6S,2226,thumbnails/에일린mindyoga/Fv6X9kJez6Q.jpg,https://i.ytimg.com/vi/Fv6X9kJez6Q/maxresdefault.jpg,https://www.youtube.com/watch?v=Fv6X9kJez6Q,False,,,,False
에일린 mind yoga,UCKmEDAD5k5KFMcY5wvGIeGQ,_S7ns8s_td4,45-54,"건강한 척추를 위한 요가 스트레칭 | 측굴 스트레칭, 척추 가동성 회복, 허리 요가",2026-03-02T11:01:40Z,PT22M39S,1359,thumbnails/에일린mindyoga/_S7ns8s_td4.jpg,https://i.ytimg.com/vi/_S7ns8s_td4/maxresdefault.jpg,https://www.youtube.com/watch?v=_S7ns8s_td4,False,,,,False
에일린 mind yoga,UCKmEDAD5k5KFMcY5wvGIeGQ,xNHLJvzEAMM,45-54,"굽은 어깨, 닫힌 가슴을 활짝 여는 요가 | 20분 상체 스트레칭 요가",2026-02-23T11:01:34Z,PT21M4S,1264,thumbnails/에일린mindyoga/xNHLJvzEAMM.jpg,https://i.ytimg.com/vi/xNHLJvzEAMM/maxresdefault.jpg,https://www.youtube.com/watch?v=xNHLJvzEAMM,False,,,,False
Hoo dance & fitness(후보티비),UC3Qae46SPhpTpLDoeG60gcA,Y9ZRBybwwlo,45-54,"BANG BANG - IVE(아이브) 뱅뱅 아이브  이지댄스, 포인트안무 거울모드+연습모드(2:42) k-pop댄스,  다이어트댄스, GX댄스, 에어로빅",2026-03-16T07:50:24Z,PT5M26S,326,thumbnails/Hoodancefitness후보티비/Y9ZRBybwwlo.jpg,https://i.ytimg.com/vi/Y9ZRBybwwlo/maxresdefault.jpg,https://www.youtube.com/watch?v=Y9ZRBybwwlo,False,,,,False
Hoo dance & fitness(후보티비),UC3Qae46SPhpTpLDoeG60gcA,xnLHlSNbvfQ,45-54,"DUET - 지코(ZICO), Lilas  이지댄스, 포인트안무 거울모드+연습모드 / 다이어트댄스, 에어로빅, Dance Workout",2026-01-10T05:28:29Z,PT4M52S,292,thumbnails/Hoodancefitness후보티비/xnLHlSNbvfQ.jpg,https://i.ytimg.com/vi/xnLHlSNbvfQ/maxresdefault.jpg,https://www.youtube.com/watch?v=xnLHlSNbvfQ,False,,,,False
Hoo dance & fitness(후보티비),UC3Qae46SPhpTpLDoeG60gcA,kxN1vvtXaJs,45-54,"2025년 크리스마스 파티 Queen Bee+빠빠빠  송년파티 공연 / 다이어트댄스, 댄스로빅, 에어로빅",2025-12-25T06:46:59Z,PT3M4S,184,thumbnails/Hoodancefitness후보티비/kxN1vvtXaJs.jpg,https://i.ytimg.com/vi/kxN1vvtXaJs/maxresdefault.jpg,https://www.youtube.com/watch?v=kxN1vvtXaJs,False,,,,False
Hoo dance & fitness(후보티비),UC3Qae46SPhpTpLDoeG60gcA,wjB3iGkrA_c,45-54,"왜그래 remix - 디토  다이어트댄스, 에어로빅 연습모드 (출처: DHD드림하이댄스)/ Dance Workout, Diet Dance, Aerobics",2025-12-08T12:47:10Z,PT6M26S,386,thumbnails/Hoodancefitness후보티비/wjB3iGkrA_c.jpg,https://i.ytimg.com/vi/wjB3iGkrA_c/maxresdefault.jpg,https://www.youtube.com/watch?v=wjB3iGkrA_c,False,,,,False
따시기(Ddasigi),UCs4MKd5EKOV61lr7JXO-ysg,FKlTnv1y1QY,45-54,12회 글로벌 요가말라 프로젝트 리더 기념 촬영,2026-03-21T09:20:40Z,PT4M2S,242,thumbnails/따시기Ddasigi/FKlTnv1y1QY.jpg,https://i.ytimg.com/vi/FKlTnv1y1QY/maxresdefault.jpg,https://www.youtube.com/watch?v=FKlTnv1y1QY,False,,,,False
임피티IMPT,UCDunp3yW9Yp6cWcOv3wn-cg,cX9IJ12w4fQ,45-54,"중년 뱃살, 근육부터 늘리세요, 40분 전신 루틴",2026-03-22T21:00:37Z,PT42M37S,2557,thumbnails/임피티IMPT/cX9IJ12w4fQ.jpg,https://i.ytimg.com/vi/cX9IJ12w4fQ/maxresdefault.jpg,https://www.youtube.com/watch?v=cX9IJ12w4fQ,False,,,,False
빅씨스 Bigsis,UCfDkQiPchwM0F2SkHWl5JYQ,jM5TD88jIO0,45-54,🌸 봄맞이 체지방 버닝 🔥근력 유산소 20분🔥,2026-03-06T13:01:23Z,PT22M16S,1336,thumbnails/빅씨스Bigsis/jM5TD88jIO0.jpg,https://i.ytimg.com/vi/jM5TD88jIO0/maxresdefault.jpg,https://www.youtube.com/watch?v=jM5TD88jIO0,False,,,,False
빅씨스 Bigsis,UCfDkQiPchwM0F2SkHWl5JYQ,I0ZQ5XC0uRk,45-54,흐물흐물 처진 살과 작별하기👋 - 탄탄바디 덤벨 전신 23분 - 좌우불균형 교정,2026-01-27T05:46:39Z,PT24M9S,1449,thumbnails/빅씨스Bigsis/I0ZQ5XC0uRk.jpg,https://i.ytimg.com/vi/I0ZQ5XC0uRk/maxresdefault.jpg,https://www.youtube.com/watch?v=I0ZQ5XC0uRk,False,,,,False
빅씨스 Bigsis,UCfDkQiPchwM0F2SkHWl5JYQ,3d2_0R8vEAU,45-54,"2026 🎉 새해새몸 | 새해, 다시 나를 돌보는 시간",2025-12-31T20:45:42Z,PT30M2S,1802,thumbnails/빅씨스Bigsis/3d2_0R8vEAU.jpg,https://i.ytimg.com/vi/3d2_0R8vEAU/maxresdefault.jpg,https://www.youtube.com/watch?v=3d2_0R8vEAU,False,,,,False
빅씨스 Bigsis,UCfDkQiPchwM0F2SkHWl5JYQ,K9j-X6GfY_M,45-54,🎅🏻크리스마스 특집 - 논스톱 신나는 유산소 - 🔥체지방 버닝🎄,2025-12-19T04:51:25Z,PT14M8S,848,thumbnails/빅씨스Bigsis/K9j-X6GfY_M.jpg,https://i.ytimg.com/vi/K9j-X6GfY_M/maxresdefault.jpg,https://www.youtube.com/watch?v=K9j-X6GfY_M,False,,,,False
빅씨스 Bigsis,UCfDkQiPchwM0F2SkHWl5JYQ,-U88syMdrgw,45-54,모닝 ☀️ 공복 유산소 - 서서하는 논스탑 홈트 15분,2025-12-01T05:58:13Z,PT15M56S,956,thumbnails/빅씨스Bigsis/-U88syMdrgw.jpg,https://i.ytimg.com/vi/-U88syMdrgw/maxresdefault.jpg,https://www.youtube.com/watch?v=-U88syMdrgw,False,,,,False
김아랑 Alang Kim,UCqLpXUYCykYLInJycJ9W3rA,ZaDN7miDago,45-54,죽기 전 꼭 가봐야 할 꼬모호수🏞| 밀라노 맛집🍽 와인🍷| Day Off 브이로그✨️,2026-03-07T09:22:51Z,PT11M13S,673,thumbnails/김아랑AlangKim/ZaDN7miDago.jpg,https://i.ytimg.com/vi/ZaDN7miDago/maxresdefault.jpg,https://www.youtube.com/watch?v=ZaDN7miDago,False,,,,False
김아랑 Alang Kim,UCqLpXUYCykYLInJycJ9W3rA,65r0CDYQrvI,45-54,이태리에서 출근해요🇮🇹| 밀라노 올림픽 해설 브이로그,2026-02-25T12:46:32Z,PT18M47S,1127,thumbnails/김아랑AlangKim/65r0CDYQrvI.jpg,https://i.ytimg.com/vi/65r0CDYQrvI/hqdefault.jpg,https://www.youtube.com/watch?v=65r0CDYQrvI,False,,,,False
김아랑 Alang Kim,UCqLpXUYCykYLInJycJ9W3rA,9BZVyxmMD9c,45-54,"올림픽 Q&A | 김아랑, 다시 경기 뛰고 싶다?",2026-02-21T13:56:27Z,PT11M42S,702,thumbnails/김아랑AlangKim/9BZVyxmMD9c.jpg,https://i.ytimg.com/vi/9BZVyxmMD9c/hqdefault.jpg,https://www.youtube.com/watch?v=9BZVyxmMD9c,False,,,,False
김아랑 Alang Kim,UCqLpXUYCykYLInJycJ9W3rA,clmkLsbfty0,45-54,GRWM💄 흉터 치료만 xx만원? | 시합하다 얼굴 다친 썰| 화장품 공개,2026-01-31T08:00:46Z,PT15M54S,954,thumbnails/김아랑AlangKim/clmkLsbfty0.jpg,https://i.ytimg.com/vi/clmkLsbfty0/maxresdefault.jpg,https://www.youtube.com/watch?v=clmkLsbfty0,False,,,,False
김소형채널H,UCuFGPhfJlIngZaC2BjLaJdQ,BW9yhtPU41o,55-64,양파와 달걀은 이렇게 드세요! 5분이면 뚝딱! 매일 먹어도 좋은 환상적인 맛!,2026-03-20T23:15:00Z,PT5M3S,303,thumbnails/김소형채널H/BW9yhtPU41o.jpg,https://i.ytimg.com/vi/BW9yhtPU41o/maxresdefault.jpg,https://www.youtube.com/watch?v=BW9yhtPU41o,False,,,,False
김소형채널H,UCuFGPhfJlIngZaC2BjLaJdQ,kt_JG6YskHg,55-64,100%성공! 세상에 없던 신맛없이 고소한 생크림요거트 만들기,2026-03-18T23:15:04Z,PT6M5S,365,thumbnails/김소형채널H/kt_JG6YskHg.jpg,https://i.ytimg.com/vi/kt_JG6YskHg/maxresdefault.jpg,https://www.youtube.com/watch?v=kt_JG6YskHg,False,,,,False
루이빈치과 류지헌,UCmzK71U9c8w--ejwOTiELgg,pvAO1_S4T4I,55-64,"깨진 유리 조각을 매일 먹어? 콩·현미·옥수수·아몬드에 옥살산, 신장 박살납니다. 허울 좋은 건강식, 야채·과일 독소 알고 드세요. 물에 불리고 삶아도, 끓여도 10%는 남아있다!",2026-03-23T01:00:06Z,PT4M50S,290,thumbnails/루이빈치과류지헌/pvAO1_S4T4I.jpg,https://i.ytimg.com/vi/pvAO1_S4T4I/maxresdefault.jpg,https://www.youtube.com/watch?v=pvAO1_S4T4I,False,,,,False
의학채널 비온뒤,UCF9vbHlZpz7FbOAky3fnYxw,PaXM6UxTsuI,55-64,"[김희진의 힐링콘서트] 슬며시 다가오는 봄, 힐콘과 함께 해요 / 포크가수 김희진 #61회",2026-03-20T05:13:11Z,P0D,,thumbnails/의학채널비온뒤/PaXM6UxTsuI.jpg,https://i.ytimg.com/vi/PaXM6UxTsuI/maxresdefault_live.jpg,https://www.youtube.com/watch?v=PaXM6UxTsuI,False,,,,False
의학채널 비온뒤,UCF9vbHlZpz7FbOAky3fnYxw,zXkPpLShlYM,55-64,타비시술 후 판막수명은? / 서울성모병원 순환기내과 장기육,2026-03-20T05:17:47Z,PT45M55S,2755,thumbnails/의학채널비온뒤/zXkPpLShlYM.jpg,https://i.ytimg.com/vi/zXkPpLShlYM/maxresdefault_live.jpg,https://www.youtube.com/watch?v=zXkPpLShlYM,False,,,,False
의학채널 비온뒤,UCF9vbHlZpz7FbOAky3fnYxw,ChpcdsNhu0s,55-64,"[내몸에닥터] 대장내시경, 꼭 해야 하나요? / 서울굿모닝내과 이웅철",2026-03-23T12:08:48Z,PT52M16S,3136,thumbnails/의학채널비온뒤/ChpcdsNhu0s.jpg,https://i.ytimg.com/vi/ChpcdsNhu0s/maxresdefault.jpg,https://www.youtube.com/watch?v=ChpcdsNhu0s,False,,,,False
의학채널 비온뒤,UCF9vbHlZpz7FbOAky3fnYxw,DDUUpYliV9M,55-64,"전립선암 진단에 대한 거의 모든 것 / 더서울비뇨의학과 추민수, 퍼펙트비뇨의학과 한병규",2026-03-20T05:26:44Z,PT57M15S,3435,thumbnails/의학채널비온뒤/DDUUpYliV9M.jpg,https://i.ytimg.com/vi/DDUUpYliV9M/maxresdefault_live.jpg,https://www.youtube.com/watch?v=DDUUpYliV9M,False,,,,False
의학채널 비온뒤,UCF9vbHlZpz7FbOAky3fnYxw,cVETeuyVykg,55-64,"[100세 척추 프로젝트 3] 척추 수술 후 운동, 어디까지 괜찮을까? - 재활의 기준은? / 상계백병원 정형외과 장동균",2026-03-20T05:28:43Z,PT45M34S,2734,thumbnails/의학채널비온뒤/cVETeuyVykg.jpg,https://i.ytimg.com/vi/cVETeuyVykg/maxresdefault_live.jpg,https://www.youtube.com/watch?v=cVETeuyVykg,False,,,,False
지식한상,UCw8hsZYZcasyyLrfOFP8D-w,UmozqR6c-Ss,55-64,"새벽 2시, 잠에서 깨는 사람은 자기 전 '이걸' 먹어보세요 (안철우 교수 1부)",2026-03-22T01:00:22Z,PT18M29S,1109,thumbnails/지식한상/UmozqR6c-Ss.jpg,https://i.ytimg.com/vi/UmozqR6c-Ss/maxresdefault.jpg,https://www.youtube.com/watch?v=UmozqR6c-Ss,False,,,,False
지식한상,UCw8hsZYZcasyyLrfOFP8D-w,RrYLwU3PDm4,55-64,"편의점에서 무심코 골랐던 '국민 과자'의 배신, 미세 플라스틱 덩어리입니다 (강상욱 교수 통합본)",2026-03-21T01:00:35Z,PT1H2M,3720,thumbnails/지식한상/RrYLwU3PDm4.jpg,https://i.ytimg.com/vi/RrYLwU3PDm4/maxresdefault.jpg,https://www.youtube.com/watch?v=RrYLwU3PDm4,False,,,,False
지식한상,UCw8hsZYZcasyyLrfOFP8D-w,_lhQruuLIh0,55-64,"""20년 영업 비밀이에요"" 내 얼굴에 딱 맞는 안경테 고르는 법 (강상구 대표 2부)",2026-03-19T10:01:05Z,PT11M6S,666,thumbnails/지식한상/_lhQruuLIh0.jpg,https://i.ytimg.com/vi/_lhQruuLIh0/maxresdefault.jpg,https://www.youtube.com/watch?v=_lhQruuLIh0,False,,,,False
지식한상,UCw8hsZYZcasyyLrfOFP8D-w,4XGxsEKuMgM,55-64,노후 자금 불리고 싶다면 ISA 계좌에 '이만큼' 넣어두세요 (김경필 대표 통합본),2026-03-16T10:30:07Z,PT1H1M4S,3664,thumbnails/지식한상/4XGxsEKuMgM.jpg,https://i.ytimg.com/vi/4XGxsEKuMgM/maxresdefault.jpg,https://www.youtube.com/watch?v=4XGxsEKuMgM,False,,,,False
지식한상,UCw8hsZYZcasyyLrfOFP8D-w,DNv-VmivsOQ,55-64,50대 이후 다초점 맞출 때 가격만 비싸고 구린 안경 거르는 법 (강상구 대표 1부),2026-03-15T01:00:10Z,PT13M3S,783,thumbnails/지식한상/DNv-VmivsOQ.jpg,https://i.ytimg.com/vi/DNv-VmivsOQ/maxresdefault.jpg,https://www.youtube.com/watch?v=DNv-VmivsOQ,False,,,,False
건강구조대,UCatDnMlI2LI2dDb15BuZbAg,SvAHIji_gk0,55-64,"""딱 3가지만 지켰다"" 헬스장 한번도 안갔는데 90세까지 무릎 허리 쌩쌩한 이유 (이시형 박사 x 윤방부 박사 통합본)",2026-03-22T01:42:28Z,PT53M37S,3217,thumbnails/건강구조대/SvAHIji_gk0.jpg,https://i.ytimg.com/vi/SvAHIji_gk0/maxresdefault.jpg,https://www.youtube.com/watch?v=SvAHIji_gk0,False,,,,False
건강구조대,UCatDnMlI2LI2dDb15BuZbAg,AyHhFSTizI4,55-64,"""40살 전에 알았다면 좋았을걸"" 체지방 짜낼 때 반드시 오는 3가지 신호 (현재원 대표 3부)",2026-03-21T01:00:10Z,PT19M24S,1164,thumbnails/건강구조대/AyHhFSTizI4.jpg,https://i.ytimg.com/vi/AyHhFSTizI4/maxresdefault.jpg,https://www.youtube.com/watch?v=AyHhFSTizI4,False,,,,False
건강구조대,UCatDnMlI2LI2dDb15BuZbAg,y73tv5O6VDY,55-64,"""한달만에 돌변한다“ 부모님 장례식에서 당장 챙겨야 할 '4가지'  l 지갑구조대 ep.7 (이장원 세무사)",2026-03-20T09:01:30Z,PT33M36S,2016,thumbnails/건강구조대/y73tv5O6VDY.jpg,https://i.ytimg.com/vi/y73tv5O6VDY/maxresdefault.jpg,https://www.youtube.com/watch?v=y73tv5O6VDY,False,,,,False
건강구조대,UCatDnMlI2LI2dDb15BuZbAg,p8_lAHLi6Ic,55-64,"""죽을 수도 있다"" 단순 다리 쥐를 절대 무시하면 안되는 이유 (이정표 원장 3부)",2026-03-18T09:01:17Z,PT24M42S,1482,thumbnails/건강구조대/p8_lAHLi6Ic.jpg,https://i.ytimg.com/vi/p8_lAHLi6Ic/maxresdefault.jpg,https://www.youtube.com/watch?v=p8_lAHLi6Ic,False,,,,False
건강구조대,UCatDnMlI2LI2dDb15BuZbAg,OxhoVIv-MrE,55-64,"""운동보다 먼저 하세요"" 자면서도 뱃살빠지는 최고의 방법 (현재원 대표 2부)",2026-03-15T01:30:31Z,PT21M59S,1319,thumbnails/건강구조대/OxhoVIv-MrE.jpg,https://i.ytimg.com/vi/OxhoVIv-MrE/maxresdefault.jpg,https://www.youtube.com/watch?v=OxhoVIv-MrE,False,,,,False
건강의 신,UCtTzA9_TTSWnVNxsN4GiLgA,KG5p3DZ1eis,55-64,"""탄수화물 끊으면 암이 굶어 죽는다?"" 암세포 씨 말리는 암 예방 음식과 암이 무서워하는 ‘이것’ (이영석 원장)",2026-03-20T13:44:00Z,PT12M59S,779,thumbnails/건강의신/KG5p3DZ1eis.jpg,https://i.ytimg.com/vi/KG5p3DZ1eis/maxresdefault.jpg,https://www.youtube.com/watch?v=KG5p3DZ1eis,False,,,,False
건강의 신,UCtTzA9_TTSWnVNxsN4GiLgA,QLC4B05Onko,55-64,“아침 굶으면 근육이 먼저 녹습니다!” 아침 공복에 의사들도 매일 챙겨 먹는 ‘이것’ 꼭 드세요! 내장지방 쏙 빠지고 살 찌지 않는 몸이 됩니다 (우창윤 원장),2026-03-13T10:41:00Z,PT15M38S,938,thumbnails/건강의신/QLC4B05Onko.jpg,https://i.ytimg.com/vi/QLC4B05Onko/maxresdefault.jpg,https://www.youtube.com/watch?v=QLC4B05Onko,False,,,,False
건강의 신,UCtTzA9_TTSWnVNxsN4GiLgA,ugtHsWIe3Ho,55-64,"“약도 아닌데 놀랐습니다!” 빠지지 않던 중년 뱃살, ‘이것’ 먹었더니 복부지방부터 확 빠졌습니다 (박미경 원장)",2026-03-06T13:18:00Z,PT14M10S,850,thumbnails/건강의신/ugtHsWIe3Ho.jpg,https://i.ytimg.com/vi/ugtHsWIe3Ho/maxresdefault.jpg,https://www.youtube.com/watch?v=ugtHsWIe3Ho,False,,,,False
건강의 신,UCtTzA9_TTSWnVNxsN4GiLgA,NWoQuGj6_W4,55-64,"“의사들 밥줄 끊길 각오로 밝힙니다” 두통도 이명도 아닙니다! 뇌졸중 직전, 마지막 신호! 찐득해진 혈관을 시원하게 씻어라 (서울대병원 이승훈 교수 통합본)",2026-02-12T10:40:00Z,PT1H56M47S,7007,thumbnails/건강의신/NWoQuGj6_W4.jpg,https://i.ytimg.com/vi/NWoQuGj6_W4/maxresdefault.jpg,https://www.youtube.com/watch?v=NWoQuGj6_W4,False,,,,False
건강의 신,UCtTzA9_TTSWnVNxsN4GiLgA,gn0TXWlQH-M,55-64,"""'이 증상' 있다면 심근경색은 이미 시작됐다!"" 의사들도 헷갈리는 심장마비 직전, 최후의 신호 6가지 (최석재 원장)",2026-02-06T14:10:00Z,PT14M24S,864,thumbnails/건강의신/gn0TXWlQH-M.jpg,https://i.ytimg.com/vi/gn0TXWlQH-M/maxresdefault.jpg,https://www.youtube.com/watch?v=gn0TXWlQH-M,False,,,,False
우리 모두 튼튼,UCOUzm2Kw5nKAwyDd1ewjXwA,WctMdlFfnpM,55-64,입 마르고 소화 안 된다? 결국 진액 고갈 문제입니다.,2026-03-22T21:00:37Z,PT10M31S,631,thumbnails/우리모두튼튼/WctMdlFfnpM.jpg,https://i.ytimg.com/vi/WctMdlFfnpM/maxresdefault.jpg,https://www.youtube.com/watch?v=WctMdlFfnpM,False,,,,False
우리 모두 튼튼,UCOUzm2Kw5nKAwyDd1ewjXwA,-aEdiGafh9s,55-64,몸과 스트레스는 연결되어 있다. 사람한테 스트레스 받을수록 진액이 마르는 충격적인 이유,2026-03-21T21:00:00Z,PT27M6S,1626,thumbnails/우리모두튼튼/-aEdiGafh9s.jpg,https://i.ytimg.com/vi/-aEdiGafh9s/hqdefault.jpg,https://www.youtube.com/watch?v=-aEdiGafh9s,False,,,,False
우리 모두 튼튼,UCOUzm2Kw5nKAwyDd1ewjXwA,dfR_NZTxOYw,55-64,"밤에 화장실 자주 가는 습관. 결국 심장 문제이고, 해결 방법은 이 한 가지만 지키세요. #소변 #혈액 #심장",2026-03-20T21:00:46Z,PT38M9S,2289,thumbnails/우리모두튼튼/dfR_NZTxOYw.jpg,https://i.ytimg.com/vi/dfR_NZTxOYw/maxresdefault.jpg,https://www.youtube.com/watch?v=dfR_NZTxOYw,False,,,,False
우리 모두 튼튼,UCOUzm2Kw5nKAwyDd1ewjXwA,ii7-Xt2uw40,55-64,"[알고 있어야 대응합니다] 폐지 줍는 할아버지가 치매에 안 걸리는 이유ㅣ경도인지장애부터 치매까지 관리 방법, 전조증상",2026-03-19T21:01:00Z,PT22M2S,1322,thumbnails/우리모두튼튼/ii7-Xt2uw40.jpg,https://i.ytimg.com/vi/ii7-Xt2uw40/maxresdefault.jpg,https://www.youtube.com/watch?v=ii7-Xt2uw40,False,,,,False
우리 모두 튼튼,UCOUzm2Kw5nKAwyDd1ewjXwA,gHHgg8QQOXA,55-64,"망할 거 작정하고 이야기합니다. 운동 루프 원리, 꾸준하게 반복하는 방법",2026-03-18T21:00:49Z,PT11M8S,668,thumbnails/우리모두튼튼/gHHgg8QQOXA.jpg,https://i.ytimg.com/vi/gHHgg8QQOXA/maxresdefault.jpg,https://www.youtube.com/watch?v=gHHgg8QQOXA,False,,,,False
무조건당신편,UCTp5fJVTDuFmf_dVfIMF7Nw,m1zYkKsJoLA,55-64,50세이후 블루베리 절대 그냥 먹으면 안되요. 우유와 함께 먹으면 안되는 이유. 블루베리의 효능 블루베리 먹는법. 함께먹으면 보약이 되는 음식. 치매예방.노화예방.심장질환예방,2026-03-23T07:30:18Z,PT1H1M32S,3692,thumbnails/무조건당신편/m1zYkKsJoLA.jpg,https://i.ytimg.com/vi/m1zYkKsJoLA/maxresdefault.jpg,https://www.youtube.com/watch?v=m1zYkKsJoLA,False,,,,False
무조건당신편,UCTp5fJVTDuFmf_dVfIMF7Nw,m5yNlqIZv5U,55-64,50세이후엔 믹스커피 이렇게 먹으면  뇌졸증예방되고 기억력좋아진 혈당조절되고 내장지방녹여주고 뱃살까지 쏙 빠진다 고지혈증 다이어트 당뇨 심혈관질환 괜찮을까? #치매,2026-03-23T03:26:54Z,P0D,,thumbnails/무조건당신편/m5yNlqIZv5U.jpg,https://i.ytimg.com/vi/m5yNlqIZv5U/maxresdefault_live.jpg,https://www.youtube.com/watch?v=m5yNlqIZv5U,False,,,,False
무조건당신편,UCTp5fJVTDuFmf_dVfIMF7Nw,MtTUTGV1BfY,55-64,냉장고 이반찬통 당장치우세요! 암세포 100배늘리는 반찬통! 암세포를 만드는 최악의 음식 발암물질을 먹는 거에요 암세포 씨를 말리는 방법 항암에 최고입니다 #암예방 #암세포,2026-03-22T23:08:40Z,PT11H54M58S,42898,thumbnails/무조건당신편/MtTUTGV1BfY.jpg,https://i.ytimg.com/vi/MtTUTGV1BfY/maxresdefault.jpg,https://www.youtube.com/watch?v=MtTUTGV1BfY,False,,,,False
이상대 중년 홈트 - 45세 이상 초간단 운동,UCokhKITywla4LgvmkjAHhVQ,W0zyYlAFYsQ,55-64,"""중년 근육손실 막고 뱃살 싹 다 빠집니다"" 밥 먹고 걷기대신 딱 4분만 하세요",2026-03-22T09:00:00Z,PT5M40S,340,thumbnails/이상대중년홈트-45세이상초간단운동/W0zyYlAFYsQ.jpg,https://i.ytimg.com/vi/W0zyYlAFYsQ/maxresdefault.jpg,https://www.youtube.com/watch?v=W0zyYlAFYsQ,False,,,,False
백세지혜길잡이,UCKm4_DlQnY6U6SXVeDGDMhw,AyhTgNuuTBs,55-64,다 필요없고 뇌 진짜 하수구 '여기'만 누르세요. 너무 간단해서 세계도 놀란 치매 막는 마사지 찾았습니다 | 치매 예방 | 치매 전조증상 | 기억력 강화,2026-03-22T11:30:12Z,PT25M29S,1529,thumbnails/백세지혜길잡이/AyhTgNuuTBs.jpg,https://i.ytimg.com/vi/AyhTgNuuTBs/maxresdefault.jpg,https://www.youtube.com/watch?v=AyhTgNuuTBs,False,,,,False
백세지혜길잡이,UCKm4_DlQnY6U6SXVeDGDMhw,YK_E5EMHaE8,55-64,목욕하다 빨리 죽습니다. 70대가 절대 하면 안 되는 목욕습관 5가지! | 심장마비 예방 | 노인 낙상 | 불면증 원인 | 혈관 건강,2026-03-18T11:30:36Z,PT26M6S,1566,thumbnails/백세지혜길잡이/YK_E5EMHaE8.jpg,https://i.ytimg.com/vi/YK_E5EMHaE8/maxresdefault.jpg,https://www.youtube.com/watch?v=YK_E5EMHaE8,False,,,,False
백세지혜길잡이,UCKm4_DlQnY6U6SXVeDGDMhw,NdS8hD3quf0,55-64,이렇게 강황을 드시면 노년층의 모든 염증과 병이 사라집니다! 100세까지 병 없이 사는 비결ㅣ관절 건강 | 무릎 통증 | 염증에 좋은 음식 | 강황 효능,2026-03-15T11:30:15Z,PT24M56S,1496,thumbnails/백세지혜길잡이/NdS8hD3quf0.jpg,https://i.ytimg.com/vi/NdS8hD3quf0/maxresdefault.jpg,https://www.youtube.com/watch?v=NdS8hD3quf0,False,,,,False
백세지혜길잡이,UCKm4_DlQnY6U6SXVeDGDMhw,JDVcoIIwJY0,55-64,"근육감소증 막는 최고의 단백질 음식 5가지! 고기, 계란 말고 이것 드세요! | 단백질 섭취 방법 | 근육 감소 원인 | 건강정보 | 오디오북",2026-03-11T11:30:15Z,PT26M33S,1593,thumbnails/백세지혜길잡이/JDVcoIIwJY0.jpg,https://i.ytimg.com/vi/JDVcoIIwJY0/maxresdefault.jpg,https://www.youtube.com/watch?v=JDVcoIIwJY0,False,,,,False
백세지혜길잡이,UCKm4_DlQnY6U6SXVeDGDMhw,-ZqGUi3YfSU,55-64,뇌가 맑아지는 식탁 : 치매 늦추는 '뇌 청소 음식' 5가지 | 치매 예방 | 치매 전조증상 | 뇌 건강,2026-03-08T11:30:00Z,PT25M16S,1516,thumbnails/백세지혜길잡이/-ZqGUi3YfSU.jpg,https://i.ytimg.com/vi/-ZqGUi3YfSU/maxresdefault.jpg,https://www.youtube.com/watch?v=-ZqGUi3YfSU,False,,,,False
이동욱의 백세건강 TV,UCpKHS8_xkkS23d23n3Wk8yw,6p1TVQRrtRw,65+,"올리브유 들기름 퍼먹지 마세요. 먹어라 마라 논란, 오늘 한번에 정리합니다 #올리브유 #들기름 #기름먹는법",2026-03-22T22:45:01Z,PT27M24S,1644,thumbnails/이동욱의백세건강TV/6p1TVQRrtRw.jpg,https://i.ytimg.com/vi/6p1TVQRrtRw/maxresdefault.jpg,https://www.youtube.com/watch?v=6p1TVQRrtRw,False,,,,False
이동욱의 백세건강 TV,UCpKHS8_xkkS23d23n3Wk8yw,xahTUNKHr88,65+,"""뱃살이 너무 잘빠져요"" 당근 먹는 법 바꿨더니 벌어지는 놀라운 일 #당근 #뱃살 #당근효능 #뱃살빼는법 #내장지방 #당근먹는법 #베타카로틴 #당근초무침 #당근볶음 #당근죽",2026-03-21T22:45:06Z,PT25M5S,1505,thumbnails/이동욱의백세건강TV/xahTUNKHr88.jpg,https://i.ytimg.com/vi/xahTUNKHr88/maxresdefault.jpg,https://www.youtube.com/watch?v=xahTUNKHr88,False,,,,False
건강박사,UC2-gb53qXD1LgyRq0K36l8A,3pXIuL0apN4,65+,"""건강하고 싶다면 반드시 끊으세요"" 몸에 있는 암세포, 씨까지 싹 말려버리는 방법 #건강 #암극복 #암치료",2026-03-21T20:00:07Z,PT25M13S,1513,thumbnails/건강박사/3pXIuL0apN4.jpg,https://i.ytimg.com/vi/3pXIuL0apN4/maxresdefault.jpg,https://www.youtube.com/watch?v=3pXIuL0apN4,False,,,,False
건강박사,UC2-gb53qXD1LgyRq0K36l8A,Q59ZhfRblH8,65+,"""딱 2주만 해보세요"" 나이 들어도 최고의 기억력 유지하는 법 공개! #뇌건강 #기억력 #치매",2026-03-20T20:00:17Z,PT25M10S,1510,thumbnails/건강박사/Q59ZhfRblH8.jpg,https://i.ytimg.com/vi/Q59ZhfRblH8/maxresdefault.jpg,https://www.youtube.com/watch?v=Q59ZhfRblH8,False,,,,False
건강박사,UC2-gb53qXD1LgyRq0K36l8A,sBdZHj-DKhU,65+,전 국민이 다 속았습니다!! 이런 계란 절대 사지 마세요! (모르면 그냥 당합니다),2026-03-19T20:00:55Z,PT27M,1620,thumbnails/건강박사/sBdZHj-DKhU.jpg,https://i.ytimg.com/vi/sBdZHj-DKhU/maxresdefault.jpg,https://www.youtube.com/watch?v=sBdZHj-DKhU,False,,,,False
건강박사,UC2-gb53qXD1LgyRq0K36l8A,hX66pJLv0Nc,65+,"""라면에 넣으면 효과 직빵"" 혈당 400 찍던 당뇨환자 별 노력 없이 '의사들이 뽑은 1위 채소' 먹었더니 혈당 80 바로 떨어지고 췌장 살아났습니다",2026-03-18T20:00:37Z,PT26M19S,1579,thumbnails/건강박사/hX66pJLv0Nc.jpg,https://i.ytimg.com/vi/hX66pJLv0Nc/maxresdefault.jpg,https://www.youtube.com/watch?v=hX66pJLv0Nc,False,,,,False
건강박사,UC2-gb53qXD1LgyRq0K36l8A,ev1BJ7zH1Vc,65+,"""약 끊고 무조건 드세요"" 의사가 평생 당뇨병 없이 장수하는 '500원 한잔'의 비밀, 1달만 먹어도 평생 혈당 80 유지됩니다",2026-03-17T20:00:37Z,PT24M44S,1484,thumbnails/건강박사/ev1BJ7zH1Vc.jpg,https://i.ytimg.com/vi/ev1BJ7zH1Vc/maxresdefault.jpg,https://www.youtube.com/watch?v=ev1BJ7zH1Vc,False,,,,False
DR.Dylan의 건강 비결,UC3454ef0lSLjBSjmKH0bs9A,XJId4PmQw5E,65+,"노년층의 다리에 나타나는 통증, 경련, 약화를 완화하는 데 효과적인 다섯 가지 민간 식품",2026-03-23T09:30:16Z,PT41M38S,2498,thumbnails/DRDylan의건강비결/XJId4PmQw5E.jpg,https://i.ytimg.com/vi/XJId4PmQw5E/maxresdefault.jpg,https://www.youtube.com/watch?v=XJId4PmQw5E,False,,,,False
DR.Dylan의 건강 비결,UC3454ef0lSLjBSjmKH0bs9A,-yU1l246tkE,65+,생강차는 노년층의 얼마나 많은 질병을 치료할 수 있을까! 생강차를 사용하는 방법을 함께 알아보고 관절 통증과 염증을 사라지게 하십시오!,2026-03-23T04:00:01Z,PT42M41S,2561,thumbnails/DRDylan의건강비결/-yU1l246tkE.jpg,https://i.ytimg.com/vi/-yU1l246tkE/maxresdefault.jpg,https://www.youtube.com/watch?v=-yU1l246tkE,False,,,,False
DR.Dylan의 건강 비결,UC3454ef0lSLjBSjmKH0bs9A,mIrmCA9Y19s,65+,집에서 바로 찾을 수 있는 4가지 식품이 손상된 신경과 뼈 관절을 회복시키고 몸을 강철처럼 단단하게 만듭니다,2026-03-22T09:30:26Z,PT40M41S,2441,thumbnails/DRDylan의건강비결/mIrmCA9Y19s.jpg,https://i.ytimg.com/vi/mIrmCA9Y19s/maxresdefault.jpg,https://www.youtube.com/watch?v=mIrmCA9Y19s,False,,,,False
DR.Dylan의 건강 비결,UC3454ef0lSLjBSjmKH0bs9A,stVCh308yPg,65+,비타민 비십이 는 노년층의 얼마나 많은 질병을 치료할 수 있을까? 비타민 비십이 를 사용하는 방법을 함께 알아보고 에너지를 공급하고 단백질을 대사하며 근육 위축을 예방하십시오!,2026-03-22T04:00:54Z,PT43M10S,2590,thumbnails/DRDylan의건강비결/stVCh308yPg.jpg,https://i.ytimg.com/vi/stVCh308yPg/maxresdefault.jpg,https://www.youtube.com/watch?v=stVCh308yPg,False,,,,False
DR.Dylan의 건강 비결,UC3454ef0lSLjBSjmKH0bs9A,Hik98_uedYI,65+,30세 때처럼 다리 건강을 강화해 주는 5가지 놀라운 식품! 말처럼 빠르게 달리는 비결!,2026-03-21T09:30:12Z,PT42M22S,2542,thumbnails/DRDylan의건강비결/Hik98_uedYI.jpg,https://i.ytimg.com/vi/Hik98_uedYI/maxresdefault.jpg,https://www.youtube.com/watch?v=Hik98_uedYI,False,,,,False
건강생활,UCeae_8zNL3z0iDOZyIpAskA,9_h__FQFwBc,65+,60대 이상 고구마 드실 때 '이것'만은 피하세요! 신장 건강 돕는 최고의 궁합 Top 5!,2026-03-18T11:45:00Z,PT21M31S,1291,thumbnails/건강생활/9_h__FQFwBc.jpg,https://i.ytimg.com/vi/9_h__FQFwBc/maxresdefault.jpg,https://www.youtube.com/watch?v=9_h__FQFwBc,False,,,,False
건강생활,UCeae_8zNL3z0iDOZyIpAskA,YF2r6Z69BYg,65+,"간, 혈관 건강에 도움을 주는 미나리, 올바른 섭취법과 세척 비법",2026-03-13T12:35:00Z,PT16M23S,983,thumbnails/건강생활/YF2r6Z69BYg.jpg,https://i.ytimg.com/vi/YF2r6Z69BYg/maxresdefault.jpg,https://www.youtube.com/watch?v=YF2r6Z69BYg,False,,,,False
건강생활,UCeae_8zNL3z0iDOZyIpAskA,Dms6qQj6qC8,65+,"무' 잘만 먹어도 폐 건강, 고지혈증에 도움! 건강 음식 정보, 건강 레시피",2026-03-03T09:45:00Z,PT15M28S,928,thumbnails/건강생활/Dms6qQj6qC8.jpg,https://i.ytimg.com/vi/Dms6qQj6qC8/maxresdefault.jpg,https://www.youtube.com/watch?v=Dms6qQj6qC8,False,,,,False
건강생활,UCeae_8zNL3z0iDOZyIpAskA,aeXt5kVN5pE,65+,60대 이상 필독! 우유 마시고 배 아픈 분들을 위한 우유 섭취법! 시니어 건강 | 건강 음식,2026-02-07T22:45:00Z,PT15M43S,943,thumbnails/건강생활/aeXt5kVN5pE.jpg,https://i.ytimg.com/vi/aeXt5kVN5pE/maxresdefault.jpg,https://www.youtube.com/watch?v=aeXt5kVN5pE,False,,,,False
건강생활,UCeae_8zNL3z0iDOZyIpAskA,yid7X-IDsjA,65+,아침마다 화장실 가기 편해져요! 장과 간 건강을 돕는 셀러리 보약처럼 먹는 법! 시니어건강 | 노후건강,2025-11-05T06:45:09Z,PT16M7S,967,thumbnails/건강생활/yid7X-IDsjA.jpg,https://i.ytimg.com/vi/yid7X-IDsjA/maxresdefault.jpg,https://www.youtube.com/watch?v=yid7X-IDsjA,False,,,,False
서로건강,UC051O1-21M1W2oCYJbn3aAQ,7cvGXlSf77I,65+,약사도 놀람 부추 '이렇게' 드시면 간 해독되고 혈관 뻥 뚫립니다 부추가 독이되는 사람과 보약이 되는 사람. 건강 음식 부추 효능,2026-03-23T09:00:22Z,PT55M39S,3339,thumbnails/서로건강/7cvGXlSf77I.jpg,https://i.ytimg.com/vi/7cvGXlSf77I/maxresdefault.jpg,https://www.youtube.com/watch?v=7cvGXlSf77I,False,,,,False
서로건강,UC051O1-21M1W2oCYJbn3aAQ,IiK1QuGOEBg,65+,가지볶음 이렇게 먹으면 혈관이 깨끗해집니다 | 대부분 모르는 가지 먹는법 가지 하나로 혈관 청소됩니다 | 심혈관·혈당 잡는 가지 먹는 방법 효능과 부작용 건강정보,2026-03-23T06:36:45Z,P0D,,thumbnails/서로건강/IiK1QuGOEBg.jpg,https://i.ytimg.com/vi/IiK1QuGOEBg/maxresdefault_live.jpg,https://www.youtube.com/watch?v=IiK1QuGOEBg,False,,,,False
서로건강,UC051O1-21M1W2oCYJbn3aAQ,CTRlj-77heE,65+,봄에는 쑥떡 쑥설기 인절미 쑥 효능과 부작용 반드시 보세요 쑥 잘못 먹으면 응급실 갑니다 건강정보,2026-03-23T05:02:54Z,PT39M39S,2379,thumbnails/서로건강/CTRlj-77heE.jpg,https://i.ytimg.com/vi/CTRlj-77heE/maxresdefault.jpg,https://www.youtube.com/watch?v=CTRlj-77heE,False,,,,False
서로건강,UC051O1-21M1W2oCYJbn3aAQ,m1DLR61ZUlg,65+,큰 돈 쓰지 말고 5분만 하면 침침한 눈 촉촉해 집니다! 병원 안가고 안구건조증 치료할 수 있는 3가지 생활습관 | 오예서 약사,2026-03-22T22:00:49Z,PT1H1M39S,3699,thumbnails/서로건강/m1DLR61ZUlg.jpg,https://i.ytimg.com/vi/m1DLR61ZUlg/maxresdefault.jpg,https://www.youtube.com/watch?v=m1DLR61ZUlg,False,,,,False
서로건강,UC051O1-21M1W2oCYJbn3aAQ,nNdyP2xX6cY,65+,아침에 계란 2개 먹으면 생기는 놀라운 변화 의사들이 매일 먹으라는 이유 콜레스테롤 때문에 계란 끊었다면 꼭 보세요 달걀 효능과 부작용 건강정보,2026-03-22T12:50:17Z,PT11H25S,39625,thumbnails/서로건강/nNdyP2xX6cY.jpg,https://i.ytimg.com/vi/nNdyP2xX6cY/maxresdefault.jpg,https://www.youtube.com/watch?v=nNdyP2xX6cY,False,,,,False
다시 청춘,UCWupWRVfGxqARiSDqZkMhog,F6J24HOwCOQ,65+,"십 년 전처럼 다리의 힘을 회복할 수 있는 다섯 가지 슈퍼푸드 | 관절 통증 완화, 근육 약화 개선, 뼈 건강 보호 팁",2026-03-20T09:54:02Z,PT23M30S,1410,thumbnails/다시청춘/F6J24HOwCOQ.jpg,https://i.ytimg.com/vi/F6J24HOwCOQ/maxresdefault.jpg,https://www.youtube.com/watch?v=F6J24HOwCOQ,False,,,,False
다시 청춘,UCWupWRVfGxqARiSDqZkMhog,LprSGdPHMWA,65+,"두부, 이것과 함께 먹으면 콩팥 독이 됩니다! 절대 피해야 할 최악의 궁합 3가지 | 신장건강 | 신장에좋은음식",2026-03-19T09:57:38Z,PT26M15S,1575,thumbnails/다시청춘/LprSGdPHMWA.jpg,https://i.ytimg.com/vi/LprSGdPHMWA/maxresdefault.jpg,https://www.youtube.com/watch?v=LprSGdPHMWA,False,,,,False
다시 청춘,UCWupWRVfGxqARiSDqZkMhog,mwWxIFzuAG4,65+,신장 노화를 막는 꿀 먹는 법이 따로 있다?｜서울대가 증명한 '꿀 한 숟가락'의 놀라운 진실 | 신장건강 | 시니어건강,2026-03-18T12:20:55Z,PT23M49S,1429,thumbnails/다시청춘/mwWxIFzuAG4.jpg,https://i.ytimg.com/vi/mwWxIFzuAG4/maxresdefault.jpg,https://www.youtube.com/watch?v=mwWxIFzuAG4,False,,,,False
다시 청춘,UCWupWRVfGxqARiSDqZkMhog,cs6cxE0A1KY,65+,달걀보다 추천합니다! 기억력 떨어지는 뇌를 짱짱하게 살려주는 음식 한 가지,2026-03-17T11:10:53Z,PT21M53S,1313,thumbnails/다시청춘/cs6cxE0A1KY.jpg,https://i.ytimg.com/vi/cs6cxE0A1KY/maxresdefault.jpg,https://www.youtube.com/watch?v=cs6cxE0A1KY,False,,,,False
다시 청춘,UCWupWRVfGxqARiSDqZkMhog,Chd7k2h7XTY,65+,매일 먹던 약이 콩팥을 망칩니다! 신장병 환자가 꼭 알아야 할 ‘절대 금물 약 4가지’ | 시니어건강 | 신장,2026-03-16T10:37:27Z,PT19M17S,1157,thumbnails/다시청춘/Chd7k2h7XTY.jpg,https://i.ytimg.com/vi/Chd7k2h7XTY/maxresdefault.jpg,https://www.youtube.com/watch?v=Chd7k2h7XTY,False,,,,False
소중한내인생,UC9aBr3lDxrgYuzOCx7CUbxA,DbOmuWS1ZEg,65+,"부모가 떠난 뒤 형제가 남이 되는 진짜 이유, '돈' 뒤에 숨겨진 5가지 진실 | 인생지혜 | 노년의지혜",2026-03-23T10:45:01Z,PT43M40S,2620,thumbnails/소중한내인생/DbOmuWS1ZEg.jpg,https://i.ytimg.com/vi/DbOmuWS1ZEg/maxresdefault.jpg,https://www.youtube.com/watch?v=DbOmuWS1ZEg,False,,,,False
소중한내인생,UC9aBr3lDxrgYuzOCx7CUbxA,xMdYvGj0U8I,65+,"""노후가 비참해집니다"" 나이 들어 반드시 손절해야 할 5가지 유형 | 노후지혜 | 인간관계 | 인생조언",2026-03-21T10:45:11Z,PT36M41S,2201,thumbnails/소중한내인생/xMdYvGj0U8I.jpg,https://i.ytimg.com/vi/xMdYvGj0U8I/maxresdefault.jpg,https://www.youtube.com/watch?v=xMdYvGj0U8I,False,,,,False
소중한내인생,UC9aBr3lDxrgYuzOCx7CUbxA,Mey-_5hGicA,65+,"60세 이후, '이것'만 버려도 인생은 천국이 됩니다 | ""인생 별거 없더군요"" 그 허무함을 깨달은 순간 열리는 기적 | 인생 지혜 | 행복한 노후",2026-03-18T10:45:06Z,PT44M56S,2696,thumbnails/소중한내인생/Mey-_5hGicA.jpg,https://i.ytimg.com/vi/Mey-_5hGicA/maxresdefault.jpg,https://www.youtube.com/watch?v=Mey-_5hGicA,False,,,,False
소중한내인생,UC9aBr3lDxrgYuzOCx7CUbxA,PayQzvNknBU,65+,65세 때 '이것' 안 하면 80세에 비참해집니다.. 80대가 말한 인생의 진실 | 노후준비 | 인생지혜,2026-03-16T11:35:42Z,PT35M23S,2123,thumbnails/소중한내인생/PayQzvNknBU.jpg,https://i.ytimg.com/vi/PayQzvNknBU/maxresdefault.jpg,https://www.youtube.com/watch?v=PayQzvNknBU,False,,,,False
소중한내인생,UC9aBr3lDxrgYuzOCx7CUbxA,1Xoo3JnhboU,65+,누구를 만나든 딱 '3가지'만 척하세요. 원수조차 내 편이 되는 놀라운 변화 | 인간관계 | 삶의 지혜,2026-03-15T10:45:00Z,PT38M1S,2281,thumbnails/소중한내인생/1Xoo3JnhboU.jpg,https://i.ytimg.com/vi/1Xoo3JnhboU/maxresdefault.jpg,https://www.youtube.com/watch?v=1Xoo3JnhboU,False,,,,False
시니어시니어!,UCHhtRT2BHQvgIuxpuKiSLkw,tgi86Rbn3OM,65+,"60대 해외여행, 누구나 가고 싶어하는 그 나라, 코타키나발루 완전 정복",2026-03-20T09:57:03Z,PT12M12S,732,thumbnails/시니어시니어/tgi86Rbn3OM.jpg,https://i.ytimg.com/vi/tgi86Rbn3OM/maxresdefault.jpg,https://www.youtube.com/watch?v=tgi86Rbn3OM,False,,,,False
시니어시니어!,UCHhtRT2BHQvgIuxpuKiSLkw,krvt8yfNu-Y,65+,"기차 타고 내리면 매화밭, 한옥 마당엔 수선화… 국내에 이런 곳이 있었습니다",2026-03-16T05:35:47Z,PT20M25S,1225,thumbnails/시니어시니어/krvt8yfNu-Y.jpg,https://i.ytimg.com/vi/krvt8yfNu-Y/maxresdefault.jpg,https://www.youtube.com/watch?v=krvt8yfNu-Y,False,,,,False
건강지식TV,UCzDs6GlAZsYlGbd_OUBdjmA,C6E0dOKsvSs,65+,“모두 잘못 알고 있습니다” 아침에 물 한 컵 박테리아를 마시는 것과 같다! 물 건강하게 마시는 방법. 최악의 물 마시는 습관 5가지! 아침공복 물 한잔. 건강 정보. 건강 음식.,2026-03-17T09:04:12Z,P0D,,thumbnails/건강지식TV/C6E0dOKsvSs.jpg,https://i.ytimg.com/vi/C6E0dOKsvSs/maxresdefault_live.jpg,https://www.youtube.com/watch?v=C6E0dOKsvSs,False,,,,False
건강지식TV,UCzDs6GlAZsYlGbd_OUBdjmA,vMxYEgF51nY,65+,달래와 함께 먹으면 보약되는 음식 4가지와 꿀팁 레시피! '이렇게' 먹으면 몸속 염증 싹 사라지고 혈관보약 됩니다. 항암 음식. 치매에 좋은 음식. 보양 음식. 당뇨 음식.,2026-03-23T01:09:52Z,PT11H55M1S,42901,thumbnails/건강지식TV/vMxYEgF51nY.jpg,https://i.ytimg.com/vi/vMxYEgF51nY/maxresdefault.jpg,https://www.youtube.com/watch?v=vMxYEgF51nY,False,,,,False
건강지식TV,UCzDs6GlAZsYlGbd_OUBdjmA,FQAP7ZqNHK8,65+,"잔병 없이 건강했던 사람도 날벼락!! “매일 먹는 음식, 암 위험에 영향을 줄 수 있어요! 건강 정보 공개”  #건강정보 #건강 #당뇨 #췌장암",2026-03-22T03:17:12Z,PT11H55M,42900,thumbnails/건강지식TV/FQAP7ZqNHK8.jpg,https://i.ytimg.com/vi/FQAP7ZqNHK8/maxresdefault.jpg,https://www.youtube.com/watch?v=FQAP7ZqNHK8,False,,,,False
건강지식TV,UCzDs6GlAZsYlGbd_OUBdjmA,5Mnb_Hfjkk0,65+,깻잎 '이것'과 함께 먹으면 당뇨 사라지고 골다공증 걱정 없습니다! 치매와 혈당 건강에 좋은 특급 레시피와 함께 먹으면 보약되는 음식. 건강효과 높여 먹는 방법. 천연 항암제.,2026-03-21T02:05:47Z,PT11H55M1S,42901,thumbnails/건강지식TV/5Mnb_Hfjkk0.jpg,https://i.ytimg.com/vi/5Mnb_Hfjkk0/maxresdefault.jpg,https://www.youtube.com/watch?v=5Mnb_Hfjkk0,False,,,,False
백세친구,UC9IdV7zIlIXm8UXU2JH7pSg,KICNuB7uAyE,65+,지금 부엌에 있는 설탕보다 10배 치명적인 것들 | 모르고 드시면 치매·당뇨 동시에 옵니다,2026-03-22T00:30:16Z,PT24M10S,1450,thumbnails/백세친구/KICNuB7uAyE.jpg,https://i.ytimg.com/vi/KICNuB7uAyE/maxresdefault.jpg,https://www.youtube.com/watch?v=KICNuB7uAyE,False,,,,False
백세친구,UC9IdV7zIlIXm8UXU2JH7pSg,cm8j-wX7QoU,65+,막걸리 그냥 버리셨나요? 검버섯·쥐젖·주름 한 번에 지우는 방법 있습니다,2026-03-19T00:30:41Z,PT23M55S,1435,thumbnails/백세친구/cm8j-wX7QoU.jpg,https://i.ytimg.com/vi/cm8j-wX7QoU/maxresdefault.jpg,https://www.youtube.com/watch?v=cm8j-wX7QoU,False,,,,False
백세친구,UC9IdV7zIlIXm8UXU2JH7pSg,h6mzRVDFfZE,65+,어르신들 10명 중 9명이 매일 드시는 겁니다 | 듣고 나서 냉장고부터 열어봤습니다,2026-03-17T00:30:42Z,PT24M29S,1469,thumbnails/백세친구/h6mzRVDFfZE.jpg,https://i.ytimg.com/vi/h6mzRVDFfZE/hqdefault.jpg,https://www.youtube.com/watch?v=h6mzRVDFfZE,False,,,,False
백세친구,UC9IdV7zIlIXm8UXU2JH7pSg,H7ifyytAWCw,65+,"발뒤꿈치 안 드는 60대, 병원 신세 지기 싫다면 꼭 보세요",2026-03-15T00:30:16Z,PT22M49S,1369,thumbnails/백세친구/H7ifyytAWCw.jpg,https://i.ytimg.com/vi/H7ifyytAWCw/maxresdefault.jpg,https://www.youtube.com/watch?v=H7ifyytAWCw,False,,,,False
백세친구,UC9IdV7zIlIXm8UXU2JH7pSg,x2f9JsXxUQc,65+,"이것'과 양배추를 같이 드신 날, 신장은 하루치 수명을 잃습니다. 60대라면 오늘 반드시 끊어야 할 것 3가지",2026-03-12T00:31:01Z,PT25M55S,1555,thumbnails/백세친구/x2f9JsXxUQc.jpg,https://i.ytimg.com/vi/x2f9JsXxUQc/maxresdefault.jpg,https://www.youtube.com/watch?v=x2f9JsXxUQc,False,,,,False
