video_id,channel_name,title,duration,duration_sec,short_reason,youtube_watch_url,thumbnail_path,is_short_manual,short_check_note
P0IkzIVR0dA,Queen Solmee,태국 현지인 추천템! 이거 꼭 사야해,PT33S,33,duration,https://www.youtube.com/watch?v=P0IkzIVR0dA,thumbnails/QueenSolmee/P0IkzIVR0dA.jpg,,
8DzKusgH_wM,Queen Solmee,가발이 이렇게 자연스럽다고..?! 테무 가발 추천,PT40S,40,duration,https://www.youtube.com/watch?v=8DzKusgH_wM,thumbnails/QueenSolmee/8DzKusgH_wM.jpg,,
vprE4Dsndjk,Queen Solmee,셀프 속눈썹 연장✨ + 쉬인 속눈썹 추천,PT20S,20,duration,https://www.youtube.com/watch?v=vprE4Dsndjk,thumbnails/QueenSolmee/vprE4Dsndjk.jpg,,
aVKPaOjJaBg,Queen Solmee,태국 세븐일레븐 추천템❤️,PT29S,29,duration,https://www.youtube.com/watch?v=aVKPaOjJaBg,thumbnails/QueenSolmee/aVKPaOjJaBg.jpg,,
PfdCYvXwsQw,Queen Solmee,속건조엔 이거 쓰세요 | 올리브영 세일 추천템💕,PT34S,34,duration,https://www.youtube.com/watch?v=PfdCYvXwsQw,thumbnails/QueenSolmee/PfdCYvXwsQw.jpg,,
3DmHqn6-Li0,Dadacafe다다카페,산타고 요가갔다가 도시락먹는 브이로그 🧘🏻‍♀️🍙⛰️ #요가브이로그 #요기니 #wellnesslife #yogalife,PT41S,41,duration,https://www.youtube.com/watch?v=3DmHqn6-Li0,thumbnails/Dadacafe다다카페/3DmHqn6-Li0.jpg,,
0iZibxTMEHk,Dadacafe다다카페,순두부로 만드는 간단한 #다이어트식단 #healthyfood,PT13S,13,duration,https://www.youtube.com/watch?v=0iZibxTMEHk,thumbnails/Dadacafe다다카페/0iZibxTMEHk.jpg,,
vFh6cqUgHAc,Dadacafe다다카페,#다이어트식단 🥗,PT22S,22,duration,https://www.youtube.com/watch?v=vFh6cqUgHAc,thumbnails/Dadacafe다다카페/vFh6cqUgHAc.jpg,,
7d_IsXe0XCg,박치열의 코멘터리,재수술 끝판왕 '들창코' 완벽하게 내리는 기술 #코성형 #들창코 #재수술,PT1M20S,80,duration,https://www.youtube.com/watch?v=7d_IsXe0XCg,thumbnails/박치열의코멘터리/7d_IsXe0XCg.jpg,,
_T0l8ZLG6JQ,박치열의 코멘터리,들창코가 생기는 이유는? #코성형 #들창코,PT57S,57,duration,https://www.youtube.com/watch?v=_T0l8ZLG6JQ,thumbnails/박치열의코멘터리/_T0l8ZLG6JQ.jpg,,
YaD_wT74-Vo,박치열의 코멘터리,구축으로 인한 들창코 재수술 핵심은 '이것' #코성형 #들창코 #재수술,PT1M19S,79,duration,https://www.youtube.com/watch?v=YaD_wT74-Vo,thumbnails/박치열의코멘터리/YaD_wT74-Vo.jpg,,
oIfeZ6q31-s,머라클 MURACLE,대표님 찾으러 화장실까지 쫓아가는 MZ 직원 어떤데.,PT42S,42,duration,https://www.youtube.com/watch?v=oIfeZ6q31-s,thumbnails/머라클MURACLE/oIfeZ6q31-s.jpg,,
FkLb1iqAL8Y,머라클 MURACLE,배달음식 먹으면서 5kg 빼는법 2️⃣탄,PT59S,59,duration,https://www.youtube.com/watch?v=FkLb1iqAL8Y,thumbnails/머라클MURACLE/FkLb1iqAL8Y.jpg,,
l6kK-2f9Kp0,머라클 MURACLE,배달음식 먹으면서 5kg 빼는법 1️⃣탄,PT1M5S,65,duration,https://www.youtube.com/watch?v=l6kK-2f9Kp0,thumbnails/머라클MURACLE/l6kK-2f9Kp0.jpg,,
na72NP4q370,머라클 MURACLE,거짓말해서 죄송합니다.,PT1M3S,63,duration,https://www.youtube.com/watch?v=na72NP4q370,thumbnails/머라클MURACLE/na72NP4q370.jpg,,
JNFbgkRrL8M,무브나 Movena,다이어트 중 배신당함…. #고도비만다이어트 #다이어트레시피 #다이어트식단 #고도비만브이로그,PT1M1S,61,duration,https://www.youtube.com/watch?v=JNFbgkRrL8M,thumbnails/무브나Movena/JNFbgkRrL8M.jpg,,
hqLCLp2o0N0,무브나 Movena,초간단 다이어트 식단 청포묵사발 만들기 #고도비만다이어트 #체중감량 #다이어트식단 #고도비만브이로그,PT1M8S,68,duration,https://www.youtube.com/watch?v=hqLCLp2o0N0,thumbnails/무브나Movena/hqLCLp2o0N0.jpg,,
mUWMfwJ3dYA,헨티야 살빼야지,너 왜 거기 있어;;,PT16S,16,duration|keyword,https://www.youtube.com/watch?v=mUWMfwJ3dYA,thumbnails/헨티야살빼야지/mUWMfwJ3dYA.jpg,,
MpGLuKmJUQw,안녕하소 HASO,다이어트랑 점점 더 멀어지는 이유 #탄수화물중독,PT1M,60,duration,https://www.youtube.com/watch?v=MpGLuKmJUQw,thumbnails/안녕하소HASO/MpGLuKmJUQw.jpg,,
r4_PrN0LfYM,안녕하소 HASO,오바쟁이 친구랑 여행오면 생기는일,PT1M14S,74,duration,https://www.youtube.com/watch?v=r4_PrN0LfYM,thumbnails/안녕하소HASO/r4_PrN0LfYM.jpg,,
1kotLI1_T-M,안녕하소 HASO,남친이랑 있을때랑 찐친이랑 있을때 차이 #제주도펜션 #쿠지홀리데이 #협찬,PT54S,54,duration,https://www.youtube.com/watch?v=1kotLI1_T-M,thumbnails/안녕하소HASO/1kotLI1_T-M.jpg,,
s3sNHiuyQxU,안녕하소 HASO,"탄수화물이 미치도록 땡기는 날 먹은 것,,,",PT50S,50,duration,https://www.youtube.com/watch?v=s3sNHiuyQxU,thumbnails/안녕하소HASO/s3sNHiuyQxU.jpg,,
b5YByMo-dBQ,안녕하소 HASO,🎄크리스마스트리 케이크 만들기!,PT49S,49,duration,https://www.youtube.com/watch?v=b5YByMo-dBQ,thumbnails/안녕하소HASO/b5YByMo-dBQ.jpg,,
3GhsyGQ7_28,다이어터윤,-23kg what i eat 💭🍎💛 #다이어트브이로그 #다이어트레시피,PT28S,28,duration,https://www.youtube.com/watch?v=3GhsyGQ7_28,thumbnails/다이어터윤/3GhsyGQ7_28.jpg,,
IFMi-wrbvRw,다이어터윤,-23kg what i eat 💭🍙🤍#다이어트브이로그 #dietvlog,PT31S,31,duration,https://www.youtube.com/watch?v=IFMi-wrbvRw,thumbnails/다이어터윤/IFMi-wrbvRw.jpg,,
RVK3kESRlcA,다이어터윤,-23kg what i eat💭🥒😋#다이어트브이로그 #dietvlog,PT30S,30,duration,https://www.youtube.com/watch?v=RVK3kESRlcA,thumbnails/다이어터윤/RVK3kESRlcA.jpg,,
Bp20U3ayatg,닥터로미의 성형노트,성형외과 의사가 지인 수술을 거절한 이유,PT1M1S,61,duration,https://www.youtube.com/watch?v=Bp20U3ayatg,thumbnails/닥터로미의성형노트/Bp20U3ayatg.jpg,,
jfwKbg3xSXE,닥터로미의 성형노트,쌍꺼풀하고 눈이 더 작아진 사람,PT32S,32,duration,https://www.youtube.com/watch?v=jfwKbg3xSXE,thumbnails/닥터로미의성형노트/jfwKbg3xSXE.jpg,,
oMjPoqodprI,닥터로미의 성형노트,중3에게 이마거상은 과한게 아닐까?,PT51S,51,duration,https://www.youtube.com/watch?v=oMjPoqodprI,thumbnails/닥터로미의성형노트/oMjPoqodprI.jpg,,
utOKp5yNnco,비니BINEE,카즈하 복근운동 효과 대박… 일주일 후기 끯여왔음요. #카즈하운동 #복근운동,PT23S,23,duration,https://www.youtube.com/watch?v=utOKp5yNnco,thumbnails/비니BINEE/utOKp5yNnco.jpg,,
6AxxTsMy5zM,비니BINEE,하루만에 -1kg감량 성공😯..👍🏻 윤은혜 다이어트 이틀차 #다이어트 #연예인다이어트,PT1M12S,72,duration,https://www.youtube.com/watch?v=6AxxTsMy5zM,thumbnails/비니BINEE/6AxxTsMy5zM.jpg,,
bVYEe37ZqCY,비니BINEE,윤은혜 급찐급빠 다이어트 해보기. #다이어트 #급찐급빠 #diet,PT1M5S,65,duration,https://www.youtube.com/watch?v=bVYEe37ZqCY,thumbnails/비니BINEE/bVYEe37ZqCY.jpg,,
7aPvIiHfBec,닥터벨 DRBELL,운동했는데 체중이 늘었다면? 이거 때문입니다 🔍,PT1M9S,69,duration,https://www.youtube.com/watch?v=7aPvIiHfBec,thumbnails/닥터벨DRBELL/7aPvIiHfBec.jpg,,
us7A-KsXGZY,닥터벨 DRBELL,열심히 운동했는데 살이 늘었다? 진실 공개 💡,PT1M18S,78,duration,https://www.youtube.com/watch?v=us7A-KsXGZY,thumbnails/닥터벨DRBELL/us7A-KsXGZY.jpg,,
axque4BsA48,닥터벨 DRBELL,가장 싸고 가장 쉬운 다이어트 방법 💦,PT1M19S,79,duration,https://www.youtube.com/watch?v=axque4BsA48,thumbnails/닥터벨DRBELL/axque4BsA48.jpg,,
nYo0PYk7CeM,닥터벨 DRBELL,살이 덜 찌는 몸 만드는 비밀 (장 속 유익균) 💡,PT1M22S,82,duration,https://www.youtube.com/watch?v=nYo0PYk7CeM,thumbnails/닥터벨DRBELL/nYo0PYk7CeM.jpg,,
TC6U2DuKS7I,제이제이살롱드핏,버터떡 스포일러🍞🥖🥐 #제이제이살롱드핏,PT23S,23,duration,https://www.youtube.com/watch?v=TC6U2DuKS7I,thumbnails/제이제이살롱드핏/TC6U2DuKS7I.jpg,,
N0BtCFBv_B0,제이제이살롱드핏,상체점수 테스트 4단계🔥,PT44S,44,duration,https://www.youtube.com/watch?v=N0BtCFBv_B0,thumbnails/제이제이살롱드핏/N0BtCFBv_B0.jpg,,
7sw8DrV5sk4,제이제이살롱드핏,위고비 등장이후 망한다던 헬스업계의 반전?,PT1M29S,89,duration,https://www.youtube.com/watch?v=7sw8DrV5sk4,thumbnails/제이제이살롱드핏/7sw8DrV5sk4.jpg,,
-6FS6iHF0SE,키다리형,헬스장에서 절대 할 필요없는 운동,PT1M37S,97,duration,https://www.youtube.com/watch?v=-6FS6iHF0SE,thumbnails/키다리형/-6FS6iHF0SE.jpg,,
lkVe27Ja4Mw,FitBurst,🔸4 Simple Triceps Exercises | Dumbbell Routine You Can Do Anytime🔥 #gymtips #fitnesstips #fitness,PT58S,58,duration,https://www.youtube.com/watch?v=lkVe27Ja4Mw,thumbnails/FitBurst/lkVe27Ja4Mw.jpg,,
l-Tfs0AIQvs,FitBurst,🔸6 Easy Seated Shoulder Exercises  Dumbbell Routine for Full Delts #gymtips #shoulder #fitnesstips,PT1M,60,duration,https://www.youtube.com/watch?v=l-Tfs0AIQvs,thumbnails/FitBurst/l-Tfs0AIQvs.jpg,,
GRlDbPDlYVE,FitBurst,🔸5 Best Barbell Back Variations🔥 #gymtips #fitnesstips #fitnessshorts,PT1M,60,duration,https://www.youtube.com/watch?v=GRlDbPDlYVE,thumbnails/FitBurst/GRlDbPDlYVE.jpg,,
08jFpRaSSpo,FitBurst,🔸4 Best Barbell Chest Exercises | Grip Variations for Full Chest Development🔥 #chest #chestday,PT59S,59,duration,https://www.youtube.com/watch?v=08jFpRaSSpo,thumbnails/FitBurst/08jFpRaSSpo.jpg,,
h-peKxN65hg,고운,다시 찾아 온 공구있는 날 vlog,PT1M21S,81,duration,https://www.youtube.com/watch?v=h-peKxN65hg,thumbnails/고운/h-peKxN65hg.jpg,,
SDKa1sS4n-A,고운,소화력 바닥일 때 먹은 것들,PT1M5S,65,duration,https://www.youtube.com/watch?v=SDKa1sS4n-A,thumbnails/고운/SDKa1sS4n-A.jpg,,
6irHcT3biWI,고운,나랑 눈 마주쳤으면 여기 꼭 가보기 | 아무거나 먹는 다이어터 vlog,PT1M22S,82,duration,https://www.youtube.com/watch?v=6irHcT3biWI,thumbnails/고운/6irHcT3biWI.jpg,,
2g7kzsk52HM,요가강사김선아YOGA_SUNA,#요가강사 다이어트 성공 탄력 비결은⁉️ #트리폴라 #트리폴라포즈브이엑스 #요가 #디바이스 #뷰티디바이스,PT1M3S,63,duration,https://www.youtube.com/watch?v=2g7kzsk52HM,thumbnails/요가강사김선아YOGA_SUNA/2g7kzsk52HM.jpg,,
oPakqH1qa6g,요가강사김선아YOGA_SUNA,자기전 1분 골반통증 없애기!!🧘🏻‍♀️🎀 #스트레칭 #자기전스트레칭 #골반스트레칭 #요가강사 #요가,PT1M1S,61,duration,https://www.youtube.com/watch?v=oPakqH1qa6g,thumbnails/요가강사김선아YOGA_SUNA/oPakqH1qa6g.jpg,,
m6DaZ9-7KKg,요가강사김선아YOGA_SUNA,#요가강사 서비스직? #요가자격증 #요가지도자 #요가ttc #요가,PT28S,28,duration,https://www.youtube.com/watch?v=m6DaZ9-7KKg,thumbnails/요가강사김선아YOGA_SUNA/m6DaZ9-7KKg.jpg,,
SWgu8tzAP_A,요가강사김선아YOGA_SUNA,🪷 #요가자격증 #요가지도자 #요가ttc 주목🧘🏻‍♀️💗 #요가강사 #요가,PT22S,22,duration,https://www.youtube.com/watch?v=SWgu8tzAP_A,thumbnails/요가강사김선아YOGA_SUNA/SWgu8tzAP_A.jpg,,
f8Q3lVbNxBE,요가강사김선아YOGA_SUNA,#요가지도자 거리 중요해요! 증말🥺 #요기자격증 #요가 #요가ttc #요가강사 🪷,PT21S,21,duration,https://www.youtube.com/watch?v=f8Q3lVbNxBE,thumbnails/요가강사김선아YOGA_SUNA/f8Q3lVbNxBE.jpg,,
FkCV3Z6WFm0,디어다빈_영양사의 다이어트,여러분 제발 잠 좀 주무세요...,PT1M11S,71,duration,https://www.youtube.com/watch?v=FkCV3Z6WFm0,thumbnails/디어다빈_영양사의다이어트/FkCV3Z6WFm0.jpg,,
MSjC3w41byU,디어다빈_영양사의 다이어트,살 빠지는데 피부까지 좋아지는 초간단 아침 습관,PT1M20S,80,duration,https://www.youtube.com/watch?v=MSjC3w41byU,thumbnails/디어다빈_영양사의다이어트/MSjC3w41byU.jpg,,
RGwJ3dyrI0s,한입건강,스마일라식을 피해야 하는 경우는?,PT30S,30,duration,https://www.youtube.com/watch?v=RGwJ3dyrI0s,thumbnails/한입건강/RGwJ3dyrI0s.jpg,,
9sTC3aAK974,한입건강,내 눈은 스마일라식 받을 수 있는 눈일까?,PT46S,46,duration,https://www.youtube.com/watch?v=9sTC3aAK974,thumbnails/한입건강/9sTC3aAK974.jpg,,
8xl37Eu8ktQ,한입건강,잠이 안 올 때 술을 마시면 안되는 이유,PT53S,53,duration,https://www.youtube.com/watch?v=8xl37Eu8ktQ,thumbnails/한입건강/8xl37Eu8ktQ.jpg,,
YoADJmKuY9g,한입건강,잠을 못자는 상태 = 맹수에게 쫓기는 상황(?),PT28S,28,duration,https://www.youtube.com/watch?v=YoADJmKuY9g,thumbnails/한입건강/YoADJmKuY9g.jpg,,
V--PXC4x8lo,한입건강,8시간 수면의 배신? 연령에 따른 적정 수면시간은?,PT20S,20,duration,https://www.youtube.com/watch?v=V--PXC4x8lo,thumbnails/한입건강/V--PXC4x8lo.jpg,,
WnPyjyx9VOk,재활의학과탑팀,반지야 보조기야? 굽히면 저절로 펴지는 '마법의 문어반지(Octo-Flex)'의 정체!  #문어반지 #OctoFlex #탑팀재활 #박정욱원장 #메디컬쥬얼리 #백조목변형 #버튼홀변형,PT9M17S,557,keyword,https://www.youtube.com/watch?v=WnPyjyx9VOk,thumbnails/재활의학과탑팀/WnPyjyx9VOk.jpg,,
Gr80bEUaSE4,재활의학과탑팀,#낙도행전  고흥군 시산도 쇼츠영상  #탑팀재활의학과  #박정욱원장,PT1M8S,68,duration,https://www.youtube.com/watch?v=Gr80bEUaSE4,thumbnails/재활의학과탑팀/Gr80bEUaSE4.jpg,,
0Iokxc4zQfg,재활의학과탑팀,손가락 관절염 반지 주문방법 디지픽스 반지 #박정욱원장  #탑팀재활의학과 #관절염반지 #손가락관절염,PT1M7S,67,duration,https://www.youtube.com/watch?v=0Iokxc4zQfg,thumbnails/재활의학과탑팀/0Iokxc4zQfg.jpg,,
XZc0-N6Ejkw,재활의학과탑팀,손가락 관절염의 새 희망! 기능성 손가락 쥬얼리 DG-Fix ring 제품 라인 소개!! #박정욱원장 #탑팀재활의학과 #디지픽스,PT1M34S,94,duration,https://www.youtube.com/watch?v=XZc0-N6Ejkw,thumbnails/재활의학과탑팀/XZc0-N6Ejkw.jpg,,
YO4qomBG1fg,SOOD_Edward Park,교정 중이라면 이것만은!,PT1M10S,70,duration,https://www.youtube.com/watch?v=YO4qomBG1fg,thumbnails/SOOD_EdwardPark/YO4qomBG1fg.jpg,,
tBOk73_86ec,SOOD_Edward Park,철사가 찔려요?,PT41S,41,duration,https://www.youtube.com/watch?v=tBOk73_86ec,thumbnails/SOOD_EdwardPark/tBOk73_86ec.jpg,,
AO0WdduGiSg,SOOD_Edward Park,교정장치 왜 떨어져요?,PT37S,37,duration,https://www.youtube.com/watch?v=AO0WdduGiSg,thumbnails/SOOD_EdwardPark/AO0WdduGiSg.jpg,,
9Ml2pT3lOK8,건강 다다다 종근당건강 공식 유튜브,지속형 다이어트를 위한 필수템✨,PT1M13S,73,duration,https://www.youtube.com/watch?v=9Ml2pT3lOK8,thumbnails/건강다다다종근당건강공식유튜브/9Ml2pT3lOK8.jpg,,
hWp2fXM-fvw,건강 다다다 종근당건강 공식 유튜브,[요약편] 혈액순환 개선! 당신의 몸을 바꿔줄 6가지 음식 🍽️✨,PT51S,51,duration,https://www.youtube.com/watch?v=hWp2fXM-fvw,thumbnails/건강다다다종근당건강공식유튜브/hWp2fXM-fvw.jpg,,
og7mdLEtMP0,건강 다다다 종근당건강 공식 유튜브,혈액순환 개선! 당신의 몸을 바꿔줄 6가지 음식 🍽️✨,PT1M46S,106,duration,https://www.youtube.com/watch?v=og7mdLEtMP0,thumbnails/건강다다다종근당건강공식유튜브/og7mdLEtMP0.jpg,,
yTQQkJH2NYE,건강 다다다 종근당건강 공식 유튜브,겨울 되면 귤 당겨지시죠? 그건 몸이 비타민C를 원하는 신호예요!,PT1M26S,86,duration,https://www.youtube.com/watch?v=yTQQkJH2NYE,thumbnails/건강다다다종근당건강공식유튜브/yTQQkJH2NYE.jpg,,
nq6_e2Velv8,건강 다다다 종근당건강 공식 유튜브,"겨울마다 속 더부룩한 당신, 장에 무슨 일이? (이유 알려줌)",PT1M28S,88,duration,https://www.youtube.com/watch?v=nq6_e2Velv8,thumbnails/건강다다다종근당건강공식유튜브/nq6_e2Velv8.jpg,,
OX9of8r_j88,Hoo dance & fitness(후보티비),"부기바운스(Buggy Bounce)-햄부기(이수지) 이지댄스, 다이어트댄스 연습모드 /출처 참고영상: 유튜브 채널 썬데이 Dance Workout",PT2M39S,159,duration,https://www.youtube.com/watch?v=OX9of8r_j88,thumbnails/Hoodancefitness후보티비/OX9of8r_j88.jpg,,
B0pIauQyyck,대준수학 TV,마스터즈 대회 금메달의 대회전 웜업 영상,PT2M8S,128,duration,https://www.youtube.com/watch?v=B0pIauQyyck,thumbnails/대준수학TV/B0pIauQyyck.jpg,,
podiy-X6v5U,대준수학 TV,#수영 #대회 #마스터즈,PT1M4S,64,duration,https://www.youtube.com/watch?v=podiy-X6v5U,thumbnails/대준수학TV/podiy-X6v5U.jpg,,
Kkq0aXWs3h8,대준수학 TV,인천 수영모임인 도치스윔의 대관 훈련중에 나온 웃긴 영상입니다. #funny #웃긴영상 #수영장,PT26S,26,duration,https://www.youtube.com/watch?v=Kkq0aXWs3h8,thumbnails/대준수학TV/Kkq0aXWs3h8.jpg,,
8jq2SUMReA0,대준수학 TV,성심당 빵을 사다주는 친구 만날 때 꾸밈정도 #성심당 #빵 #샌드위치 #성심당샌드위치,PT19S,19,duration,https://www.youtube.com/watch?v=8jq2SUMReA0,thumbnails/대준수학TV/8jq2SUMReA0.jpg,,
X_Dw4K3cFUQ,대준수학 TV,오징어게임2에 나온 공기 놀이,PT25S,25,duration,https://www.youtube.com/watch?v=X_Dw4K3cFUQ,thumbnails/대준수학TV/X_Dw4K3cFUQ.jpg,,
1IUW1X5O0RM,따시기(Ddasigi),Pilates pre-race warm-up #필라테스 #pilates,PT17S,17,duration,https://www.youtube.com/watch?v=1IUW1X5O0RM,thumbnails/따시기Ddasigi/1IUW1X5O0RM.jpg,,
KS1AmJsD4BM,따시기(Ddasigi),outdoor yoga season spring #요가 #yoga #야외요가,PT27S,27,duration,https://www.youtube.com/watch?v=KS1AmJsD4BM,thumbnails/따시기Ddasigi/KS1AmJsD4BM.jpg,,
MVi9CtAt7Lo,따시기(Ddasigi),Backbend Workshop - Kyungseok Kim,PT1M3S,63,duration,https://www.youtube.com/watch?v=MVi9CtAt7Lo,thumbnails/따시기Ddasigi/MVi9CtAt7Lo.jpg,,
K5apGUr8pko,따시기(Ddasigi),"KYA, KYAT300  #요가 #yoga #요가지도자자격시험",PT52S,52,duration,https://www.youtube.com/watch?v=K5apGUr8pko,thumbnails/따시기Ddasigi/K5apGUr8pko.jpg,,
qVdDj5hNTfQ,임피티IMPT,"두툼한 팔뚝살 빼기는 어깨부터입니다, 이렇게만 하세요🔥",PT2M41S,161,duration,https://www.youtube.com/watch?v=qVdDj5hNTfQ,thumbnails/임피티IMPT/qVdDj5hNTfQ.jpg,,
rb92FloHmOU,임피티IMPT,"식후 30번, 배빵빵 혈당 잡는 최고의 운동",PT15S,15,duration,https://www.youtube.com/watch?v=rb92FloHmOU,thumbnails/임피티IMPT/rb92FloHmOU.jpg,,
1j7DkIwNSis,임피티IMPT,"걷기 대신 90초, 볼록한 중년 뱃살 싹 빠집니다",PT1M31S,91,duration,https://www.youtube.com/watch?v=1j7DkIwNSis,thumbnails/임피티IMPT/1j7DkIwNSis.jpg,,
n4FViqkPBc8,임피티IMPT,"운동하기 싫은 날, 딱 3분만 빵빵 뱃살 혈당 태우세요",PT2M58S,178,duration,https://www.youtube.com/watch?v=n4FViqkPBc8,thumbnails/임피티IMPT/n4FViqkPBc8.jpg,,
z7f0n6ci-eA,비타민신지니 VitaminJINY,붓기 스트레스 받으면 필수시청ㅠㅠㅠ,PT25S,25,duration,https://www.youtube.com/watch?v=z7f0n6ci-eA,thumbnails/비타민신지니VitaminJINY/z7f0n6ci-eA.jpg,,
adjSLe_2gNY,비타민신지니 VitaminJINY,목 짧고 말린어깨 필수시청,PT26S,26,duration,https://www.youtube.com/watch?v=adjSLe_2gNY,thumbnails/비타민신지니VitaminJINY/adjSLe_2gNY.jpg,,
EtMkh61F3UI,비타민신지니 VitaminJINY,유산균 효과 없으면 ‘이 1가지’ 꼭 체크해보세요.,PT1M2S,62,duration,https://www.youtube.com/watch?v=EtMkh61F3UI,thumbnails/비타민신지니VitaminJINY/EtMkh61F3UI.jpg,,
5K6houNn6LU,비타민신지니 VitaminJINY,유산균 광고에 속지 않고 좋은 유산균 고르는 법.,PT58S,58,duration,https://www.youtube.com/watch?v=5K6houNn6LU,thumbnails/비타민신지니VitaminJINY/5K6houNn6LU.jpg,,
L2iCLoUfTP4,비타민신지니 VitaminJINY,얼굴이 2배 작아보이는 ‘기적의 쇄골 마사지’,PT54S,54,duration,https://www.youtube.com/watch?v=L2iCLoUfTP4,thumbnails/비타민신지니VitaminJINY/L2iCLoUfTP4.jpg,,
bCJF6gSvGHc,김아랑 Alang Kim,밀라노에서 Creator Collective 초대받아 다녀왔어요 ✨ #YouTubeCreatorCollective @YouTube @youtubecreators,PT14S,14,duration,https://www.youtube.com/watch?v=bCJF6gSvGHc,thumbnails/김아랑AlangKim/bCJF6gSvGHc.jpg,,
Uf9uhZaTyd0,김소형채널H,암이 걱정된다면 이것만큼은 꼭 끊으세요! #암 #혈관신생,PT2M59S,179,duration,https://www.youtube.com/watch?v=Uf9uhZaTyd0,thumbnails/김소형채널H/Uf9uhZaTyd0.jpg,,
Udlf0-QQ9tM,김소형채널H,소화가 안되고 명치가 꽉 막히고 항상 더부룩한 분들은 여기를 살살 만져주세요! #소화불량 #위장건강 #건강정보,PT2M50S,170,duration,https://www.youtube.com/watch?v=Udlf0-QQ9tM,thumbnails/김소형채널H/Udlf0-QQ9tM.jpg,,
8rZ2wU3bCS4,김소형채널H,긴장해서 가슴이 마구 두근거린다면? 불안 초조해서 심장이 날뛸때 여기를 지그시 눌러주세요! #불안 #초조 #긴장완화,PT2M10S,130,duration,https://www.youtube.com/watch?v=8rZ2wU3bCS4,thumbnails/김소형채널H/8rZ2wU3bCS4.jpg,,
Eck1MPYLa2M,루이빈치과 류지헌,"근육 빠질때 비싼 소고기 대신 '이걸' 드세요. 60살 이후 몸에 힘 없고 잠못잘때, 찬 몸을 따뜻하게 해주는 기력회복 음식",PT1M27S,87,duration,https://www.youtube.com/watch?v=Eck1MPYLa2M,thumbnails/루이빈치과류지헌/Eck1MPYLa2M.jpg,,
1ALQrc2NniM,루이빈치과 류지헌,"치매 부르는 '이 약' 왜 못끊으세요? 고지혈증 스타틴 부작용, 당뇨에 전신 근육통·기억력 감퇴...뇌졸중·심장마비 예방,재발 방지 보장 못합니다",PT1M46S,106,duration,https://www.youtube.com/watch?v=1ALQrc2NniM,thumbnails/루이빈치과류지헌/1ALQrc2NniM.jpg,,
c53HZWMMvJ4,루이빈치과 류지헌,"""갑상선·골다공증, 옥수수에 속았습니다"" (혈당 오메가 6 주의) 당뇨·비만은 물론 뼈에 좋은 칼슘 흡수 방해해서 뼈가 더 약해지고, 식이섬유 많아서 소화불량도 옵니다",PT1M2S,62,duration,https://www.youtube.com/watch?v=c53HZWMMvJ4,thumbnails/루이빈치과류지헌/c53HZWMMvJ4.jpg,,
rG9d61-5JDQ,루이빈치과 류지헌,"너무 사소해서 안믿는 뇌졸중 전조증상 ""다리가 풀립니다. 팔다리에 힘 빠지고, 구름위 걷는 느낌"" 뇌경색•뇌출혈 예방, 후유증 막는 필살기 생존 전략",PT1M27S,87,duration,https://www.youtube.com/watch?v=rG9d61-5JDQ,thumbnails/루이빈치과류지헌/rG9d61-5JDQ.jpg,,
N18OwEYChQY,무조건당신편,"노년 바나나의 반전 당뇨 있는데 먹어도 될까? 바나나, 그냥 과일 아니다 노년건강 지키는 단 한가지의 습관 #건강정보 #건강지식",PT54S,54,duration,https://www.youtube.com/watch?v=N18OwEYChQY,thumbnails/무조건당신편/N18OwEYChQY.jpg,,
wHNvWBIhbh8,무조건당신편,"아침마다 화장실 힘들다면 화장실 신호, 위에서 시작 노년건강 지키는 단 한가지의 습관 #건강정보 #건강지식",PT41S,41,duration,https://www.youtube.com/watch?v=wHNvWBIhbh8,thumbnails/무조건당신편/wHNvWBIhbh8.jpg,,
GaX6B9TdsJU,이상대 중년 홈트 - 45세 이상 초간단 운동,45세 이후 걷기보다 좋은 1분 운동,PT36S,36,duration,https://www.youtube.com/watch?v=GaX6B9TdsJU,thumbnails/이상대중년홈트-45세이상초간단운동/GaX6B9TdsJU.jpg,,
XxnEtadvUDI,이상대 중년 홈트 - 45세 이상 초간단 운동,집에서 30년 젊어지는 1분 운동,PT29S,29,duration,https://www.youtube.com/watch?v=XxnEtadvUDI,thumbnails/이상대중년홈트-45세이상초간단운동/XxnEtadvUDI.jpg,,
4d3Xrl1embs,이상대 중년 홈트 - 45세 이상 초간단 운동,45세 이후 '이것' 안하면 관절 망가집니다,PT34S,34,duration,https://www.youtube.com/watch?v=4d3Xrl1embs,thumbnails/이상대중년홈트-45세이상초간단운동/4d3Xrl1embs.jpg,,
N-wHchl4Yy4,이상대 중년 홈트 - 45세 이상 초간단 운동,뱃살 싹 빼고 근육 노화 막는 1분 운동,PT45S,45,duration,https://www.youtube.com/watch?v=N-wHchl4Yy4,thumbnails/이상대중년홈트-45세이상초간단운동/N-wHchl4Yy4.jpg,,
jGu9Mlszg3g,이동욱의 백세건강 TV,"올리브유 들기름 약 일까요? 독일까요? 먹어라 마라 논란, 오늘 한번에 정리합니다 #올리브유 #들기름 #기름먹는법",PT58S,58,duration,https://www.youtube.com/watch?v=jGu9Mlszg3g,thumbnails/이동욱의백세건강TV/jGu9Mlszg3g.jpg,,
_PPUljZqao0,이동욱의 백세건강 TV,"올리브유 들기름 퍼먹지 마세요. 먹어라 마라 논란, 오늘 한번에 정리합니다 #올리브유 #들기름 #기름먹는법",PT1M20S,80,duration,https://www.youtube.com/watch?v=_PPUljZqao0,thumbnails/이동욱의백세건강TV/_PPUljZqao0.jpg,,
FyP-CwKJYHU,이동욱의 백세건강 TV,"""뱃살이 너무 잘빠져요"" 당근 먹는 법 바꿨더니 벌어지는 놀라운 일 #당근 #뱃살 #당근효능 #뱃살빼는법 #내장지방 #당근먹는법 #베타카로틴 #당근초무침 #당근볶음 #당근죽",PT1M21S,81,duration,https://www.youtube.com/watch?v=FyP-CwKJYHU,thumbnails/이동욱의백세건강TV/FyP-CwKJYHU.jpg,,
P6pw24Zj6DM,시니어시니어!,비행 5시간인데 이런 곳이? 코타키나발루 핵심 총정리 #shorts,PT29S,29,duration|keyword,https://www.youtube.com/watch?v=P6pw24Zj6DM,thumbnails/시니어시니어/P6pw24Zj6DM.jpg,,
rEjxV16SEck,시니어시니어!,"60대 봄 여행, 여기 5곳만 가세요 #shorts",PT35S,35,duration|keyword,https://www.youtube.com/watch?v=rEjxV16SEck,thumbnails/시니어시니어/rEjxV16SEck.jpg,,
MFNvLD4UU_E,시니어시니어!,100만원으로 해외여행 5곳 가능합니다 #shorts,PT32S,32,duration|keyword,https://www.youtube.com/watch?v=MFNvLD4UU_E,thumbnails/시니어시니어/MFNvLD4UU_E.jpg,,
ch5tdiYH4_Q,건강지식TV,바나나를 매일 먹으면 사라지는 질병 5가지 #건강정보 #건강 #바나바 #건강음식 #다이어트,PT1M6S,66,duration|keyword,https://www.youtube.com/watch?v=ch5tdiYH4_Q,thumbnails/건강지식TV/ch5tdiYH4_Q.jpg,,
